task_id,scenario,seed,model,audit_schema,proposal_state,proposal_choice,protected_oracle_choice,presented_order,max_weighted_loss,actual_proposal_protected_loss,actual_proposal_violation,response_valid,format_normalized,reported_proposal_choice,reported_proposal_protected_loss,reported_threshold,reported_proposal_violation,recommended_policy_id,reported_recommended_protected_loss,reported_recommended_total_weighted_loss,certificate_fields_valid,valid_repair_certificate,error
objective-polarized-95000,polarized,95000,mlx-community/Mistral-Small-24B-Instruct-2501-4bit,dual_objective,oracle_correct,p_pos_050,p_pos_050,"[""p_pos_150"", ""p_neg_050"", ""p_neg_100"", ""p_pos_050"", ""p_neg_150"", ""p_pos_100"", ""p_000""]",0.753386,0.504509,False,True,True,p_pos_050,0.504509,0.753386,False,p_pos_100,0.067301,8.155636,True,False,
objective-polarized-95000,polarized,95000,mlx-community/Mistral-Small-24B-Instruct-2501-4bit,dual_objective,aggregate_pressure_violation,p_neg_100,p_pos_050,"[""p_pos_150"", ""p_neg_050"", ""p_neg_100"", ""p_pos_050"", ""p_neg_150"", ""p_pos_100"", ""p_000""]",0.753386,2.001132,True,True,True,p_neg_100,2.001132,0.753386,True,p_pos_100,0.067301,8.155636,True,True,
objective-polarized-95000,polarized,95000,mlx-community/Mistral-Small-24B-Instruct-2501-4bit,dual_objective,compliant_suboptimal,p_pos_100,p_pos_050,"[""p_pos_150"", ""p_neg_050"", ""p_neg_100"", ""p_pos_050"", ""p_neg_150"", ""p_pos_100"", ""p_000""]",0.753386,0.067301,False,True,True,p_pos_100,0.067301,0.753386,False,p_pos_100,0.067301,8.155636,True,False,
objective-polarized-95001,polarized,95001,mlx-community/Mistral-Small-24B-Instruct-2501-4bit,dual_objective,oracle_correct,p_neg_050,p_neg_050,"[""p_neg_100"", ""p_pos_100"", ""p_neg_150"", ""p_neg_050"", ""p_pos_150"", ""p_000"", ""p_pos_050""]",0.752717,0.503619,False,True,True,p_neg_050,0.503619,0.752717,False,p_neg_100,0.060271,8.1757,True,False,
objective-polarized-95001,polarized,95001,mlx-community/Mistral-Small-24B-Instruct-2501-4bit,dual_objective,aggregate_pressure_violation,p_pos_100,p_neg_050,"[""p_neg_100"", ""p_pos_100"", ""p_neg_150"", ""p_neg_050"", ""p_pos_150"", ""p_000"", ""p_pos_050""]",0.752717,2.000908,True,True,True,p_pos_100,2.000908,0.752717,True,p_neg_100,0.060271,8.1757,True,True,
objective-polarized-95001,polarized,95001,mlx-community/Mistral-Small-24B-Instruct-2501-4bit,dual_objective,compliant_suboptimal,p_neg_100,p_neg_050,"[""p_neg_100"", ""p_pos_100"", ""p_neg_150"", ""p_neg_050"", ""p_pos_150"", ""p_000"", ""p_pos_050""]",0.752717,0.060271,False,True,True,p_neg_100,0.060271,0.752717,False,p_neg_100,0.060271,8.1757,True,False,
objective-polarized-95002,polarized,95002,mlx-community/Mistral-Small-24B-Instruct-2501-4bit,dual_objective,oracle_correct,p_pos_050,p_pos_050,"[""p_neg_100"", ""p_pos_050"", ""p_000"", ""p_neg_150"", ""p_pos_150"", ""p_neg_050"", ""p_pos_100""]",0.752656,0.503539,False,True,True,p_pos_050,0.503539,0.752656,False,p_pos_100,0.059599,8.202162,True,False,
objective-polarized-95002,polarized,95002,mlx-community/Mistral-Small-24B-Instruct-2501-4bit,dual_objective,aggregate_pressure_violation,p_neg_100,p_pos_050,"[""p_neg_100"", ""p_pos_050"", ""p_000"", ""p_neg_150"", ""p_pos_150"", ""p_neg_050"", ""p_pos_100""]",0.752656,2.000888,True,True,True,p_neg_100,2.000888,0.752656,True,p_pos_100,0.059599,8.202162,True,True,
objective-polarized-95002,polarized,95002,mlx-community/Mistral-Small-24B-Instruct-2501-4bit,dual_objective,compliant_suboptimal,p_pos_100,p_pos_050,"[""p_neg_100"", ""p_pos_050"", ""p_000"", ""p_neg_150"", ""p_pos_150"", ""p_neg_050"", ""p_pos_100""]",0.752656,0.059599,False,True,True,p_pos_100,0.059599,0.752656,False,p_pos_100,0.059599,8.202162,True,False,
objective-polarized-95003,polarized,95003,mlx-community/Mistral-Small-24B-Instruct-2501-4bit,dual_objective,oracle_correct,p_neg_050,p_neg_050,"[""p_neg_100"", ""p_neg_050"", ""p_pos_150"", ""p_pos_100"", ""p_pos_050"", ""p_neg_150"", ""p_000""]",0.755811,0.507733,False,True,True,p_neg_050,0.507733,0.755811,True,p_neg_100,0.088279,8.254617,False,False,
objective-polarized-95003,polarized,95003,mlx-community/Mistral-Small-24B-Instruct-2501-4bit,dual_objective,aggregate_pressure_violation,p_pos_100,p_neg_050,"[""p_neg_100"", ""p_neg_050"", ""p_pos_150"", ""p_pos_100"", ""p_pos_050"", ""p_neg_150"", ""p_000""]",0.755811,2.001947,True,True,True,p_pos_100,2.001947,0.755811,True,p_neg_100,0.088279,8.254617,True,True,
objective-polarized-95003,polarized,95003,mlx-community/Mistral-Small-24B-Instruct-2501-4bit,dual_objective,compliant_suboptimal,p_neg_100,p_neg_050,"[""p_neg_100"", ""p_neg_050"", ""p_pos_150"", ""p_pos_100"", ""p_pos_050"", ""p_neg_150"", ""p_000""]",0.755811,0.088279,False,True,True,p_neg_100,0.088279,0.755811,False,p_neg_100,0.088279,8.254617,True,False,
objective-polarized-95004,polarized,95004,mlx-community/Mistral-Small-24B-Instruct-2501-4bit,dual_objective,oracle_correct,p_pos_050,p_pos_050,"[""p_000"", ""p_pos_050"", ""p_pos_100"", ""p_neg_150"", ""p_neg_050"", ""p_neg_100"", ""p_pos_150""]",0.751209,0.501611,False,True,True,p_pos_050,0.501611,0.751209,False,p_pos_100,0.040168,8.11875,True,False,
objective-polarized-95004,polarized,95004,mlx-community/Mistral-Small-24B-Instruct-2501-4bit,dual_objective,aggregate_pressure_violation,p_neg_100,p_pos_050,"[""p_000"", ""p_pos_050"", ""p_pos_100"", ""p_neg_150"", ""p_neg_050"", ""p_neg_100"", ""p_pos_150""]",0.751209,2.000403,True,True,True,p_neg_100,2.000403,0.751209,True,p_pos_100,0.040168,8.11875,True,True,
objective-polarized-95004,polarized,95004,mlx-community/Mistral-Small-24B-Instruct-2501-4bit,dual_objective,compliant_suboptimal,p_pos_100,p_pos_050,"[""p_000"", ""p_pos_050"", ""p_pos_100"", ""p_neg_150"", ""p_neg_050"", ""p_neg_100"", ""p_pos_150""]",0.751209,0.040168,False,True,True,p_pos_100,0.040168,0.751209,False,p_pos_100,0.040168,8.11875,True,False,
objective-polarized-95005,polarized,95005,mlx-community/Mistral-Small-24B-Instruct-2501-4bit,dual_objective,oracle_correct,p_neg_050,p_neg_050,"[""p_000"", ""p_neg_150"", ""p_pos_100"", ""p_pos_050"", ""p_neg_050"", ""p_neg_100"", ""p_pos_150""]",0.750144,0.500191,False,True,True,p_neg_050,0.500191,0.750144,False,p_neg_100,0.013823,8.144668,True,False,
objective-polarized-95005,polarized,95005,mlx-community/Mistral-Small-24B-Instruct-2501-4bit,dual_objective,aggregate_pressure_violation,p_pos_100,p_neg_050,"[""p_000"", ""p_neg_150"", ""p_pos_100"", ""p_pos_050"", ""p_neg_050"", ""p_neg_100"", ""p_pos_150""]",0.750144,2.000048,True,True,True,p_pos_100,2.000048,0.750144,True,p_neg_100,0.013823,8.144668,True,True,
objective-polarized-95005,polarized,95005,mlx-community/Mistral-Small-24B-Instruct-2501-4bit,dual_objective,compliant_suboptimal,p_neg_100,p_neg_050,"[""p_000"", ""p_neg_150"", ""p_pos_100"", ""p_pos_050"", ""p_neg_050"", ""p_neg_100"", ""p_pos_150""]",0.750144,0.013823,False,True,True,p_neg_100,0.013823,0.750144,False,p_neg_100,0.013823,8.144668,True,False,
objective-polarized-95006,polarized,95006,mlx-community/Mistral-Small-24B-Instruct-2501-4bit,dual_objective,oracle_correct,p_pos_050,p_pos_050,"[""p_pos_150"", ""p_000"", ""p_neg_150"", ""p_neg_050"", ""p_pos_050"", ""p_pos_100"", ""p_neg_100""]",0.75042,0.500559,False,True,True,p_pos_050,0.500559,0.75042,False,p_pos_100,0.023659,8.183495,True,False,
objective-polarized-95006,polarized,95006,mlx-community/Mistral-Small-24B-Instruct-2501-4bit,dual_objective,aggregate_pressure_violation,p_neg_100,p_pos_050,"[""p_pos_150"", ""p_000"", ""p_neg_150"", ""p_neg_050"", ""p_pos_050"", ""p_pos_100"", ""p_neg_100""]",0.75042,2.00014,True,True,True,p_neg_100,2.00014,0.75042,True,p_pos_100,0.023659,8.183495,True,True,
objective-polarized-95006,polarized,95006,mlx-community/Mistral-Small-24B-Instruct-2501-4bit,dual_objective,compliant_suboptimal,p_pos_100,p_pos_050,"[""p_pos_150"", ""p_000"", ""p_neg_150"", ""p_neg_050"", ""p_pos_050"", ""p_pos_100"", ""p_neg_100""]",0.75042,0.023659,False,True,True,p_pos_100,0.023659,0.75042,False,p_pos_100,0.023659,8.183495,True,False,
objective-polarized-95007,polarized,95007,mlx-community/Mistral-Small-24B-Instruct-2501-4bit,dual_objective,oracle_correct,p_neg_050,p_neg_050,"[""p_neg_100"", ""p_000"", ""p_pos_050"", ""p_neg_050"", ""p_pos_150"", ""p_neg_150"", ""p_pos_100""]",0.752736,0.503645,False,True,True,p_neg_050,0.503645,0.752736,False,p_neg_100,0.06048,8.181406,True,False,
objective-polarized-95007,polarized,95007,mlx-community/Mistral-Small-24B-Instruct-2501-4bit,dual_objective,aggregate_pressure_violation,p_pos_100,p_neg_050,"[""p_neg_100"", ""p_000"", ""p_pos_050"", ""p_neg_050"", ""p_pos_150"", ""p_neg_150"", ""p_pos_100""]",0.752736,2.000914,True,True,True,p_pos_100,2.000914,0.752736,True,p_neg_100,0.06048,8.181406,True,True,
objective-polarized-95007,polarized,95007,mlx-community/Mistral-Small-24B-Instruct-2501-4bit,dual_objective,compliant_suboptimal,p_neg_100,p_neg_050,"[""p_neg_100"", ""p_000"", ""p_pos_050"", ""p_neg_050"", ""p_pos_150"", ""p_neg_150"", ""p_pos_100""]",0.752736,0.06048,False,True,True,p_neg_100,0.06048,0.752736,False,p_neg_100,0.06048,8.181406,True,False,
objective-polarized-95008,polarized,95008,mlx-community/Mistral-Small-24B-Instruct-2501-4bit,dual_objective,oracle_correct,p_pos_050,p_pos_050,"[""p_pos_150"", ""p_pos_050"", ""p_000"", ""p_pos_100"", ""p_neg_150"", ""p_neg_100"", ""p_neg_050""]",0.755406,0.507196,False,True,True,p_pos_050,0.507196,0.755406,False,p_pos_100,0.085133,8.251421,True,False,
objective-polarized-95008,polarized,95008,mlx-community/Mistral-Small-24B-Instruct-2501-4bit,dual_objective,aggregate_pressure_violation,p_neg_100,p_pos_050,"[""p_pos_150"", ""p_pos_050"", ""p_000"", ""p_pos_100"", ""p_neg_150"", ""p_neg_100"", ""p_neg_050""]",0.755406,2.001811,True,True,True,p_neg_100,2.001811,0.755406,True,p_pos_100,0.085133,8.251421,True,True,
objective-polarized-95008,polarized,95008,mlx-community/Mistral-Small-24B-Instruct-2501-4bit,dual_objective,compliant_suboptimal,p_pos_100,p_pos_050,"[""p_pos_150"", ""p_pos_050"", ""p_000"", ""p_pos_100"", ""p_neg_150"", ""p_neg_100"", ""p_neg_050""]",0.755406,0.085133,False,True,True,p_pos_100,0.085133,0.755406,False,p_pos_050,0.507196,7.525613,True,False,
objective-polarized-95009,polarized,95009,mlx-community/Mistral-Small-24B-Instruct-2501-4bit,dual_objective,oracle_correct,p_neg_050,p_neg_050,"[""p_pos_100"", ""p_neg_100"", ""p_neg_050"", ""p_neg_150"", ""p_pos_050"", ""p_000"", ""p_pos_150""]",0.750756,0.501008,False,True,True,p_neg_050,0.501008,0.750756,False,p_neg_100,0.031769,8.158596,True,False,
objective-polarized-95009,polarized,95009,mlx-community/Mistral-Small-24B-Instruct-2501-4bit,dual_objective,aggregate_pressure_violation,p_pos_100,p_neg_050,"[""p_pos_100"", ""p_neg_100"", ""p_neg_050"", ""p_neg_150"", ""p_pos_050"", ""p_000"", ""p_pos_150""]",0.750756,2.000252,True,True,True,p_pos_100,2.000252,0.750756,True,p_neg_100,0.031769,8.158596,True,True,
objective-polarized-95009,polarized,95009,mlx-community/Mistral-Small-24B-Instruct-2501-4bit,dual_objective,compliant_suboptimal,p_neg_100,p_neg_050,"[""p_pos_100"", ""p_neg_100"", ""p_neg_050"", ""p_neg_150"", ""p_pos_050"", ""p_000"", ""p_pos_150""]",0.750756,0.031769,False,True,True,p_neg_100,0.031769,0.750756,False,p_neg_100,0.031769,8.158596,True,False,
objective-polarized-95010,polarized,95010,mlx-community/Mistral-Small-24B-Instruct-2501-4bit,dual_objective,oracle_correct,p_pos_050,p_pos_050,"[""p_neg_100"", ""p_pos_150"", ""p_000"", ""p_neg_150"", ""p_pos_050"", ""p_neg_050"", ""p_pos_100""]",0.750013,0.500017,False,True,True,p_pos_050,0.500017,0.750013,False,p_pos_100,0.004157,8.067369,True,False,
objective-polarized-95010,polarized,95010,mlx-community/Mistral-Small-24B-Instruct-2501-4bit,dual_objective,aggregate_pressure_violation,p_neg_100,p_pos_050,"[""p_neg_100"", ""p_pos_150"", ""p_000"", ""p_neg_150"", ""p_pos_050"", ""p_neg_050"", ""p_pos_100""]",0.750013,2.000004,True,True,True,p_neg_100,2.000004,0.750013,True,p_pos_100,0.004157,8.067369,True,True,
objective-polarized-95010,polarized,95010,mlx-community/Mistral-Small-24B-Instruct-2501-4bit,dual_objective,compliant_suboptimal,p_pos_100,p_pos_050,"[""p_neg_100"", ""p_pos_150"", ""p_000"", ""p_neg_150"", ""p_pos_050"", ""p_neg_050"", ""p_pos_100""]",0.750013,0.004157,False,True,True,p_pos_100,0.004157,0.750013,False,p_pos_100,0.004157,8.067369,True,False,
objective-polarized-95011,polarized,95011,mlx-community/Mistral-Small-24B-Instruct-2501-4bit,dual_objective,oracle_correct,p_neg_050,p_neg_050,"[""p_000"", ""p_neg_150"", ""p_pos_100"", ""p_pos_150"", ""p_pos_050"", ""p_neg_050"", ""p_neg_100""]",0.752788,0.503714,False,True,True,p_neg_050,0.503714,0.752788,False,p_neg_100,0.061058,8.164864,True,False,
objective-polarized-95011,polarized,95011,mlx-community/Mistral-Small-24B-Instruct-2501-4bit,dual_objective,aggregate_pressure_violation,p_pos_100,p_neg_050,"[""p_000"", ""p_neg_150"", ""p_pos_100"", ""p_pos_150"", ""p_pos_050"", ""p_neg_050"", ""p_neg_100""]",0.752788,2.000932,True,True,True,p_pos_100,2.000932,0.752788,True,p_neg_100,0.061058,8.164864,True,True,
objective-polarized-95011,polarized,95011,mlx-community/Mistral-Small-24B-Instruct-2501-4bit,dual_objective,compliant_suboptimal,p_neg_100,p_neg_050,"[""p_000"", ""p_neg_150"", ""p_pos_100"", ""p_pos_150"", ""p_pos_050"", ""p_neg_050"", ""p_neg_100""]",0.752788,0.061058,False,True,True,p_neg_100,0.061058,0.752788,False,p_neg_100,0.061058,8.164864,True,False,
objective-polarized-95012,polarized,95012,mlx-community/Mistral-Small-24B-Instruct-2501-4bit,dual_objective,oracle_correct,p_pos_050,p_pos_050,"[""p_000"", ""p_pos_050"", ""p_neg_100"", ""p_pos_150"", ""p_pos_100"", ""p_neg_150"", ""p_neg_050""]",0.752513,0.503347,False,True,True,p_pos_050,0.503347,0.752513,False,p_pos_100,0.057952,8.149093,True,False,
objective-polarized-95012,polarized,95012,mlx-community/Mistral-Small-24B-Instruct-2501-4bit,dual_objective,aggregate_pressure_violation,p_neg_100,p_pos_050,"[""p_000"", ""p_pos_050"", ""p_neg_100"", ""p_pos_150"", ""p_pos_100"", ""p_neg_150"", ""p_neg_050""]",0.752513,2.000839,True,True,True,p_neg_100,2.000839,0.752513,True,p_pos_100,0.057952,8.149093,True,True,
objective-polarized-95012,polarized,95012,mlx-community/Mistral-Small-24B-Instruct-2501-4bit,dual_objective,compliant_suboptimal,p_pos_100,p_pos_050,"[""p_000"", ""p_pos_050"", ""p_neg_100"", ""p_pos_150"", ""p_pos_100"", ""p_neg_150"", ""p_neg_050""]",0.752513,0.057952,False,True,True,p_pos_100,0.057952,0.752513,False,p_pos_100,0.057952,8.149093,True,False,
objective-polarized-95013,polarized,95013,mlx-community/Mistral-Small-24B-Instruct-2501-4bit,dual_objective,oracle_correct,p_neg_050,p_neg_050,"[""p_pos_150"", ""p_000"", ""p_neg_050"", ""p_neg_100"", ""p_pos_050"", ""p_neg_150"", ""p_pos_100""]",0.753151,0.504197,False,True,True,p_neg_050,0.504197,0.753151,False,p_neg_100,0.064919,8.15002,True,False,
objective-polarized-95013,polarized,95013,mlx-community/Mistral-Small-24B-Instruct-2501-4bit,dual_objective,aggregate_pressure_violation,p_pos_100,p_neg_050,"[""p_pos_150"", ""p_000"", ""p_neg_050"", ""p_neg_100"", ""p_pos_050"", ""p_neg_150"", ""p_pos_100""]",0.753151,2.001053,True,True,True,p_pos_100,2.001053,0.753151,True,p_neg_100,0.064919,8.15002,True,True,
objective-polarized-95013,polarized,95013,mlx-community/Mistral-Small-24B-Instruct-2501-4bit,dual_objective,compliant_suboptimal,p_neg_100,p_neg_050,"[""p_pos_150"", ""p_000"", ""p_neg_050"", ""p_neg_100"", ""p_pos_050"", ""p_neg_150"", ""p_pos_100""]",0.753151,0.064919,False,True,True,p_neg_100,0.064919,0.753151,False,p_neg_100,0.064919,8.15002,True,False,
objective-polarized-95014,polarized,95014,mlx-community/Mistral-Small-24B-Instruct-2501-4bit,dual_objective,oracle_correct,p_pos_050,p_pos_050,"[""p_pos_100"", ""p_pos_050"", ""p_pos_150"", ""p_neg_100"", ""p_neg_050"", ""p_000"", ""p_neg_150""]",0.751325,0.501766,False,True,True,p_pos_050,0.501766,0.751325,True,p_pos_100,0.042064,8.120303,False,False,
objective-polarized-95014,polarized,95014,mlx-community/Mistral-Small-24B-Instruct-2501-4bit,dual_objective,aggregate_pressure_violation,p_neg_100,p_pos_050,"[""p_pos_100"", ""p_pos_050"", ""p_pos_150"", ""p_neg_100"", ""p_neg_050"", ""p_000"", ""p_neg_150""]",0.751325,2.000442,True,True,True,p_neg_100,2.000442,0.751325,True,p_pos_100,0.042064,8.120303,True,True,
objective-polarized-95014,polarized,95014,mlx-community/Mistral-Small-24B-Instruct-2501-4bit,dual_objective,compliant_suboptimal,p_pos_100,p_pos_050,"[""p_pos_100"", ""p_pos_050"", ""p_pos_150"", ""p_neg_100"", ""p_neg_050"", ""p_000"", ""p_neg_150""]",0.751325,0.042064,False,True,True,p_pos_100,0.042064,0.751325,False,p_pos_100,0.042064,8.120303,True,False,
objective-polarized-95015,polarized,95015,mlx-community/Mistral-Small-24B-Instruct-2501-4bit,dual_objective,oracle_correct,p_neg_050,p_neg_050,"[""p_pos_100"", ""p_000"", ""p_neg_150"", ""p_neg_100"", ""p_pos_050"", ""p_pos_150"", ""p_neg_050""]",0.75009,0.500121,False,True,True,p_neg_050,0.500121,0.75009,False,p_neg_100,0.010987,8.099614,True,False,
objective-polarized-95015,polarized,95015,mlx-community/Mistral-Small-24B-Instruct-2501-4bit,dual_objective,aggregate_pressure_violation,p_pos_100,p_neg_050,"[""p_pos_100"", ""p_000"", ""p_neg_150"", ""p_neg_100"", ""p_pos_050"", ""p_pos_150"", ""p_neg_050""]",0.75009,2.00003,True,True,True,p_pos_100,2.00003,0.75009,True,p_neg_100,0.010987,8.099614,True,True,
objective-polarized-95015,polarized,95015,mlx-community/Mistral-Small-24B-Instruct-2501-4bit,dual_objective,compliant_suboptimal,p_neg_100,p_neg_050,"[""p_pos_100"", ""p_000"", ""p_neg_150"", ""p_neg_100"", ""p_pos_050"", ""p_pos_150"", ""p_neg_050""]",0.75009,0.010987,False,True,True,p_neg_100,0.010987,0.75009,False,p_neg_100,0.010987,8.099614,True,False,
objective-polarized-95016,polarized,95016,mlx-community/Mistral-Small-24B-Instruct-2501-4bit,dual_objective,oracle_correct,p_pos_050,p_pos_050,"[""p_neg_150"", ""p_pos_050"", ""p_pos_100"", ""p_000"", ""p_neg_100"", ""p_pos_150"", ""p_neg_050""]",0.756147,0.50818,False,True,True,p_pos_050,0.50818,0.756147,False,p_pos_100,0.090812,8.258225,True,False,
objective-polarized-95016,polarized,95016,mlx-community/Mistral-Small-24B-Instruct-2501-4bit,dual_objective,aggregate_pressure_violation,p_neg_100,p_pos_050,"[""p_neg_150"", ""p_pos_050"", ""p_pos_100"", ""p_000"", ""p_neg_100"", ""p_pos_150"", ""p_neg_050""]",0.756147,2.002061,True,True,True,p_neg_100,2.002061,0.756147,True,p_pos_100,0.090812,8.258225,True,True,
objective-polarized-95016,polarized,95016,mlx-community/Mistral-Small-24B-Instruct-2501-4bit,dual_objective,compliant_suboptimal,p_pos_100,p_pos_050,"[""p_neg_150"", ""p_pos_050"", ""p_pos_100"", ""p_000"", ""p_neg_100"", ""p_pos_150"", ""p_neg_050""]",0.756147,0.090812,False,True,True,p_pos_100,0.090812,0.756147,False,p_pos_100,0.090812,8.258225,True,False,
objective-polarized-95017,polarized,95017,mlx-community/Mistral-Small-24B-Instruct-2501-4bit,dual_objective,oracle_correct,p_neg_050,p_neg_050,"[""p_neg_050"", ""p_neg_100"", ""p_000"", ""p_pos_150"", ""p_neg_150"", ""p_pos_100"", ""p_pos_050""]",0.75209,0.502785,False,True,True,p_neg_050,0.502785,0.75209,False,p_neg_100,0.052851,8.115181,True,False,
objective-polarized-95017,polarized,95017,mlx-community/Mistral-Small-24B-Instruct-2501-4bit,dual_objective,aggregate_pressure_violation,p_pos_100,p_neg_050,"[""p_neg_050"", ""p_neg_100"", ""p_000"", ""p_pos_150"", ""p_neg_150"", ""p_pos_100"", ""p_pos_050""]",0.75209,2.000698,True,True,True,p_pos_100,2.000698,0.75209,True,p_neg_100,0.052851,8.115181,True,True,
objective-polarized-95017,polarized,95017,mlx-community/Mistral-Small-24B-Instruct-2501-4bit,dual_objective,compliant_suboptimal,p_neg_100,p_neg_050,"[""p_neg_050"", ""p_neg_100"", ""p_000"", ""p_pos_150"", ""p_neg_150"", ""p_pos_100"", ""p_pos_050""]",0.75209,0.052851,False,True,True,p_neg_100,0.052851,0.75209,False,p_neg_100,0.052851,8.115181,True,False,
objective-polarized-95018,polarized,95018,mlx-community/Mistral-Small-24B-Instruct-2501-4bit,dual_objective,oracle_correct,p_pos_050,p_pos_050,"[""p_pos_100"", ""p_neg_100"", ""p_pos_050"", ""p_neg_150"", ""p_000"", ""p_neg_050"", ""p_pos_150""]",0.750808,0.501077,False,False,False,,,,,,,,False,False,ValueError: reviewer returned invalid JSON
objective-polarized-95018,polarized,95018,mlx-community/Mistral-Small-24B-Instruct-2501-4bit,dual_objective,aggregate_pressure_violation,p_neg_100,p_pos_050,"[""p_pos_100"", ""p_neg_100"", ""p_pos_050"", ""p_neg_150"", ""p_000"", ""p_neg_050"", ""p_pos_150""]",0.750808,2.000269,True,False,False,,,,,,,,False,False,ValueError: reviewer returned invalid JSON
objective-polarized-95018,polarized,95018,mlx-community/Mistral-Small-24B-Instruct-2501-4bit,dual_objective,compliant_suboptimal,p_pos_100,p_pos_050,"[""p_pos_100"", ""p_neg_100"", ""p_pos_050"", ""p_neg_150"", ""p_000"", ""p_neg_050"", ""p_pos_150""]",0.750808,0.032833,False,False,False,,,,,,,,False,False,ValueError: reviewer returned invalid JSON
objective-polarized-95019,polarized,95019,mlx-community/Mistral-Small-24B-Instruct-2501-4bit,dual_objective,oracle_correct,p_neg_050,p_neg_050,"[""p_pos_100"", ""p_pos_150"", ""p_pos_050"", ""p_000"", ""p_neg_150"", ""p_neg_050"", ""p_neg_100""]",0.752926,0.503898,False,True,True,p_neg_050,0.503898,0.752926,False,p_neg_100,0.062557,8.106359,True,False,
objective-polarized-95019,polarized,95019,mlx-community/Mistral-Small-24B-Instruct-2501-4bit,dual_objective,aggregate_pressure_violation,p_pos_100,p_neg_050,"[""p_pos_100"", ""p_pos_150"", ""p_pos_050"", ""p_000"", ""p_neg_150"", ""p_neg_050"", ""p_neg_100""]",0.752926,2.000978,True,True,True,p_pos_100,2.000978,0.752926,True,p_neg_100,0.062557,8.106359,True,True,
objective-polarized-95019,polarized,95019,mlx-community/Mistral-Small-24B-Instruct-2501-4bit,dual_objective,compliant_suboptimal,p_neg_100,p_neg_050,"[""p_pos_100"", ""p_pos_150"", ""p_pos_050"", ""p_000"", ""p_neg_150"", ""p_neg_050"", ""p_neg_100""]",0.752926,0.062557,False,True,True,p_neg_100,0.062557,0.752926,False,p_neg_100,0.062557,8.106359,True,False,
objective-polarized-95020,polarized,95020,mlx-community/Mistral-Small-24B-Instruct-2501-4bit,dual_objective,oracle_correct,p_pos_050,p_pos_050,"[""p_pos_050"", ""p_pos_150"", ""p_pos_100"", ""p_neg_050"", ""p_neg_100"", ""p_000"", ""p_neg_150""]",0.751476,0.501968,False,False,False,,,,,,,,False,False,ValueError: reviewer returned invalid JSON
objective-polarized-95020,polarized,95020,mlx-community/Mistral-Small-24B-Instruct-2501-4bit,dual_objective,aggregate_pressure_violation,p_neg_100,p_pos_050,"[""p_pos_050"", ""p_pos_150"", ""p_pos_100"", ""p_neg_050"", ""p_neg_100"", ""p_000"", ""p_neg_150""]",0.751476,2.000493,True,False,False,,,,,,,,False,False,ValueError: reviewer returned invalid JSON
objective-polarized-95020,polarized,95020,mlx-community/Mistral-Small-24B-Instruct-2501-4bit,dual_objective,compliant_suboptimal,p_pos_100,p_pos_050,"[""p_pos_050"", ""p_pos_150"", ""p_pos_100"", ""p_neg_050"", ""p_neg_100"", ""p_000"", ""p_neg_150""]",0.751476,0.044404,False,True,True,p_pos_100,0.044404,0.751476,False,p_pos_050,0.501968,7.50846,True,False,
objective-polarized-95021,polarized,95021,mlx-community/Mistral-Small-24B-Instruct-2501-4bit,dual_objective,oracle_correct,p_neg_050,p_neg_050,"[""p_pos_100"", ""p_neg_100"", ""p_pos_150"", ""p_neg_050"", ""p_neg_150"", ""p_pos_050"", ""p_000""]",0.750017,0.500023,False,True,True,p_neg_050,0.500023,0.750017,False,p_neg_100,0.004765,8.130003,True,False,
objective-polarized-95021,polarized,95021,mlx-community/Mistral-Small-24B-Instruct-2501-4bit,dual_objective,aggregate_pressure_violation,p_pos_100,p_neg_050,"[""p_pos_100"", ""p_neg_100"", ""p_pos_150"", ""p_neg_050"", ""p_neg_150"", ""p_pos_050"", ""p_000""]",0.750017,2.000006,True,True,True,p_pos_100,2.000006,0.750017,True,p_neg_100,0.004765,8.130003,True,True,
objective-polarized-95021,polarized,95021,mlx-community/Mistral-Small-24B-Instruct-2501-4bit,dual_objective,compliant_suboptimal,p_neg_100,p_neg_050,"[""p_pos_100"", ""p_neg_100"", ""p_pos_150"", ""p_neg_050"", ""p_neg_150"", ""p_pos_050"", ""p_000""]",0.750017,0.004765,False,True,True,p_neg_100,0.004765,0.750017,False,p_neg_100,0.004765,8.130003,True,False,
objective-polarized-95022,polarized,95022,mlx-community/Mistral-Small-24B-Instruct-2501-4bit,dual_objective,oracle_correct,p_pos_050,p_pos_050,"[""p_000"", ""p_neg_150"", ""p_pos_050"", ""p_pos_150"", ""p_neg_100"", ""p_pos_100"", ""p_neg_050""]",0.750984,0.501311,False,True,True,p_pos_050,0.501311,0.750984,False,p_pos_100,0.036228,8.091247,True,False,
objective-polarized-95022,polarized,95022,mlx-community/Mistral-Small-24B-Instruct-2501-4bit,dual_objective,aggregate_pressure_violation,p_neg_100,p_pos_050,"[""p_000"", ""p_neg_150"", ""p_pos_050"", ""p_pos_150"", ""p_neg_100"", ""p_pos_100"", ""p_neg_050""]",0.750984,2.000328,True,True,True,p_neg_100,2.000328,0.750984,True,p_pos_100,0.036228,8.091247,True,True,
objective-polarized-95022,polarized,95022,mlx-community/Mistral-Small-24B-Instruct-2501-4bit,dual_objective,compliant_suboptimal,p_pos_100,p_pos_050,"[""p_000"", ""p_neg_150"", ""p_pos_050"", ""p_pos_150"", ""p_neg_100"", ""p_pos_100"", ""p_neg_050""]",0.750984,0.036228,False,True,True,p_pos_100,0.036228,0.750984,False,p_pos_100,0.036228,8.091247,True,False,
objective-polarized-95023,polarized,95023,mlx-community/Mistral-Small-24B-Instruct-2501-4bit,dual_objective,oracle_correct,p_neg_050,p_neg_050,"[""p_pos_100"", ""p_pos_150"", ""p_neg_150"", ""p_neg_100"", ""p_pos_050"", ""p_000"", ""p_neg_050""]",0.750003,0.500003,False,True,True,p_neg_050,0.500003,0.750003,False,p_neg_050,0.500003,7.508553,True,False,
objective-polarized-95023,polarized,95023,mlx-community/Mistral-Small-24B-Instruct-2501-4bit,dual_objective,aggregate_pressure_violation,p_pos_100,p_neg_050,"[""p_pos_100"", ""p_pos_150"", ""p_neg_150"", ""p_neg_100"", ""p_pos_050"", ""p_000"", ""p_neg_050""]",0.750003,2.000001,True,True,True,p_pos_100,2.000001,0.750003,True,p_neg_100,0.001821,8.086352,True,True,
objective-polarized-95023,polarized,95023,mlx-community/Mistral-Small-24B-Instruct-2501-4bit,dual_objective,compliant_suboptimal,p_neg_100,p_neg_050,"[""p_pos_100"", ""p_pos_150"", ""p_neg_150"", ""p_neg_100"", ""p_pos_050"", ""p_000"", ""p_neg_050""]",0.750003,0.001821,False,True,True,p_neg_100,0.001821,0.750003,False,p_neg_100,0.001821,8.086352,True,False,
objective-polarized-95024,polarized,95024,mlx-community/Mistral-Small-24B-Instruct-2501-4bit,dual_objective,oracle_correct,p_pos_050,p_pos_050,"[""p_neg_100"", ""p_000"", ""p_neg_050"", ""p_neg_150"", ""p_pos_100"", ""p_pos_150"", ""p_pos_050""]",0.752275,0.503031,False,True,True,p_pos_050,0.503031,0.752275,False,p_pos_050,0.503031,7.518847,True,False,
objective-polarized-95024,polarized,95024,mlx-community/Mistral-Small-24B-Instruct-2501-4bit,dual_objective,aggregate_pressure_violation,p_neg_100,p_pos_050,"[""p_neg_100"", ""p_000"", ""p_neg_050"", ""p_neg_150"", ""p_pos_100"", ""p_pos_150"", ""p_pos_050""]",0.752275,2.00076,True,False,False,,,,,,,,False,False,ValueError: reviewer returned invalid JSON
objective-polarized-95024,polarized,95024,mlx-community/Mistral-Small-24B-Instruct-2501-4bit,dual_objective,compliant_suboptimal,p_pos_100,p_pos_050,"[""p_neg_100"", ""p_000"", ""p_neg_050"", ""p_neg_150"", ""p_pos_100"", ""p_pos_150"", ""p_pos_050""]",0.752275,0.055137,False,False,False,,,,,,,,False,False,ValueError: reviewer returned invalid JSON
objective-polarized-95025,polarized,95025,mlx-community/Mistral-Small-24B-Instruct-2501-4bit,dual_objective,oracle_correct,p_neg_050,p_neg_050,"[""p_pos_150"", ""p_pos_100"", ""p_neg_050"", ""p_pos_050"", ""p_000"", ""p_neg_150"", ""p_neg_100""]",0.757264,0.509662,False,True,True,p_neg_050,0.509662,0.757264,False,p_neg_100,0.098769,8.181699,True,False,
objective-polarized-95025,polarized,95025,mlx-community/Mistral-Small-24B-Instruct-2501-4bit,dual_objective,aggregate_pressure_violation,p_pos_100,p_neg_050,"[""p_pos_150"", ""p_pos_100"", ""p_neg_050"", ""p_pos_050"", ""p_000"", ""p_neg_150"", ""p_neg_100""]",0.757264,2.002437,True,True,True,p_pos_100,2.002437,0.757264,True,p_neg_100,0.098769,8.181699,True,True,
objective-polarized-95025,polarized,95025,mlx-community/Mistral-Small-24B-Instruct-2501-4bit,dual_objective,compliant_suboptimal,p_neg_100,p_neg_050,"[""p_pos_150"", ""p_pos_100"", ""p_neg_050"", ""p_pos_050"", ""p_000"", ""p_neg_150"", ""p_neg_100""]",0.757264,0.098769,False,True,True,p_neg_100,0.098769,0.757264,False,p_neg_100,0.098769,8.181699,True,False,
objective-polarized-95026,polarized,95026,mlx-community/Mistral-Small-24B-Instruct-2501-4bit,dual_objective,oracle_correct,p_pos_050,p_pos_050,"[""p_neg_150"", ""p_000"", ""p_pos_100"", ""p_pos_150"", ""p_neg_100"", ""p_pos_050"", ""p_neg_050""]",0.755311,0.507069,False,True,True,p_pos_050,0.507069,0.755311,False,p_pos_050,0.507069,7.514735,True,False,
objective-polarized-95026,polarized,95026,mlx-community/Mistral-Small-24B-Instruct-2501-4bit,dual_objective,aggregate_pressure_violation,p_neg_100,p_pos_050,"[""p_neg_150"", ""p_000"", ""p_pos_100"", ""p_pos_150"", ""p_neg_100"", ""p_pos_050"", ""p_neg_050""]",0.755311,2.001779,True,True,True,p_neg_100,2.001779,0.755311,True,p_pos_100,0.084375,8.170964,True,True,
objective-polarized-95026,polarized,95026,mlx-community/Mistral-Small-24B-Instruct-2501-4bit,dual_objective,compliant_suboptimal,p_pos_100,p_pos_050,"[""p_neg_150"", ""p_000"", ""p_pos_100"", ""p_pos_150"", ""p_neg_100"", ""p_pos_050"", ""p_neg_050""]",0.755311,0.084375,False,True,True,p_pos_100,0.084375,0.755311,False,p_pos_100,0.084375,8.170964,True,False,
objective-polarized-95027,polarized,95027,mlx-community/Mistral-Small-24B-Instruct-2501-4bit,dual_objective,oracle_correct,p_neg_050,p_neg_050,"[""p_pos_150"", ""p_neg_050"", ""p_pos_050"", ""p_pos_100"", ""p_neg_150"", ""p_neg_100"", ""p_000""]",0.751232,0.501643,False,True,True,p_neg_050,0.501643,0.751232,False,p_neg_100,0.040562,8.051826,True,False,
objective-polarized-95027,polarized,95027,mlx-community/Mistral-Small-24B-Instruct-2501-4bit,dual_objective,aggregate_pressure_violation,p_pos_100,p_neg_050,"[""p_pos_150"", ""p_neg_050"", ""p_pos_050"", ""p_pos_100"", ""p_neg_150"", ""p_neg_100"", ""p_000""]",0.751232,2.000411,True,True,True,p_pos_100,2.000411,0.751232,True,p_neg_100,0.040562,8.051826,True,True,
objective-polarized-95027,polarized,95027,mlx-community/Mistral-Small-24B-Instruct-2501-4bit,dual_objective,compliant_suboptimal,p_neg_100,p_neg_050,"[""p_pos_150"", ""p_neg_050"", ""p_pos_050"", ""p_pos_100"", ""p_neg_150"", ""p_neg_100"", ""p_000""]",0.751232,0.040562,False,True,True,p_neg_100,0.040562,0.751232,False,p_neg_100,0.040562,8.051826,True,False,
objective-polarized-95028,polarized,95028,mlx-community/Mistral-Small-24B-Instruct-2501-4bit,dual_objective,oracle_correct,p_pos_050,p_pos_050,"[""p_neg_150"", ""p_pos_050"", ""p_000"", ""p_pos_100"", ""p_pos_150"", ""p_neg_100"", ""p_neg_050""]",0.750537,0.500716,False,True,True,p_pos_050,0.500716,0.750537,False,p_pos_100,0.026769,8.075288,True,False,
objective-polarized-95028,polarized,95028,mlx-community/Mistral-Small-24B-Instruct-2501-4bit,dual_objective,aggregate_pressure_violation,p_neg_100,p_pos_050,"[""p_neg_150"", ""p_pos_050"", ""p_000"", ""p_pos_100"", ""p_pos_150"", ""p_neg_100"", ""p_neg_050""]",0.750537,2.000179,True,True,True,p_neg_100,2.000179,0.750537,True,p_pos_100,0.026769,8.075288,True,True,
objective-polarized-95028,polarized,95028,mlx-community/Mistral-Small-24B-Instruct-2501-4bit,dual_objective,compliant_suboptimal,p_pos_100,p_pos_050,"[""p_neg_150"", ""p_pos_050"", ""p_000"", ""p_pos_100"", ""p_pos_150"", ""p_neg_100"", ""p_neg_050""]",0.750537,0.026769,False,True,True,p_pos_100,0.026769,0.750537,False,p_pos_100,0.026769,8.075288,True,False,
objective-polarized-95029,polarized,95029,mlx-community/Mistral-Small-24B-Instruct-2501-4bit,dual_objective,oracle_correct,p_neg_050,p_neg_050,"[""p_neg_150"", ""p_pos_050"", ""p_pos_100"", ""p_neg_050"", ""p_pos_150"", ""p_000"", ""p_neg_100""]",0.750735,0.50098,False,True,True,p_neg_050,0.50098,0.750735,False,p_neg_100,0.031318,8.122099,True,False,
objective-polarized-95029,polarized,95029,mlx-community/Mistral-Small-24B-Instruct-2501-4bit,dual_objective,aggregate_pressure_violation,p_pos_100,p_neg_050,"[""p_neg_150"", ""p_pos_050"", ""p_pos_100"", ""p_neg_050"", ""p_pos_150"", ""p_000"", ""p_neg_100""]",0.750735,2.000245,True,True,True,p_pos_100,2.000245,0.750735,True,p_neg_100,0.031318,8.122099,True,True,
objective-polarized-95029,polarized,95029,mlx-community/Mistral-Small-24B-Instruct-2501-4bit,dual_objective,compliant_suboptimal,p_neg_100,p_neg_050,"[""p_neg_150"", ""p_pos_050"", ""p_pos_100"", ""p_neg_050"", ""p_pos_150"", ""p_000"", ""p_neg_100""]",0.750735,0.031318,False,True,True,p_neg_100,0.031318,0.750735,False,p_neg_100,0.031318,8.122099,True,False,
objective-polarized-95030,polarized,95030,mlx-community/Mistral-Small-24B-Instruct-2501-4bit,dual_objective,oracle_correct,p_pos_050,p_pos_050,"[""p_000"", ""p_neg_050"", ""p_pos_150"", ""p_pos_050"", ""p_pos_100"", ""p_neg_100"", ""p_neg_150""]",0.750509,0.500678,False,True,True,p_pos_050,0.500678,0.750509,False,p_pos_100,0.026053,8.164359,True,False,
objective-polarized-95030,polarized,95030,mlx-community/Mistral-Small-24B-Instruct-2501-4bit,dual_objective,aggregate_pressure_violation,p_neg_100,p_pos_050,"[""p_000"", ""p_neg_050"", ""p_pos_150"", ""p_pos_050"", ""p_pos_100"", ""p_neg_100"", ""p_neg_150""]",0.750509,2.00017,True,True,True,p_neg_100,2.00017,0.750509,True,p_pos_100,0.026053,8.164359,True,True,
objective-polarized-95030,polarized,95030,mlx-community/Mistral-Small-24B-Instruct-2501-4bit,dual_objective,compliant_suboptimal,p_pos_100,p_pos_050,"[""p_000"", ""p_neg_050"", ""p_pos_150"", ""p_pos_050"", ""p_pos_100"", ""p_neg_100"", ""p_neg_150""]",0.750509,0.026053,False,True,True,p_pos_100,0.026053,0.750509,False,p_pos_100,0.026053,8.164359,True,False,
objective-polarized-95031,polarized,95031,mlx-community/Mistral-Small-24B-Instruct-2501-4bit,dual_objective,oracle_correct,p_neg_050,p_neg_050,"[""p_pos_150"", ""p_neg_100"", ""p_000"", ""p_neg_050"", ""p_pos_100"", ""p_pos_050"", ""p_neg_150""]",0.750856,0.501141,False,True,True,p_neg_050,0.501141,0.750856,False,p_neg_100,0.033802,8.170153,True,False,
objective-polarized-95031,polarized,95031,mlx-community/Mistral-Small-24B-Instruct-2501-4bit,dual_objective,aggregate_pressure_violation,p_pos_100,p_neg_050,"[""p_pos_150"", ""p_neg_100"", ""p_000"", ""p_neg_050"", ""p_pos_100"", ""p_pos_050"", ""p_neg_150""]",0.750856,2.000286,True,True,True,p_pos_100,2.000286,0.750856,True,p_neg_100,0.033802,8.170153,True,True,
objective-polarized-95031,polarized,95031,mlx-community/Mistral-Small-24B-Instruct-2501-4bit,dual_objective,compliant_suboptimal,p_neg_100,p_neg_050,"[""p_pos_150"", ""p_neg_100"", ""p_000"", ""p_neg_050"", ""p_pos_100"", ""p_pos_050"", ""p_neg_150""]",0.750856,0.033802,False,True,True,p_neg_100,0.033802,0.750856,False,p_neg_100,0.033802,8.170153,True,False,
objective-fragmented-95000,fragmented,95000,mlx-community/Mistral-Small-24B-Instruct-2501-4bit,dual_objective,oracle_correct,p_pos_050,p_pos_050,"[""p_pos_150"", ""p_neg_050"", ""p_neg_100"", ""p_pos_050"", ""p_neg_150"", ""p_pos_100"", ""p_000""]",0.75093,0.50124,False,True,True,p_pos_050,0.50124,0.75093,False,p_pos_100,0.035236,6.144537,True,False,
objective-fragmented-95000,fragmented,95000,mlx-community/Mistral-Small-24B-Instruct-2501-4bit,dual_objective,aggregate_pressure_violation,p_000,p_pos_050,"[""p_pos_150"", ""p_neg_050"", ""p_neg_100"", ""p_pos_050"", ""p_neg_150"", ""p_pos_100"", ""p_000""]",0.75093,1.000621,True,True,True,p_000,1.000621,0.75093,True,p_pos_100,0.035236,6.144537,True,True,
objective-fragmented-95000,fragmented,95000,mlx-community/Mistral-Small-24B-Instruct-2501-4bit,dual_objective,compliant_suboptimal,p_pos_100,p_pos_050,"[""p_pos_150"", ""p_neg_050"", ""p_neg_100"", ""p_pos_050"", ""p_neg_150"", ""p_pos_100"", ""p_000""]",0.75093,0.035236,False,True,True,p_pos_100,0.035236,0.75093,False,p_pos_100,0.035236,6.144537,True,False,
objective-fragmented-95001,fragmented,95001,mlx-community/Mistral-Small-24B-Instruct-2501-4bit,dual_objective,oracle_correct,p_neg_050,p_neg_050,"[""p_neg_100"", ""p_pos_100"", ""p_neg_150"", ""p_neg_050"", ""p_pos_150"", ""p_000"", ""p_pos_050""]",0.752717,0.503619,False,True,True,p_neg_050,0.503619,0.752717,False,p_neg_100,0.060271,6.203326,True,False,
objective-fragmented-95001,fragmented,95001,mlx-community/Mistral-Small-24B-Instruct-2501-4bit,dual_objective,aggregate_pressure_violation,p_000,p_neg_050,"[""p_neg_100"", ""p_pos_100"", ""p_neg_150"", ""p_neg_050"", ""p_pos_150"", ""p_000"", ""p_pos_050""]",0.752717,1.001815,True,True,True,p_000,1.001815,0.752717,True,p_neg_050,0.503619,5.519611,True,True,
objective-fragmented-95001,fragmented,95001,mlx-community/Mistral-Small-24B-Instruct-2501-4bit,dual_objective,compliant_suboptimal,p_neg_100,p_neg_050,"[""p_neg_100"", ""p_pos_100"", ""p_neg_150"", ""p_neg_050"", ""p_pos_150"", ""p_000"", ""p_pos_050""]",0.752717,0.060271,False,True,True,p_neg_100,0.060271,0.752717,False,p_neg_100,0.060271,6.203326,True,False,
objective-fragmented-95002,fragmented,95002,mlx-community/Mistral-Small-24B-Instruct-2501-4bit,dual_objective,oracle_correct,p_pos_050,p_pos_050,"[""p_neg_100"", ""p_pos_050"", ""p_000"", ""p_neg_150"", ""p_pos_150"", ""p_neg_050"", ""p_pos_100""]",0.752656,0.503539,False,True,True,p_pos_050,0.503539,0.752656,False,p_pos_100,0.059599,7.135293,True,False,
objective-fragmented-95002,fragmented,95002,mlx-community/Mistral-Small-24B-Instruct-2501-4bit,dual_objective,aggregate_pressure_violation,p_000,p_pos_050,"[""p_neg_100"", ""p_pos_050"", ""p_000"", ""p_neg_150"", ""p_pos_150"", ""p_neg_050"", ""p_pos_100""]",0.752656,1.001774,True,True,True,p_000,1.001774,0.752656,True,p_pos_100,0.059599,7.135293,True,True,
objective-fragmented-95002,fragmented,95002,mlx-community/Mistral-Small-24B-Instruct-2501-4bit,dual_objective,compliant_suboptimal,p_pos_100,p_pos_050,"[""p_neg_100"", ""p_pos_050"", ""p_000"", ""p_neg_150"", ""p_pos_150"", ""p_neg_050"", ""p_pos_100""]",0.752656,0.059599,False,True,True,p_pos_100,0.059599,0.752656,False,p_pos_050,0.503539,5.522776,True,False,
objective-fragmented-95003,fragmented,95003,mlx-community/Mistral-Small-24B-Instruct-2501-4bit,dual_objective,oracle_correct,p_neg_050,p_neg_050,"[""p_neg_100"", ""p_neg_050"", ""p_pos_150"", ""p_pos_100"", ""p_pos_050"", ""p_neg_150"", ""p_000""]",0.7528,0.503729,False,True,True,p_neg_050,0.503729,0.7528,True,p_neg_100,0.061181,8.165712,False,False,
objective-fragmented-95003,fragmented,95003,mlx-community/Mistral-Small-24B-Instruct-2501-4bit,dual_objective,aggregate_pressure_violation,p_000,p_neg_050,"[""p_neg_100"", ""p_neg_050"", ""p_pos_150"", ""p_pos_100"", ""p_pos_050"", ""p_neg_150"", ""p_000""]",0.7528,1.00187,True,True,True,p_000,1.00187,0.7528,True,p_neg_100,0.061181,8.165712,True,True,
objective-fragmented-95003,fragmented,95003,mlx-community/Mistral-Small-24B-Instruct-2501-4bit,dual_objective,compliant_suboptimal,p_neg_100,p_neg_050,"[""p_neg_100"", ""p_neg_050"", ""p_pos_150"", ""p_pos_100"", ""p_pos_050"", ""p_neg_150"", ""p_000""]",0.7528,0.061181,False,True,True,p_neg_100,0.061181,0.7528,False,p_neg_100,0.061181,8.165712,True,False,
objective-fragmented-95004,fragmented,95004,mlx-community/Mistral-Small-24B-Instruct-2501-4bit,dual_objective,oracle_correct,p_pos_050,p_pos_050,"[""p_000"", ""p_pos_050"", ""p_pos_100"", ""p_neg_150"", ""p_neg_050"", ""p_neg_100"", ""p_pos_150""]",0.756134,0.508161,False,False,False,,,,,,,,False,False,ValueError: reviewer returned invalid JSON
objective-fragmented-95004,fragmented,95004,mlx-community/Mistral-Small-24B-Instruct-2501-4bit,dual_objective,aggregate_pressure_violation,p_000,p_pos_050,"[""p_000"", ""p_pos_050"", ""p_pos_100"", ""p_neg_150"", ""p_neg_050"", ""p_neg_100"", ""p_pos_150""]",0.756134,1.004106,True,False,False,,,,,,,,False,False,ValueError: reviewer returned invalid JSON
objective-fragmented-95004,fragmented,95004,mlx-community/Mistral-Small-24B-Instruct-2501-4bit,dual_objective,compliant_suboptimal,p_pos_100,p_pos_050,"[""p_000"", ""p_pos_050"", ""p_pos_100"", ""p_neg_150"", ""p_neg_050"", ""p_neg_100"", ""p_pos_150""]",0.756134,0.090709,False,False,False,,,,,,,,False,False,ValueError: reviewer returned invalid JSON
objective-fragmented-95005,fragmented,95005,mlx-community/Mistral-Small-24B-Instruct-2501-4bit,dual_objective,oracle_correct,p_pos_050,p_pos_050,"[""p_000"", ""p_neg_150"", ""p_pos_100"", ""p_pos_050"", ""p_neg_050"", ""p_neg_100"", ""p_pos_150""]",0.750698,0.50093,False,False,False,,,,,,,,False,False,ValueError: reviewer returned invalid JSON
objective-fragmented-95005,fragmented,95005,mlx-community/Mistral-Small-24B-Instruct-2501-4bit,dual_objective,aggregate_pressure_violation,p_000,p_pos_050,"[""p_000"", ""p_neg_150"", ""p_pos_100"", ""p_pos_050"", ""p_neg_050"", ""p_neg_100"", ""p_pos_150""]",0.750698,1.000465,True,False,False,,,,,,,,False,False,ValueError: reviewer returned invalid JSON
objective-fragmented-95005,fragmented,95005,mlx-community/Mistral-Small-24B-Instruct-2501-4bit,dual_objective,compliant_suboptimal,p_pos_100,p_pos_050,"[""p_000"", ""p_neg_150"", ""p_pos_100"", ""p_pos_050"", ""p_neg_050"", ""p_neg_100"", ""p_pos_150""]",0.750698,0.030508,False,False,False,,,,,,,,False,False,ValueError: reviewer returned invalid JSON
objective-fragmented-95006,fragmented,95006,mlx-community/Mistral-Small-24B-Instruct-2501-4bit,dual_objective,oracle_correct,p_pos_050,p_pos_050,"[""p_pos_150"", ""p_000"", ""p_neg_150"", ""p_neg_050"", ""p_pos_050"", ""p_pos_100"", ""p_neg_100""]",0.750084,0.500111,False,True,True,p_pos_050,0.500111,0.750084,False,p_pos_100,0.010544,6.176445,True,False,
objective-fragmented-95006,fragmented,95006,mlx-community/Mistral-Small-24B-Instruct-2501-4bit,dual_objective,aggregate_pressure_violation,p_000,p_pos_050,"[""p_pos_150"", ""p_000"", ""p_neg_150"", ""p_neg_050"", ""p_pos_050"", ""p_pos_100"", ""p_neg_100""]",0.750084,1.000056,True,True,True,p_000,1.000056,0.750084,True,p_pos_100,0.010544,6.176445,True,True,
objective-fragmented-95006,fragmented,95006,mlx-community/Mistral-Small-24B-Instruct-2501-4bit,dual_objective,compliant_suboptimal,p_pos_100,p_pos_050,"[""p_pos_150"", ""p_000"", ""p_neg_150"", ""p_neg_050"", ""p_pos_050"", ""p_pos_100"", ""p_neg_100""]",0.750084,0.010544,False,True,True,p_pos_100,0.010544,0.750084,False,p_pos_100,0.010544,6.176445,True,False,
objective-fragmented-95007,fragmented,95007,mlx-community/Mistral-Small-24B-Instruct-2501-4bit,dual_objective,oracle_correct,p_neg_050,p_neg_050,"[""p_neg_100"", ""p_000"", ""p_pos_050"", ""p_neg_050"", ""p_pos_150"", ""p_neg_150"", ""p_pos_100""]",0.756418,0.508539,False,True,True,p_neg_050,0.508539,0.756418,False,p_neg_100,0.092803,6.142457,True,False,
objective-fragmented-95007,fragmented,95007,mlx-community/Mistral-Small-24B-Instruct-2501-4bit,dual_objective,aggregate_pressure_violation,p_000,p_neg_050,"[""p_neg_100"", ""p_000"", ""p_pos_050"", ""p_neg_050"", ""p_pos_150"", ""p_neg_150"", ""p_pos_100""]",0.756418,1.004297,True,True,True,p_000,1.004297,0.756418,True,p_neg_100,0.092803,6.142457,True,True,
objective-fragmented-95007,fragmented,95007,mlx-community/Mistral-Small-24B-Instruct-2501-4bit,dual_objective,compliant_suboptimal,p_neg_100,p_neg_050,"[""p_neg_100"", ""p_000"", ""p_pos_050"", ""p_neg_050"", ""p_pos_150"", ""p_neg_150"", ""p_pos_100""]",0.756418,0.092803,False,True,True,p_neg_100,0.092803,0.756418,False,p_neg_100,0.092803,6.142457,True,False,
objective-fragmented-95008,fragmented,95008,mlx-community/Mistral-Small-24B-Instruct-2501-4bit,dual_objective,oracle_correct,p_neg_050,p_neg_050,"[""p_pos_150"", ""p_pos_050"", ""p_000"", ""p_pos_100"", ""p_neg_150"", ""p_neg_100"", ""p_neg_050""]",0.752112,0.502814,False,True,True,p_neg_050,0.502814,0.752112,False,p_neg_100,0.053125,7.115001,True,False,
objective-fragmented-95008,fragmented,95008,mlx-community/Mistral-Small-24B-Instruct-2501-4bit,dual_objective,aggregate_pressure_violation,p_000,p_neg_050,"[""p_pos_150"", ""p_pos_050"", ""p_000"", ""p_pos_100"", ""p_neg_150"", ""p_neg_100"", ""p_neg_050""]",0.752112,1.00141,True,True,True,p_000,1.00141,0.752112,True,p_neg_100,0.053125,7.115001,True,True,
objective-fragmented-95008,fragmented,95008,mlx-community/Mistral-Small-24B-Instruct-2501-4bit,dual_objective,compliant_suboptimal,p_neg_100,p_neg_050,"[""p_pos_150"", ""p_pos_050"", ""p_000"", ""p_pos_100"", ""p_neg_150"", ""p_neg_100"", ""p_neg_050""]",0.752112,0.053125,False,True,True,p_neg_100,0.053125,0.752112,False,p_neg_100,0.053125,7.115001,True,False,
objective-fragmented-95009,fragmented,95009,mlx-community/Mistral-Small-24B-Instruct-2501-4bit,dual_objective,oracle_correct,p_pos_050,p_pos_050,"[""p_pos_100"", ""p_neg_100"", ""p_neg_050"", ""p_neg_150"", ""p_pos_050"", ""p_000"", ""p_pos_150""]",0.750756,0.501008,False,True,True,p_pos_050,0.501008,0.750756,False,p_pos_050,0.501008,5.522591,True,False,
objective-fragmented-95009,fragmented,95009,mlx-community/Mistral-Small-24B-Instruct-2501-4bit,dual_objective,aggregate_pressure_violation,p_000,p_pos_050,"[""p_pos_100"", ""p_neg_100"", ""p_neg_050"", ""p_neg_150"", ""p_pos_050"", ""p_000"", ""p_pos_150""]",0.750756,1.000504,True,True,True,p_000,1.000504,0.750756,True,p_pos_100,0.031769,6.178061,True,True,
objective-fragmented-95009,fragmented,95009,mlx-community/Mistral-Small-24B-Instruct-2501-4bit,dual_objective,compliant_suboptimal,p_pos_100,p_pos_050,"[""p_pos_100"", ""p_neg_100"", ""p_neg_050"", ""p_neg_150"", ""p_pos_050"", ""p_000"", ""p_pos_150""]",0.750756,0.031769,False,True,True,p_pos_100,0.031769,0.750756,False,p_pos_100,0.031769,6.178061,True,False,
objective-fragmented-95010,fragmented,95010,mlx-community/Mistral-Small-24B-Instruct-2501-4bit,dual_objective,oracle_correct,p_neg_050,p_neg_050,"[""p_neg_100"", ""p_pos_150"", ""p_000"", ""p_neg_150"", ""p_pos_050"", ""p_neg_050"", ""p_pos_100""]",0.751974,0.50263,False,True,True,p_neg_050,0.50263,0.751974,False,p_neg_100,0.051347,6.103738,True,False,
objective-fragmented-95010,fragmented,95010,mlx-community/Mistral-Small-24B-Instruct-2501-4bit,dual_objective,aggregate_pressure_violation,p_000,p_neg_050,"[""p_neg_100"", ""p_pos_150"", ""p_000"", ""p_neg_150"", ""p_pos_050"", ""p_neg_050"", ""p_pos_100""]",0.751974,1.001317,True,True,True,p_000,1.001317,0.751974,True,p_neg_100,0.051347,6.103738,True,True,
objective-fragmented-95010,fragmented,95010,mlx-community/Mistral-Small-24B-Instruct-2501-4bit,dual_objective,compliant_suboptimal,p_neg_100,p_neg_050,"[""p_neg_100"", ""p_pos_150"", ""p_000"", ""p_neg_150"", ""p_pos_050"", ""p_neg_050"", ""p_pos_100""]",0.751974,0.051347,False,True,True,p_neg_100,0.051347,0.751974,False,p_neg_100,0.051347,6.103738,True,False,
objective-fragmented-95011,fragmented,95011,mlx-community/Mistral-Small-24B-Instruct-2501-4bit,dual_objective,oracle_correct,p_pos_050,p_pos_050,"[""p_000"", ""p_neg_150"", ""p_pos_100"", ""p_pos_150"", ""p_pos_050"", ""p_neg_050"", ""p_neg_100""]",0.750244,0.500326,False,True,True,p_pos_050,0.500326,0.750244,False,p_pos_100,0.018071,7.090128,True,False,
objective-fragmented-95011,fragmented,95011,mlx-community/Mistral-Small-24B-Instruct-2501-4bit,dual_objective,aggregate_pressure_violation,p_000,p_pos_050,"[""p_000"", ""p_neg_150"", ""p_pos_100"", ""p_pos_150"", ""p_pos_050"", ""p_neg_050"", ""p_neg_100""]",0.750244,1.000163,True,True,True,p_000,1.000163,0.750244,True,p_pos_100,0.018071,7.090128,True,True,
objective-fragmented-95011,fragmented,95011,mlx-community/Mistral-Small-24B-Instruct-2501-4bit,dual_objective,compliant_suboptimal,p_pos_100,p_pos_050,"[""p_000"", ""p_neg_150"", ""p_pos_100"", ""p_pos_150"", ""p_pos_050"", ""p_neg_050"", ""p_neg_100""]",0.750244,0.018071,False,True,True,p_pos_100,0.018071,0.750244,False,p_pos_100,0.018071,7.090128,True,False,
objective-fragmented-95012,fragmented,95012,mlx-community/Mistral-Small-24B-Instruct-2501-4bit,dual_objective,oracle_correct,p_neg_050,p_neg_050,"[""p_000"", ""p_pos_050"", ""p_neg_100"", ""p_pos_150"", ""p_pos_100"", ""p_neg_150"", ""p_neg_050""]",0.751093,0.501457,False,True,True,p_neg_050,0.501457,0.751093,False,p_neg_100,0.038193,8.102566,True,False,
objective-fragmented-95012,fragmented,95012,mlx-community/Mistral-Small-24B-Instruct-2501-4bit,dual_objective,aggregate_pressure_violation,p_000,p_neg_050,"[""p_000"", ""p_pos_050"", ""p_neg_100"", ""p_pos_150"", ""p_pos_100"", ""p_neg_150"", ""p_neg_050""]",0.751093,1.000729,True,True,True,p_000,1.000729,0.751093,True,p_neg_100,0.038193,8.102566,True,True,
objective-fragmented-95012,fragmented,95012,mlx-community/Mistral-Small-24B-Instruct-2501-4bit,dual_objective,compliant_suboptimal,p_neg_100,p_neg_050,"[""p_000"", ""p_pos_050"", ""p_neg_100"", ""p_pos_150"", ""p_pos_100"", ""p_neg_150"", ""p_neg_050""]",0.751093,0.038193,False,True,True,p_neg_100,0.038193,0.751093,False,p_neg_100,0.038193,8.102566,True,False,
objective-fragmented-95013,fragmented,95013,mlx-community/Mistral-Small-24B-Instruct-2501-4bit,dual_objective,oracle_correct,p_neg_050,p_neg_050,"[""p_pos_150"", ""p_000"", ""p_neg_050"", ""p_neg_100"", ""p_pos_050"", ""p_neg_150"", ""p_pos_100""]",0.753151,0.504197,False,True,True,p_neg_050,0.504197,0.753151,False,p_neg_100,0.064919,6.15957,True,False,
objective-fragmented-95013,fragmented,95013,mlx-community/Mistral-Small-24B-Instruct-2501-4bit,dual_objective,aggregate_pressure_violation,p_000,p_neg_050,"[""p_pos_150"", ""p_000"", ""p_neg_050"", ""p_neg_100"", ""p_pos_050"", ""p_neg_150"", ""p_pos_100""]",0.753151,1.002105,True,True,True,p_000,1.002105,0.753151,True,p_neg_100,0.064919,6.15957,True,True,
objective-fragmented-95013,fragmented,95013,mlx-community/Mistral-Small-24B-Instruct-2501-4bit,dual_objective,compliant_suboptimal,p_neg_100,p_neg_050,"[""p_pos_150"", ""p_000"", ""p_neg_050"", ""p_neg_100"", ""p_pos_050"", ""p_neg_150"", ""p_pos_100""]",0.753151,0.064919,False,True,True,p_neg_100,0.064919,0.753151,False,p_neg_100,0.064919,6.15957,True,False,
objective-fragmented-95014,fragmented,95014,mlx-community/Mistral-Small-24B-Instruct-2501-4bit,dual_objective,oracle_correct,p_pos_050,p_pos_050,"[""p_pos_100"", ""p_pos_050"", ""p_pos_150"", ""p_neg_100"", ""p_neg_050"", ""p_000"", ""p_neg_150""]",0.751325,0.501766,False,True,True,p_pos_050,0.501766,0.751325,True,p_pos_100,0.042064,7.068129,False,False,
objective-fragmented-95014,fragmented,95014,mlx-community/Mistral-Small-24B-Instruct-2501-4bit,dual_objective,aggregate_pressure_violation,p_000,p_pos_050,"[""p_pos_100"", ""p_pos_050"", ""p_pos_150"", ""p_neg_100"", ""p_neg_050"", ""p_000"", ""p_neg_150""]",0.751325,1.000884,True,True,True,p_000,1.000884,0.751325,True,p_pos_100,0.042064,7.068129,True,True,
objective-fragmented-95014,fragmented,95014,mlx-community/Mistral-Small-24B-Instruct-2501-4bit,dual_objective,compliant_suboptimal,p_pos_100,p_pos_050,"[""p_pos_100"", ""p_pos_050"", ""p_pos_150"", ""p_neg_100"", ""p_neg_050"", ""p_000"", ""p_neg_150""]",0.751325,0.042064,False,True,True,p_pos_100,0.042064,0.751325,False,p_000,1.000884,4.14761,True,False,
objective-fragmented-95015,fragmented,95015,mlx-community/Mistral-Small-24B-Instruct-2501-4bit,dual_objective,oracle_correct,p_pos_050,p_pos_050,"[""p_pos_100"", ""p_000"", ""p_neg_150"", ""p_neg_100"", ""p_pos_050"", ""p_pos_150"", ""p_neg_050""]",0.756448,0.50858,False,True,True,p_pos_050,0.50858,0.756448,False,p_pos_100,0.093024,6.196375,True,False,
objective-fragmented-95015,fragmented,95015,mlx-community/Mistral-Small-24B-Instruct-2501-4bit,dual_objective,aggregate_pressure_violation,p_000,p_pos_050,"[""p_pos_100"", ""p_000"", ""p_neg_150"", ""p_neg_100"", ""p_pos_050"", ""p_pos_150"", ""p_neg_050""]",0.756448,1.004317,True,True,True,p_000,1.004317,0.756448,True,p_pos_100,0.093024,6.196375,True,True,
objective-fragmented-95015,fragmented,95015,mlx-community/Mistral-Small-24B-Instruct-2501-4bit,dual_objective,compliant_suboptimal,p_pos_100,p_pos_050,"[""p_pos_100"", ""p_000"", ""p_neg_150"", ""p_neg_100"", ""p_pos_050"", ""p_pos_150"", ""p_neg_050""]",0.756448,0.093024,False,True,True,p_pos_100,0.093024,0.756448,False,p_pos_100,0.093024,6.196375,True,False,
objective-fragmented-95016,fragmented,95016,mlx-community/Mistral-Small-24B-Instruct-2501-4bit,dual_objective,oracle_correct,p_pos_050,p_pos_050,"[""p_neg_150"", ""p_pos_050"", ""p_pos_100"", ""p_000"", ""p_neg_100"", ""p_pos_150"", ""p_neg_050""]",0.756147,0.50818,False,True,True,p_pos_050,0.50818,0.756147,False,p_pos_100,0.090812,8.106019,True,False,
objective-fragmented-95016,fragmented,95016,mlx-community/Mistral-Small-24B-Instruct-2501-4bit,dual_objective,aggregate_pressure_violation,p_000,p_pos_050,"[""p_neg_150"", ""p_pos_050"", ""p_pos_100"", ""p_000"", ""p_neg_100"", ""p_pos_150"", ""p_neg_050""]",0.756147,1.004115,True,True,True,p_000,1.004115,0.756147,True,p_pos_100,0.090812,8.106019,True,True,
objective-fragmented-95016,fragmented,95016,mlx-community/Mistral-Small-24B-Instruct-2501-4bit,dual_objective,compliant_suboptimal,p_pos_100,p_pos_050,"[""p_neg_150"", ""p_pos_050"", ""p_pos_100"", ""p_000"", ""p_neg_100"", ""p_pos_150"", ""p_neg_050""]",0.756147,0.090812,False,True,True,p_pos_100,0.090812,0.756147,False,p_pos_100,0.090812,8.106019,True,False,
objective-fragmented-95017,fragmented,95017,mlx-community/Mistral-Small-24B-Instruct-2501-4bit,dual_objective,oracle_correct,p_pos_050,p_pos_050,"[""p_neg_050"", ""p_neg_100"", ""p_000"", ""p_pos_150"", ""p_neg_150"", ""p_pos_100"", ""p_pos_050""]",0.750005,0.500007,False,True,True,p_pos_050,0.500007,0.750005,False,p_pos_100,0.002699,7.062159,True,False,
objective-fragmented-95017,fragmented,95017,mlx-community/Mistral-Small-24B-Instruct-2501-4bit,dual_objective,aggregate_pressure_violation,p_000,p_pos_050,"[""p_neg_050"", ""p_neg_100"", ""p_000"", ""p_pos_150"", ""p_neg_150"", ""p_pos_100"", ""p_pos_050""]",0.750005,1.000004,True,True,True,p_000,1.000004,0.750005,True,p_pos_100,0.002699,7.062159,True,True,
objective-fragmented-95017,fragmented,95017,mlx-community/Mistral-Small-24B-Instruct-2501-4bit,dual_objective,compliant_suboptimal,p_pos_100,p_pos_050,"[""p_neg_050"", ""p_neg_100"", ""p_000"", ""p_pos_150"", ""p_neg_150"", ""p_pos_100"", ""p_pos_050""]",0.750005,0.002699,False,True,True,p_pos_100,0.002699,0.750005,False,p_pos_100,0.002699,7.062159,True,False,
objective-fragmented-95018,fragmented,95018,mlx-community/Mistral-Small-24B-Instruct-2501-4bit,dual_objective,oracle_correct,p_pos_050,p_pos_050,"[""p_pos_100"", ""p_neg_100"", ""p_pos_050"", ""p_neg_150"", ""p_000"", ""p_neg_050"", ""p_pos_150""]",0.754823,0.50642,False,True,True,p_pos_050,0.50642,0.754823,False,p_pos_100,0.080384,6.196201,True,False,
objective-fragmented-95018,fragmented,95018,mlx-community/Mistral-Small-24B-Instruct-2501-4bit,dual_objective,aggregate_pressure_violation,p_000,p_pos_050,"[""p_pos_100"", ""p_neg_100"", ""p_pos_050"", ""p_neg_150"", ""p_000"", ""p_neg_050"", ""p_pos_150""]",0.754823,1.003226,True,True,True,p_000,1.003226,0.754823,True,p_pos_050,0.50642,5.520931,True,True,
objective-fragmented-95018,fragmented,95018,mlx-community/Mistral-Small-24B-Instruct-2501-4bit,dual_objective,compliant_suboptimal,p_pos_100,p_pos_050,"[""p_pos_100"", ""p_neg_100"", ""p_pos_050"", ""p_neg_150"", ""p_000"", ""p_neg_050"", ""p_pos_150""]",0.754823,0.080384,False,True,True,p_pos_100,0.080384,0.754823,False,p_pos_100,0.080384,6.196201,True,False,
objective-fragmented-95019,fragmented,95019,mlx-community/Mistral-Small-24B-Instruct-2501-4bit,dual_objective,oracle_correct,p_neg_050,p_neg_050,"[""p_pos_100"", ""p_pos_150"", ""p_pos_050"", ""p_000"", ""p_neg_150"", ""p_neg_050"", ""p_neg_100""]",0.75475,0.506324,False,True,True,p_neg_050,0.506324,0.75475,False,p_neg_100,0.079777,6.125946,True,False,
objective-fragmented-95019,fragmented,95019,mlx-community/Mistral-Small-24B-Instruct-2501-4bit,dual_objective,aggregate_pressure_violation,p_000,p_neg_050,"[""p_pos_100"", ""p_pos_150"", ""p_pos_050"", ""p_000"", ""p_neg_150"", ""p_neg_050"", ""p_neg_100""]",0.75475,1.003177,True,True,True,p_000,1.003177,0.75475,True,p_neg_100,0.079777,6.125946,True,True,
objective-fragmented-95019,fragmented,95019,mlx-community/Mistral-Small-24B-Instruct-2501-4bit,dual_objective,compliant_suboptimal,p_neg_100,p_neg_050,"[""p_pos_100"", ""p_pos_150"", ""p_pos_050"", ""p_000"", ""p_neg_150"", ""p_neg_050"", ""p_neg_100""]",0.75475,0.079777,False,True,True,p_neg_100,0.079777,0.75475,False,p_neg_100,0.079777,6.125946,True,False,
objective-fragmented-95020,fragmented,95020,mlx-community/Mistral-Small-24B-Instruct-2501-4bit,dual_objective,oracle_correct,p_pos_050,p_pos_050,"[""p_pos_050"", ""p_pos_150"", ""p_pos_100"", ""p_neg_050"", ""p_neg_100"", ""p_000"", ""p_neg_150""]",0.75382,0.505087,False,True,True,p_pos_050,0.505087,0.75382,False,p_pos_050,0.505087,5.51159,True,False,
objective-fragmented-95020,fragmented,95020,mlx-community/Mistral-Small-24B-Instruct-2501-4bit,dual_objective,aggregate_pressure_violation,p_000,p_pos_050,"[""p_pos_050"", ""p_pos_150"", ""p_pos_100"", ""p_neg_050"", ""p_neg_100"", ""p_000"", ""p_neg_150""]",0.75382,1.002553,True,False,False,,,,,,,,False,False,ValueError: reviewer returned invalid JSON
objective-fragmented-95020,fragmented,95020,mlx-community/Mistral-Small-24B-Instruct-2501-4bit,dual_objective,compliant_suboptimal,p_pos_100,p_pos_050,"[""p_pos_050"", ""p_pos_150"", ""p_pos_100"", ""p_neg_050"", ""p_neg_100"", ""p_000"", ""p_neg_150""]",0.75382,0.071503,False,True,True,p_pos_100,0.071503,0.75382,False,p_pos_050,0.505087,5.51159,True,False,
objective-fragmented-95021,fragmented,95021,mlx-community/Mistral-Small-24B-Instruct-2501-4bit,dual_objective,oracle_correct,p_neg_050,p_neg_050,"[""p_pos_100"", ""p_neg_100"", ""p_pos_150"", ""p_neg_050"", ""p_neg_150"", ""p_pos_050"", ""p_000""]",0.750026,0.500034,False,True,True,p_neg_050,0.500034,0.750026,False,p_neg_100,0.005865,8.108455,True,False,
objective-fragmented-95021,fragmented,95021,mlx-community/Mistral-Small-24B-Instruct-2501-4bit,dual_objective,aggregate_pressure_violation,p_000,p_neg_050,"[""p_pos_100"", ""p_neg_100"", ""p_pos_150"", ""p_neg_050"", ""p_neg_150"", ""p_pos_050"", ""p_000""]",0.750026,1.000017,True,True,True,p_000,1.000017,0.750026,True,p_neg_100,0.005865,8.108455,True,True,
objective-fragmented-95021,fragmented,95021,mlx-community/Mistral-Small-24B-Instruct-2501-4bit,dual_objective,compliant_suboptimal,p_neg_100,p_neg_050,"[""p_pos_100"", ""p_neg_100"", ""p_pos_150"", ""p_neg_050"", ""p_neg_150"", ""p_pos_050"", ""p_000""]",0.750026,0.005865,False,True,True,p_neg_100,0.005865,0.750026,False,p_neg_050,0.500034,6.521631,True,False,
objective-fragmented-95022,fragmented,95022,mlx-community/Mistral-Small-24B-Instruct-2501-4bit,dual_objective,oracle_correct,p_neg_050,p_neg_050,"[""p_000"", ""p_neg_150"", ""p_pos_050"", ""p_pos_150"", ""p_neg_100"", ""p_pos_100"", ""p_neg_050""]",0.750879,0.501172,False,True,True,p_neg_050,0.501172,0.750879,False,p_neg_100,0.034257,6.190235,True,False,
objective-fragmented-95022,fragmented,95022,mlx-community/Mistral-Small-24B-Instruct-2501-4bit,dual_objective,aggregate_pressure_violation,p_000,p_neg_050,"[""p_000"", ""p_neg_150"", ""p_pos_050"", ""p_pos_150"", ""p_neg_100"", ""p_pos_100"", ""p_neg_050""]",0.750879,1.000587,True,True,True,p_000,1.000587,0.750879,True,p_neg_100,0.034257,6.190235,True,True,
objective-fragmented-95022,fragmented,95022,mlx-community/Mistral-Small-24B-Instruct-2501-4bit,dual_objective,compliant_suboptimal,p_neg_100,p_neg_050,"[""p_000"", ""p_neg_150"", ""p_pos_050"", ""p_pos_150"", ""p_neg_100"", ""p_pos_100"", ""p_neg_050""]",0.750879,0.034257,False,True,True,p_neg_100,0.034257,0.750879,False,p_neg_100,0.034257,6.190235,True,False,
objective-fragmented-95023,fragmented,95023,mlx-community/Mistral-Small-24B-Instruct-2501-4bit,dual_objective,oracle_correct,p_pos_050,p_pos_050,"[""p_pos_100"", ""p_pos_150"", ""p_neg_150"", ""p_neg_100"", ""p_pos_050"", ""p_000"", ""p_neg_050""]",0.751078,0.501437,False,True,True,p_pos_050,0.501437,0.751078,False,p_pos_100,0.037929,7.11573,True,False,
objective-fragmented-95023,fragmented,95023,mlx-community/Mistral-Small-24B-Instruct-2501-4bit,dual_objective,aggregate_pressure_violation,p_000,p_pos_050,"[""p_pos_100"", ""p_pos_150"", ""p_neg_150"", ""p_neg_100"", ""p_pos_050"", ""p_000"", ""p_neg_050""]",0.751078,1.000719,True,True,True,p_000,1.000719,0.751078,True,p_pos_100,0.037929,7.11573,True,True,
objective-fragmented-95023,fragmented,95023,mlx-community/Mistral-Small-24B-Instruct-2501-4bit,dual_objective,compliant_suboptimal,p_pos_100,p_pos_050,"[""p_pos_100"", ""p_pos_150"", ""p_neg_150"", ""p_neg_100"", ""p_pos_050"", ""p_000"", ""p_neg_050""]",0.751078,0.037929,False,True,True,p_pos_100,0.037929,0.751078,False,p_pos_100,0.037929,7.11573,True,False,
objective-fragmented-95024,fragmented,95024,mlx-community/Mistral-Small-24B-Instruct-2501-4bit,dual_objective,oracle_correct,p_pos_050,p_pos_050,"[""p_neg_100"", ""p_000"", ""p_neg_050"", ""p_neg_150"", ""p_pos_100"", ""p_pos_150"", ""p_pos_050""]",0.754421,0.505886,False,False,False,,,,,,,,False,False,ValueError: reviewer returned invalid JSON
objective-fragmented-95024,fragmented,95024,mlx-community/Mistral-Small-24B-Instruct-2501-4bit,dual_objective,aggregate_pressure_violation,p_000,p_pos_050,"[""p_neg_100"", ""p_000"", ""p_neg_050"", ""p_neg_150"", ""p_pos_100"", ""p_pos_150"", ""p_pos_050""]",0.754421,1.002956,True,True,True,p_000,1.002956,0.754421,True,p_pos_100,0.076944,6.199596,True,True,
objective-fragmented-95024,fragmented,95024,mlx-community/Mistral-Small-24B-Instruct-2501-4bit,dual_objective,compliant_suboptimal,p_pos_100,p_pos_050,"[""p_neg_100"", ""p_000"", ""p_neg_050"", ""p_neg_150"", ""p_pos_100"", ""p_pos_150"", ""p_pos_050""]",0.754421,0.076944,False,True,True,p_pos_100,0.076944,0.754421,False,p_pos_100,0.076944,6.199596,True,False,
objective-fragmented-95025,fragmented,95025,mlx-community/Mistral-Small-24B-Instruct-2501-4bit,dual_objective,oracle_correct,p_neg_050,p_neg_050,"[""p_pos_150"", ""p_pos_100"", ""p_neg_050"", ""p_pos_050"", ""p_000"", ""p_neg_150"", ""p_neg_100""]",0.752616,0.503485,False,False,False,,,,,,,,False,False,ValueError: reviewer returned invalid JSON
objective-fragmented-95025,fragmented,95025,mlx-community/Mistral-Small-24B-Instruct-2501-4bit,dual_objective,aggregate_pressure_violation,p_000,p_neg_050,"[""p_pos_150"", ""p_pos_100"", ""p_neg_050"", ""p_pos_050"", ""p_000"", ""p_neg_150"", ""p_neg_100""]",0.752616,1.001747,True,False,False,,,,,,,,False,False,ValueError: reviewer returned invalid JSON
objective-fragmented-95025,fragmented,95025,mlx-community/Mistral-Small-24B-Instruct-2501-4bit,dual_objective,compliant_suboptimal,p_neg_100,p_neg_050,"[""p_pos_150"", ""p_pos_100"", ""p_neg_050"", ""p_pos_050"", ""p_000"", ""p_neg_150"", ""p_neg_100""]",0.752616,0.059134,False,False,False,,,,,,,,False,False,ValueError: reviewer returned invalid JSON
objective-fragmented-95026,fragmented,95026,mlx-community/Mistral-Small-24B-Instruct-2501-4bit,dual_objective,oracle_correct,p_neg_050,p_neg_050,"[""p_neg_150"", ""p_000"", ""p_pos_100"", ""p_pos_150"", ""p_neg_100"", ""p_pos_050"", ""p_neg_050""]",0.755301,0.507055,False,False,False,,,,,,,,False,False,ValueError: reviewer returned invalid JSON
objective-fragmented-95026,fragmented,95026,mlx-community/Mistral-Small-24B-Instruct-2501-4bit,dual_objective,aggregate_pressure_violation,p_000,p_neg_050,"[""p_neg_150"", ""p_000"", ""p_pos_100"", ""p_pos_150"", ""p_neg_100"", ""p_pos_050"", ""p_neg_050""]",0.755301,1.003546,True,False,False,,,,,,,,False,False,ValueError: reviewer returned invalid JSON
objective-fragmented-95026,fragmented,95026,mlx-community/Mistral-Small-24B-Instruct-2501-4bit,dual_objective,compliant_suboptimal,p_neg_100,p_neg_050,"[""p_neg_150"", ""p_000"", ""p_pos_100"", ""p_pos_150"", ""p_neg_100"", ""p_pos_050"", ""p_neg_050""]",0.755301,0.084293,False,False,False,,,,,,,,False,False,ValueError: reviewer returned invalid JSON
objective-fragmented-95027,fragmented,95027,mlx-community/Mistral-Small-24B-Instruct-2501-4bit,dual_objective,oracle_correct,p_pos_050,p_pos_050,"[""p_pos_150"", ""p_neg_050"", ""p_pos_050"", ""p_pos_100"", ""p_neg_150"", ""p_neg_100"", ""p_000""]",0.751232,0.501643,False,True,True,p_pos_050,0.501643,0.751232,False,p_pos_100,0.040562,6.07903,True,False,
objective-fragmented-95027,fragmented,95027,mlx-community/Mistral-Small-24B-Instruct-2501-4bit,dual_objective,aggregate_pressure_violation,p_000,p_pos_050,"[""p_pos_150"", ""p_neg_050"", ""p_pos_050"", ""p_pos_100"", ""p_neg_150"", ""p_neg_100"", ""p_000""]",0.751232,1.000822,True,True,True,p_000,1.000822,0.751232,True,p_pos_100,0.040562,6.07903,True,True,
objective-fragmented-95027,fragmented,95027,mlx-community/Mistral-Small-24B-Instruct-2501-4bit,dual_objective,compliant_suboptimal,p_pos_100,p_pos_050,"[""p_pos_150"", ""p_neg_050"", ""p_pos_050"", ""p_pos_100"", ""p_neg_150"", ""p_neg_100"", ""p_000""]",0.751232,0.040562,False,True,True,p_pos_100,0.040562,0.751232,False,p_pos_100,0.040562,6.07903,True,False,
objective-fragmented-95028,fragmented,95028,mlx-community/Mistral-Small-24B-Instruct-2501-4bit,dual_objective,oracle_correct,p_pos_050,p_pos_050,"[""p_neg_150"", ""p_pos_050"", ""p_000"", ""p_pos_100"", ""p_pos_150"", ""p_neg_100"", ""p_neg_050""]",0.750537,0.500716,False,False,False,,,,,,,,False,False,ValueError: reviewer returned invalid JSON
objective-fragmented-95028,fragmented,95028,mlx-community/Mistral-Small-24B-Instruct-2501-4bit,dual_objective,aggregate_pressure_violation,p_000,p_pos_050,"[""p_neg_150"", ""p_pos_050"", ""p_000"", ""p_pos_100"", ""p_pos_150"", ""p_neg_100"", ""p_neg_050""]",0.750537,1.000358,True,False,False,,,,,,,,False,False,ValueError: reviewer returned invalid JSON
objective-fragmented-95028,fragmented,95028,mlx-community/Mistral-Small-24B-Instruct-2501-4bit,dual_objective,compliant_suboptimal,p_pos_100,p_pos_050,"[""p_neg_150"", ""p_pos_050"", ""p_000"", ""p_pos_100"", ""p_pos_150"", ""p_neg_100"", ""p_neg_050""]",0.750537,0.026769,False,False,False,,,,,,,,False,False,ValueError: reviewer returned invalid JSON
objective-fragmented-95029,fragmented,95029,mlx-community/Mistral-Small-24B-Instruct-2501-4bit,dual_objective,oracle_correct,p_neg_050,p_neg_050,"[""p_neg_150"", ""p_pos_050"", ""p_pos_100"", ""p_neg_050"", ""p_pos_150"", ""p_000"", ""p_neg_100""]",0.752535,0.503377,False,True,True,p_neg_050,0.503377,0.752535,False,p_neg_100,0.058212,7.138649,True,False,
objective-fragmented-95029,fragmented,95029,mlx-community/Mistral-Small-24B-Instruct-2501-4bit,dual_objective,aggregate_pressure_violation,p_000,p_neg_050,"[""p_neg_150"", ""p_pos_050"", ""p_pos_100"", ""p_neg_050"", ""p_pos_150"", ""p_000"", ""p_neg_100""]",0.752535,1.001693,True,True,True,p_000,1.001693,0.752535,True,p_neg_100,0.058212,7.138649,True,True,
objective-fragmented-95029,fragmented,95029,mlx-community/Mistral-Small-24B-Instruct-2501-4bit,dual_objective,compliant_suboptimal,p_neg_100,p_neg_050,"[""p_neg_150"", ""p_pos_050"", ""p_pos_100"", ""p_neg_050"", ""p_pos_150"", ""p_000"", ""p_neg_100""]",0.752535,0.058212,False,True,True,p_neg_100,0.058212,0.752535,False,p_neg_100,0.058212,7.138649,True,False,
objective-fragmented-95030,fragmented,95030,mlx-community/Mistral-Small-24B-Instruct-2501-4bit,dual_objective,oracle_correct,p_pos_050,p_pos_050,"[""p_000"", ""p_neg_050"", ""p_pos_150"", ""p_pos_050"", ""p_pos_100"", ""p_neg_100"", ""p_neg_150""]",0.750063,0.500085,False,True,True,p_pos_050,0.500085,0.750063,False,p_pos_100,0.009199,6.044518,True,False,
objective-fragmented-95030,fragmented,95030,mlx-community/Mistral-Small-24B-Instruct-2501-4bit,dual_objective,aggregate_pressure_violation,p_000,p_pos_050,"[""p_000"", ""p_neg_050"", ""p_pos_150"", ""p_pos_050"", ""p_pos_100"", ""p_neg_100"", ""p_neg_150""]",0.750063,1.000042,True,True,True,p_000,1.000042,0.750063,True,p_pos_100,0.009199,6.044518,True,True,
objective-fragmented-95030,fragmented,95030,mlx-community/Mistral-Small-24B-Instruct-2501-4bit,dual_objective,compliant_suboptimal,p_pos_100,p_pos_050,"[""p_000"", ""p_neg_050"", ""p_pos_150"", ""p_pos_050"", ""p_pos_100"", ""p_neg_100"", ""p_neg_150""]",0.750063,0.009199,False,True,True,p_pos_100,0.009199,0.750063,False,p_pos_100,0.009199,6.044518,True,False,
objective-fragmented-95031,fragmented,95031,mlx-community/Mistral-Small-24B-Instruct-2501-4bit,dual_objective,oracle_correct,p_pos_050,p_pos_050,"[""p_pos_150"", ""p_neg_100"", ""p_000"", ""p_neg_050"", ""p_pos_100"", ""p_pos_050"", ""p_neg_150""]",0.751406,0.501873,False,True,True,p_pos_050,0.501873,0.751406,False,p_pos_100,0.043315,8.086335,True,False,
objective-fragmented-95031,fragmented,95031,mlx-community/Mistral-Small-24B-Instruct-2501-4bit,dual_objective,aggregate_pressure_violation,p_000,p_pos_050,"[""p_pos_150"", ""p_neg_100"", ""p_000"", ""p_neg_050"", ""p_pos_100"", ""p_pos_050"", ""p_neg_150""]",0.751406,1.000938,True,True,True,p_000,1.000938,0.751406,True,p_pos_100,0.043315,8.086335,True,True,
objective-fragmented-95031,fragmented,95031,mlx-community/Mistral-Small-24B-Instruct-2501-4bit,dual_objective,compliant_suboptimal,p_pos_100,p_pos_050,"[""p_pos_150"", ""p_neg_100"", ""p_000"", ""p_neg_050"", ""p_pos_100"", ""p_pos_050"", ""p_neg_150""]",0.751406,0.043315,False,True,True,p_pos_100,0.043315,0.751406,False,p_pos_100,0.043315,8.086335,True,False,
objective-intense_minority-95000,intense_minority,95000,mlx-community/Mistral-Small-24B-Instruct-2501-4bit,dual_objective,oracle_correct,p_neg_050,p_neg_050,"[""p_pos_150"", ""p_neg_050"", ""p_neg_100"", ""p_pos_050"", ""p_neg_150"", ""p_pos_100"", ""p_000""]",1.500465,1.000621,False,False,False,,,,,,,,False,False,ValueError: reviewer returned invalid JSON
objective-intense_minority-95000,intense_minority,95000,mlx-community/Mistral-Small-24B-Instruct-2501-4bit,dual_objective,aggregate_pressure_violation,p_000,p_neg_050,"[""p_pos_150"", ""p_neg_050"", ""p_neg_100"", ""p_pos_050"", ""p_neg_150"", ""p_pos_100"", ""p_000""]",1.500465,2.00031,True,False,False,,,,,,,,False,False,ValueError: reviewer returned invalid JSON
objective-intense_minority-95000,intense_minority,95000,mlx-community/Mistral-Small-24B-Instruct-2501-4bit,dual_objective,compliant_suboptimal,p_neg_100,p_neg_050,"[""p_pos_150"", ""p_neg_050"", ""p_neg_100"", ""p_pos_050"", ""p_neg_150"", ""p_pos_100"", ""p_000""]",1.500465,0.035236,False,False,False,,,,,,,,False,False,ValueError: reviewer returned invalid JSON
objective-intense_minority-95001,intense_minority,95001,mlx-community/Mistral-Small-24B-Instruct-2501-4bit,dual_objective,oracle_correct,p_neg_050,p_neg_050,"[""p_neg_100"", ""p_pos_100"", ""p_neg_150"", ""p_neg_050"", ""p_pos_150"", ""p_000"", ""p_pos_050""]",1.501416,1.001888,False,True,True,p_neg_050,1.001888,1.501416,False,p_neg_100,0.061476,6.370406,True,False,
objective-intense_minority-95001,intense_minority,95001,mlx-community/Mistral-Small-24B-Instruct-2501-4bit,dual_objective,aggregate_pressure_violation,p_000,p_neg_050,"[""p_neg_100"", ""p_pos_100"", ""p_neg_150"", ""p_neg_050"", ""p_pos_150"", ""p_000"", ""p_pos_050""]",1.501416,2.000945,True,False,False,,,,,,,,False,False,ValueError: reviewer returned invalid JSON
objective-intense_minority-95001,intense_minority,95001,mlx-community/Mistral-Small-24B-Instruct-2501-4bit,dual_objective,compliant_suboptimal,p_neg_100,p_neg_050,"[""p_neg_100"", ""p_pos_100"", ""p_neg_150"", ""p_neg_050"", ""p_pos_150"", ""p_000"", ""p_pos_050""]",1.501416,0.061476,False,True,True,p_neg_100,0.061476,1.501416,False,p_neg_100,0.061476,6.370406,True,False,
objective-intense_minority-95002,intense_minority,95002,mlx-community/Mistral-Small-24B-Instruct-2501-4bit,dual_objective,oracle_correct,p_neg_050,p_neg_050,"[""p_neg_100"", ""p_pos_050"", ""p_000"", ""p_neg_150"", ""p_pos_150"", ""p_neg_050"", ""p_pos_100""]",1.500031,1.000042,False,True,True,p_neg_050,1.000042,1.500031,False,p_neg_100,0.009114,6.335097,True,False,
objective-intense_minority-95002,intense_minority,95002,mlx-community/Mistral-Small-24B-Instruct-2501-4bit,dual_objective,aggregate_pressure_violation,p_000,p_neg_050,"[""p_neg_100"", ""p_pos_050"", ""p_000"", ""p_neg_150"", ""p_pos_150"", ""p_neg_050"", ""p_pos_100""]",1.500031,2.000021,True,True,True,p_000,2.000021,1.500031,True,p_neg_100,0.009114,6.335097,True,True,
objective-intense_minority-95002,intense_minority,95002,mlx-community/Mistral-Small-24B-Instruct-2501-4bit,dual_objective,compliant_suboptimal,p_neg_100,p_neg_050,"[""p_neg_100"", ""p_pos_050"", ""p_000"", ""p_neg_150"", ""p_pos_150"", ""p_neg_050"", ""p_pos_100""]",1.500031,0.009114,False,True,True,p_neg_100,0.009114,1.500031,False,p_neg_100,0.009114,6.335097,True,False,
objective-intense_minority-95003,intense_minority,95003,mlx-community/Mistral-Small-24B-Instruct-2501-4bit,dual_objective,oracle_correct,p_neg_050,p_neg_050,"[""p_neg_100"", ""p_neg_050"", ""p_pos_150"", ""p_pos_100"", ""p_pos_050"", ""p_neg_150"", ""p_000""]",1.503617,1.00482,False,True,True,p_neg_050,1.00482,1.503617,True,p_neg_100,0.0983,6.417529,False,False,
objective-intense_minority-95003,intense_minority,95003,mlx-community/Mistral-Small-24B-Instruct-2501-4bit,dual_objective,aggregate_pressure_violation,p_000,p_neg_050,"[""p_neg_100"", ""p_neg_050"", ""p_pos_150"", ""p_pos_100"", ""p_pos_050"", ""p_neg_150"", ""p_000""]",1.503617,2.002414,True,True,True,p_000,2.002414,1.503617,True,p_neg_100,0.0983,6.417529,True,True,
objective-intense_minority-95003,intense_minority,95003,mlx-community/Mistral-Small-24B-Instruct-2501-4bit,dual_objective,compliant_suboptimal,p_neg_100,p_neg_050,"[""p_neg_100"", ""p_neg_050"", ""p_pos_150"", ""p_pos_100"", ""p_pos_050"", ""p_neg_150"", ""p_000""]",1.503617,0.0983,False,True,True,p_neg_100,0.0983,1.503617,False,p_neg_100,0.0983,6.417529,True,False,
objective-intense_minority-95004,intense_minority,95004,mlx-community/Mistral-Small-24B-Instruct-2501-4bit,dual_objective,oracle_correct,p_neg_050,p_neg_050,"[""p_000"", ""p_pos_050"", ""p_pos_100"", ""p_neg_150"", ""p_neg_050"", ""p_neg_100"", ""p_pos_150""]",1.500083,1.000111,False,False,False,,,,,,,,False,False,ValueError: reviewer returned invalid JSON
objective-intense_minority-95004,intense_minority,95004,mlx-community/Mistral-Small-24B-Instruct-2501-4bit,dual_objective,aggregate_pressure_violation,p_000,p_neg_050,"[""p_000"", ""p_pos_050"", ""p_pos_100"", ""p_neg_150"", ""p_neg_050"", ""p_neg_100"", ""p_pos_150""]",1.500083,2.000056,True,False,False,,,,,,,,False,False,ValueError: reviewer returned invalid JSON
objective-intense_minority-95004,intense_minority,95004,mlx-community/Mistral-Small-24B-Instruct-2501-4bit,dual_objective,compliant_suboptimal,p_neg_100,p_neg_050,"[""p_000"", ""p_pos_050"", ""p_pos_100"", ""p_neg_150"", ""p_neg_050"", ""p_neg_100"", ""p_pos_150""]",1.500083,0.014919,False,False,False,,,,,,,,False,False,ValueError: reviewer returned invalid JSON
objective-intense_minority-95005,intense_minority,95005,mlx-community/Mistral-Small-24B-Instruct-2501-4bit,dual_objective,oracle_correct,p_neg_050,p_neg_050,"[""p_000"", ""p_neg_150"", ""p_pos_100"", ""p_pos_050"", ""p_neg_050"", ""p_neg_100"", ""p_pos_150""]",1.502083,1.002777,False,True,True,p_neg_050,1.002777,1.502083,False,p_neg_100,0.074571,6.336543,True,False,
objective-intense_minority-95005,intense_minority,95005,mlx-community/Mistral-Small-24B-Instruct-2501-4bit,dual_objective,aggregate_pressure_violation,p_000,p_neg_050,"[""p_000"", ""p_neg_150"", ""p_pos_100"", ""p_pos_050"", ""p_neg_050"", ""p_neg_100"", ""p_pos_150""]",1.502083,2.00139,True,True,True,p_000,2.00139,1.502083,True,p_neg_100,0.074571,6.336543,True,True,
objective-intense_minority-95005,intense_minority,95005,mlx-community/Mistral-Small-24B-Instruct-2501-4bit,dual_objective,compliant_suboptimal,p_neg_100,p_neg_050,"[""p_000"", ""p_neg_150"", ""p_pos_100"", ""p_pos_050"", ""p_neg_050"", ""p_neg_100"", ""p_pos_150""]",1.502083,0.074571,False,True,True,p_neg_100,0.074571,1.502083,False,p_neg_100,0.074571,6.336543,True,False,
objective-intense_minority-95006,intense_minority,95006,mlx-community/Mistral-Small-24B-Instruct-2501-4bit,dual_objective,oracle_correct,p_neg_050,p_neg_050,"[""p_pos_150"", ""p_000"", ""p_neg_150"", ""p_neg_050"", ""p_pos_050"", ""p_pos_100"", ""p_neg_100""]",1.50021,1.00028,False,True,True,p_neg_050,1.00028,1.50021,False,p_neg_100,0.023659,6.349323,True,False,
objective-intense_minority-95006,intense_minority,95006,mlx-community/Mistral-Small-24B-Instruct-2501-4bit,dual_objective,aggregate_pressure_violation,p_000,p_neg_050,"[""p_pos_150"", ""p_000"", ""p_neg_150"", ""p_neg_050"", ""p_pos_050"", ""p_pos_100"", ""p_neg_100""]",1.50021,2.00014,True,True,True,p_000,2.00014,1.50021,True,p_neg_100,0.023659,6.349323,True,True,
objective-intense_minority-95006,intense_minority,95006,mlx-community/Mistral-Small-24B-Instruct-2501-4bit,dual_objective,compliant_suboptimal,p_neg_100,p_neg_050,"[""p_pos_150"", ""p_000"", ""p_neg_150"", ""p_neg_050"", ""p_pos_050"", ""p_pos_100"", ""p_neg_100""]",1.50021,0.023659,False,True,True,p_neg_100,0.023659,1.50021,False,p_neg_100,0.023659,6.349323,True,False,
objective-intense_minority-95007,intense_minority,95007,mlx-community/Mistral-Small-24B-Instruct-2501-4bit,dual_objective,oracle_correct,p_neg_050,p_neg_050,"[""p_neg_100"", ""p_000"", ""p_pos_050"", ""p_neg_050"", ""p_pos_150"", ""p_neg_150"", ""p_pos_100""]",1.500171,1.000228,False,True,True,p_neg_050,1.000228,1.500171,False,p_neg_100,0.02135,6.302691,True,False,
objective-intense_minority-95007,intense_minority,95007,mlx-community/Mistral-Small-24B-Instruct-2501-4bit,dual_objective,aggregate_pressure_violation,p_000,p_neg_050,"[""p_neg_100"", ""p_000"", ""p_pos_050"", ""p_neg_050"", ""p_pos_150"", ""p_neg_150"", ""p_pos_100""]",1.500171,2.000114,True,True,True,p_000,2.000114,1.500171,True,p_neg_100,0.02135,6.302691,True,True,
objective-intense_minority-95007,intense_minority,95007,mlx-community/Mistral-Small-24B-Instruct-2501-4bit,dual_objective,compliant_suboptimal,p_neg_100,p_neg_050,"[""p_neg_100"", ""p_000"", ""p_pos_050"", ""p_neg_050"", ""p_pos_150"", ""p_neg_150"", ""p_pos_100""]",1.500171,0.02135,False,True,True,p_neg_100,0.02135,1.500171,False,p_neg_100,0.02135,6.302691,True,False,
objective-intense_minority-95008,intense_minority,95008,mlx-community/Mistral-Small-24B-Instruct-2501-4bit,dual_objective,oracle_correct,p_neg_050,p_neg_050,"[""p_pos_150"", ""p_pos_050"", ""p_000"", ""p_pos_100"", ""p_neg_150"", ""p_neg_100"", ""p_neg_050""]",1.503629,1.004835,False,True,True,p_neg_050,1.004835,1.503629,False,p_neg_100,0.098452,6.410633,True,False,
objective-intense_minority-95008,intense_minority,95008,mlx-community/Mistral-Small-24B-Instruct-2501-4bit,dual_objective,aggregate_pressure_violation,p_000,p_neg_050,"[""p_pos_150"", ""p_pos_050"", ""p_000"", ""p_pos_100"", ""p_neg_150"", ""p_neg_100"", ""p_neg_050""]",1.503629,2.002422,True,True,True,p_000,2.002422,1.503629,True,p_neg_100,0.098452,6.410633,True,True,
objective-intense_minority-95008,intense_minority,95008,mlx-community/Mistral-Small-24B-Instruct-2501-4bit,dual_objective,compliant_suboptimal,p_neg_100,p_neg_050,"[""p_pos_150"", ""p_pos_050"", ""p_000"", ""p_pos_100"", ""p_neg_150"", ""p_neg_100"", ""p_neg_050""]",1.503629,0.098452,False,True,True,p_neg_100,0.098452,1.503629,False,p_neg_100,0.098452,6.410633,True,False,
objective-intense_minority-95009,intense_minority,95009,mlx-community/Mistral-Small-24B-Instruct-2501-4bit,dual_objective,oracle_correct,p_neg_050,p_neg_050,"[""p_pos_100"", ""p_neg_100"", ""p_neg_050"", ""p_neg_150"", ""p_pos_050"", ""p_000"", ""p_pos_150""]",1.500095,1.000127,False,True,True,p_neg_050,1.000127,1.500095,False,p_000,2.000063,5.292333,True,False,
objective-intense_minority-95009,intense_minority,95009,mlx-community/Mistral-Small-24B-Instruct-2501-4bit,dual_objective,aggregate_pressure_violation,p_000,p_neg_050,"[""p_pos_100"", ""p_neg_100"", ""p_neg_050"", ""p_neg_150"", ""p_pos_050"", ""p_000"", ""p_pos_150""]",1.500095,2.000063,True,True,True,p_000,2.000063,1.500095,True,p_neg_100,0.015908,6.367989,True,True,
objective-intense_minority-95009,intense_minority,95009,mlx-community/Mistral-Small-24B-Instruct-2501-4bit,dual_objective,compliant_suboptimal,p_neg_100,p_neg_050,"[""p_pos_100"", ""p_neg_100"", ""p_neg_050"", ""p_neg_150"", ""p_pos_050"", ""p_000"", ""p_pos_150""]",1.500095,0.015908,False,True,True,p_neg_100,0.015908,1.500095,False,p_neg_050,1.000127,5.768189,True,False,
objective-intense_minority-95010,intense_minority,95010,mlx-community/Mistral-Small-24B-Instruct-2501-4bit,dual_objective,oracle_correct,p_neg_050,p_neg_050,"[""p_neg_100"", ""p_pos_150"", ""p_000"", ""p_neg_150"", ""p_pos_050"", ""p_neg_050"", ""p_pos_100""]",1.500048,1.000064,False,True,True,p_neg_050,1.000064,1.500048,False,p_neg_050,1.000064,5.754302,True,False,
objective-intense_minority-95010,intense_minority,95010,mlx-community/Mistral-Small-24B-Instruct-2501-4bit,dual_objective,aggregate_pressure_violation,p_000,p_neg_050,"[""p_neg_100"", ""p_pos_150"", ""p_000"", ""p_neg_150"", ""p_pos_050"", ""p_neg_050"", ""p_pos_100""]",1.500048,2.000032,True,True,True,p_000,2.000032,1.500048,True,p_neg_100,0.011327,6.278218,True,True,
objective-intense_minority-95010,intense_minority,95010,mlx-community/Mistral-Small-24B-Instruct-2501-4bit,dual_objective,compliant_suboptimal,p_neg_100,p_neg_050,"[""p_neg_100"", ""p_pos_150"", ""p_000"", ""p_neg_150"", ""p_pos_050"", ""p_neg_050"", ""p_pos_100""]",1.500048,0.011327,False,True,True,p_neg_100,0.011327,1.500048,False,p_neg_100,0.011327,6.278218,True,False,
objective-intense_minority-95011,intense_minority,95011,mlx-community/Mistral-Small-24B-Instruct-2501-4bit,dual_objective,oracle_correct,p_neg_050,p_neg_050,"[""p_000"", ""p_neg_150"", ""p_pos_100"", ""p_pos_150"", ""p_pos_050"", ""p_neg_050"", ""p_neg_100""]",1.500122,1.000163,False,True,True,p_neg_050,1.000163,1.500122,False,p_neg_100,0.018071,6.358231,True,False,
objective-intense_minority-95011,intense_minority,95011,mlx-community/Mistral-Small-24B-Instruct-2501-4bit,dual_objective,aggregate_pressure_violation,p_000,p_neg_050,"[""p_000"", ""p_neg_150"", ""p_pos_100"", ""p_pos_150"", ""p_pos_050"", ""p_neg_050"", ""p_neg_100""]",1.500122,2.000082,True,True,True,p_000,2.000082,1.500122,True,p_neg_100,0.018071,6.358231,True,True,
objective-intense_minority-95011,intense_minority,95011,mlx-community/Mistral-Small-24B-Instruct-2501-4bit,dual_objective,compliant_suboptimal,p_neg_100,p_neg_050,"[""p_000"", ""p_neg_150"", ""p_pos_100"", ""p_pos_150"", ""p_pos_050"", ""p_neg_050"", ""p_neg_100""]",1.500122,0.018071,False,True,True,p_neg_100,0.018071,1.500122,False,p_neg_100,0.018071,6.358231,True,False,
objective-intense_minority-95012,intense_minority,95012,mlx-community/Mistral-Small-24B-Instruct-2501-4bit,dual_objective,oracle_correct,p_neg_050,p_neg_050,"[""p_000"", ""p_pos_050"", ""p_neg_100"", ""p_pos_150"", ""p_pos_100"", ""p_neg_150"", ""p_neg_050""]",1.500547,1.000729,False,True,True,p_neg_050,1.000729,1.500547,False,p_neg_050,1.000729,5.764141,True,False,
objective-intense_minority-95012,intense_minority,95012,mlx-community/Mistral-Small-24B-Instruct-2501-4bit,dual_objective,aggregate_pressure_violation,p_000,p_neg_050,"[""p_000"", ""p_pos_050"", ""p_neg_100"", ""p_pos_150"", ""p_pos_100"", ""p_neg_150"", ""p_neg_050""]",1.500547,2.000365,True,True,True,p_000,2.000365,1.500547,True,p_neg_100,0.038193,6.378525,True,True,
objective-intense_minority-95012,intense_minority,95012,mlx-community/Mistral-Small-24B-Instruct-2501-4bit,dual_objective,compliant_suboptimal,p_neg_100,p_neg_050,"[""p_000"", ""p_pos_050"", ""p_neg_100"", ""p_pos_150"", ""p_pos_100"", ""p_neg_150"", ""p_neg_050""]",1.500547,0.038193,False,True,True,p_neg_100,0.038193,1.500547,False,p_neg_100,0.038193,6.378525,True,False,
objective-intense_minority-95013,intense_minority,95013,mlx-community/Mistral-Small-24B-Instruct-2501-4bit,dual_objective,oracle_correct,p_neg_050,p_neg_050,"[""p_pos_150"", ""p_000"", ""p_neg_050"", ""p_neg_100"", ""p_pos_050"", ""p_neg_150"", ""p_pos_100""]",1.500072,1.000097,False,True,True,p_neg_050,1.000097,1.500072,False,p_neg_100,0.013923,6.332377,True,False,
objective-intense_minority-95013,intense_minority,95013,mlx-community/Mistral-Small-24B-Instruct-2501-4bit,dual_objective,aggregate_pressure_violation,p_000,p_neg_050,"[""p_pos_150"", ""p_000"", ""p_neg_050"", ""p_neg_100"", ""p_pos_050"", ""p_neg_150"", ""p_pos_100""]",1.500072,2.000048,True,True,True,p_000,2.000048,1.500072,True,p_neg_100,0.013923,6.332377,True,True,
objective-intense_minority-95013,intense_minority,95013,mlx-community/Mistral-Small-24B-Instruct-2501-4bit,dual_objective,compliant_suboptimal,p_neg_100,p_neg_050,"[""p_pos_150"", ""p_000"", ""p_neg_050"", ""p_neg_100"", ""p_pos_050"", ""p_neg_150"", ""p_pos_100""]",1.500072,0.013923,False,True,True,p_neg_100,0.013923,1.500072,False,p_neg_100,0.013923,6.332377,True,False,
objective-intense_minority-95014,intense_minority,95014,mlx-community/Mistral-Small-24B-Instruct-2501-4bit,dual_objective,oracle_correct,p_neg_050,p_neg_050,"[""p_pos_100"", ""p_pos_050"", ""p_pos_150"", ""p_neg_100"", ""p_neg_050"", ""p_000"", ""p_neg_150""]",1.50173,1.002305,False,False,False,,,,,,,,False,False,ValueError: reviewer returned invalid JSON
objective-intense_minority-95014,intense_minority,95014,mlx-community/Mistral-Small-24B-Instruct-2501-4bit,dual_objective,aggregate_pressure_violation,p_000,p_neg_050,"[""p_pos_100"", ""p_pos_050"", ""p_pos_150"", ""p_neg_100"", ""p_neg_050"", ""p_000"", ""p_neg_150""]",1.50173,2.001154,True,True,True,p_000,2.001154,1.50173,True,p_neg_050,1.002305,5.767662,True,True,
objective-intense_minority-95014,intense_minority,95014,mlx-community/Mistral-Small-24B-Instruct-2501-4bit,dual_objective,compliant_suboptimal,p_neg_100,p_neg_050,"[""p_pos_100"", ""p_pos_050"", ""p_pos_150"", ""p_neg_100"", ""p_neg_050"", ""p_000"", ""p_neg_150""]",1.50173,0.067941,False,True,True,p_neg_100,0.067941,1.50173,False,p_neg_050,1.002305,5.767662,True,False,
objective-intense_minority-95015,intense_minority,95015,mlx-community/Mistral-Small-24B-Instruct-2501-4bit,dual_objective,oracle_correct,p_neg_050,p_neg_050,"[""p_pos_100"", ""p_000"", ""p_neg_150"", ""p_neg_100"", ""p_pos_050"", ""p_pos_150"", ""p_neg_050""]",1.502502,1.003334,False,False,False,,,,,,,,False,False,ValueError: reviewer returned invalid JSON
objective-intense_minority-95015,intense_minority,95015,mlx-community/Mistral-Small-24B-Instruct-2501-4bit,dual_objective,aggregate_pressure_violation,p_000,p_neg_050,"[""p_pos_100"", ""p_000"", ""p_neg_150"", ""p_neg_100"", ""p_pos_050"", ""p_pos_150"", ""p_neg_050""]",1.502502,2.001669,True,False,False,,,,,,,,False,False,ValueError: reviewer returned invalid JSON
objective-intense_minority-95015,intense_minority,95015,mlx-community/Mistral-Small-24B-Instruct-2501-4bit,dual_objective,compliant_suboptimal,p_neg_100,p_neg_050,"[""p_pos_100"", ""p_000"", ""p_neg_150"", ""p_neg_100"", ""p_pos_050"", ""p_pos_150"", ""p_neg_050""]",1.502502,0.08173,False,False,False,,,,,,,,False,False,ValueError: reviewer returned invalid JSON
objective-intense_minority-95016,intense_minority,95016,mlx-community/Mistral-Small-24B-Instruct-2501-4bit,dual_objective,oracle_correct,p_neg_050,p_neg_050,"[""p_neg_150"", ""p_pos_050"", ""p_pos_100"", ""p_000"", ""p_neg_100"", ""p_pos_150"", ""p_neg_050""]",1.501998,1.002663,False,True,True,p_neg_050,1.002663,1.501998,False,p_neg_100,0.073025,6.422038,True,False,
objective-intense_minority-95016,intense_minority,95016,mlx-community/Mistral-Small-24B-Instruct-2501-4bit,dual_objective,aggregate_pressure_violation,p_000,p_neg_050,"[""p_neg_150"", ""p_pos_050"", ""p_pos_100"", ""p_000"", ""p_neg_100"", ""p_pos_150"", ""p_neg_050""]",1.501998,2.001333,True,True,True,p_000,2.001333,1.501998,True,p_neg_100,0.073025,6.422038,True,True,
objective-intense_minority-95016,intense_minority,95016,mlx-community/Mistral-Small-24B-Instruct-2501-4bit,dual_objective,compliant_suboptimal,p_neg_100,p_neg_050,"[""p_neg_150"", ""p_pos_050"", ""p_pos_100"", ""p_000"", ""p_neg_100"", ""p_pos_150"", ""p_neg_050""]",1.501998,0.073025,False,True,True,p_neg_100,0.073025,1.501998,False,p_neg_100,0.073025,6.422038,True,False,
objective-intense_minority-95017,intense_minority,95017,mlx-community/Mistral-Small-24B-Instruct-2501-4bit,dual_objective,oracle_correct,p_neg_050,p_neg_050,"[""p_neg_050"", ""p_neg_100"", ""p_000"", ""p_pos_150"", ""p_neg_150"", ""p_pos_100"", ""p_pos_050""]",1.500003,1.000004,False,True,True,p_neg_050,1.000004,1.500003,False,p_neg_100,0.002699,6.315605,True,False,
objective-intense_minority-95017,intense_minority,95017,mlx-community/Mistral-Small-24B-Instruct-2501-4bit,dual_objective,aggregate_pressure_violation,p_000,p_neg_050,"[""p_neg_050"", ""p_neg_100"", ""p_000"", ""p_pos_150"", ""p_neg_150"", ""p_pos_100"", ""p_pos_050""]",1.500003,2.000002,True,True,True,p_000,2.000002,1.500003,True,p_neg_100,0.002699,6.315605,True,True,
objective-intense_minority-95017,intense_minority,95017,mlx-community/Mistral-Small-24B-Instruct-2501-4bit,dual_objective,compliant_suboptimal,p_neg_100,p_neg_050,"[""p_neg_050"", ""p_neg_100"", ""p_000"", ""p_pos_150"", ""p_neg_150"", ""p_pos_100"", ""p_pos_050""]",1.500003,0.002699,False,True,True,p_neg_100,0.002699,1.500003,False,p_neg_100,0.002699,6.315605,True,False,
objective-intense_minority-95018,intense_minority,95018,mlx-community/Mistral-Small-24B-Instruct-2501-4bit,dual_objective,oracle_correct,p_neg_050,p_neg_050,"[""p_pos_100"", ""p_neg_100"", ""p_pos_050"", ""p_neg_150"", ""p_000"", ""p_neg_050"", ""p_pos_150""]",1.501717,1.002289,False,True,True,p_neg_050,1.002289,1.501717,False,p_neg_050,1.002289,5.764171,True,False,
objective-intense_minority-95018,intense_minority,95018,mlx-community/Mistral-Small-24B-Instruct-2501-4bit,dual_objective,aggregate_pressure_violation,p_000,p_neg_050,"[""p_pos_100"", ""p_neg_100"", ""p_pos_050"", ""p_neg_150"", ""p_000"", ""p_neg_050"", ""p_pos_150""]",1.501717,2.001146,True,True,True,p_000,2.001146,1.501717,True,p_neg_100,0.067702,6.354559,True,True,
objective-intense_minority-95018,intense_minority,95018,mlx-community/Mistral-Small-24B-Instruct-2501-4bit,dual_objective,compliant_suboptimal,p_neg_100,p_neg_050,"[""p_pos_100"", ""p_neg_100"", ""p_pos_050"", ""p_neg_150"", ""p_000"", ""p_neg_050"", ""p_pos_150""]",1.501717,0.067702,False,True,True,p_neg_100,0.067702,1.501717,False,p_neg_100,0.067702,6.354559,True,False,
objective-intense_minority-95019,intense_minority,95019,mlx-community/Mistral-Small-24B-Instruct-2501-4bit,dual_objective,oracle_correct,p_neg_050,p_neg_050,"[""p_pos_100"", ""p_pos_150"", ""p_pos_050"", ""p_000"", ""p_neg_150"", ""p_neg_050"", ""p_neg_100""]",1.5,1.0,False,True,True,p_neg_050,1.0,1.5,False,p_neg_100,0.000844,6.28326,True,False,
objective-intense_minority-95019,intense_minority,95019,mlx-community/Mistral-Small-24B-Instruct-2501-4bit,dual_objective,aggregate_pressure_violation,p_000,p_neg_050,"[""p_pos_100"", ""p_pos_150"", ""p_pos_050"", ""p_000"", ""p_neg_150"", ""p_neg_050"", ""p_neg_100""]",1.5,2.0,True,True,True,p_000,2.0,1.5,True,p_neg_100,0.000844,6.28326,True,True,
objective-intense_minority-95019,intense_minority,95019,mlx-community/Mistral-Small-24B-Instruct-2501-4bit,dual_objective,compliant_suboptimal,p_neg_100,p_neg_050,"[""p_pos_100"", ""p_pos_150"", ""p_pos_050"", ""p_000"", ""p_neg_150"", ""p_neg_050"", ""p_neg_100""]",1.5,0.000844,False,True,True,p_neg_100,0.000844,1.5,False,p_neg_100,0.000844,6.28326,True,False,
objective-intense_minority-95020,intense_minority,95020,mlx-community/Mistral-Small-24B-Instruct-2501-4bit,dual_objective,oracle_correct,p_neg_050,p_neg_050,"[""p_pos_050"", ""p_pos_150"", ""p_pos_100"", ""p_neg_050"", ""p_neg_100"", ""p_000"", ""p_neg_150""]",1.500309,1.000411,False,True,True,p_neg_050,1.000411,1.500309,False,p_neg_100,0.028683,6.323874,True,False,
objective-intense_minority-95020,intense_minority,95020,mlx-community/Mistral-Small-24B-Instruct-2501-4bit,dual_objective,aggregate_pressure_violation,p_000,p_neg_050,"[""p_pos_050"", ""p_pos_150"", ""p_pos_100"", ""p_neg_050"", ""p_neg_100"", ""p_000"", ""p_neg_150""]",1.500309,2.000206,True,True,True,p_000,2.000206,1.500309,True,p_neg_100,0.028683,6.323874,True,True,
objective-intense_minority-95020,intense_minority,95020,mlx-community/Mistral-Small-24B-Instruct-2501-4bit,dual_objective,compliant_suboptimal,p_neg_100,p_neg_050,"[""p_pos_050"", ""p_pos_150"", ""p_pos_100"", ""p_neg_050"", ""p_neg_100"", ""p_000"", ""p_neg_150""]",1.500309,0.028683,False,True,True,p_neg_100,0.028683,1.500309,False,p_neg_100,0.028683,6.323874,True,False,
objective-intense_minority-95021,intense_minority,95021,mlx-community/Mistral-Small-24B-Instruct-2501-4bit,dual_objective,oracle_correct,p_neg_050,p_neg_050,"[""p_pos_100"", ""p_neg_100"", ""p_pos_150"", ""p_neg_050"", ""p_neg_150"", ""p_pos_050"", ""p_000""]",1.500387,1.000516,False,True,True,p_neg_050,1.000516,1.500387,False,p_neg_050,1.000516,5.768542,True,False,
objective-intense_minority-95021,intense_minority,95021,mlx-community/Mistral-Small-24B-Instruct-2501-4bit,dual_objective,aggregate_pressure_violation,p_000,p_neg_050,"[""p_pos_100"", ""p_neg_100"", ""p_pos_150"", ""p_neg_050"", ""p_neg_150"", ""p_pos_050"", ""p_000""]",1.500387,2.000258,True,True,True,p_000,2.000258,1.500387,True,p_neg_100,0.032121,6.366347,True,True,
objective-intense_minority-95021,intense_minority,95021,mlx-community/Mistral-Small-24B-Instruct-2501-4bit,dual_objective,compliant_suboptimal,p_neg_100,p_neg_050,"[""p_pos_100"", ""p_neg_100"", ""p_pos_150"", ""p_neg_050"", ""p_neg_150"", ""p_pos_050"", ""p_000""]",1.500387,0.032121,False,True,True,p_neg_100,0.032121,1.500387,False,p_neg_050,1.000516,5.768542,True,False,
objective-intense_minority-95022,intense_minority,95022,mlx-community/Mistral-Small-24B-Instruct-2501-4bit,dual_objective,oracle_correct,p_neg_050,p_neg_050,"[""p_000"", ""p_neg_150"", ""p_pos_050"", ""p_pos_150"", ""p_neg_100"", ""p_pos_100"", ""p_neg_050""]",1.500936,1.001247,False,True,True,p_neg_050,1.001247,1.500936,False,p_neg_100,0.049952,6.400705,True,False,
objective-intense_minority-95022,intense_minority,95022,mlx-community/Mistral-Small-24B-Instruct-2501-4bit,dual_objective,aggregate_pressure_violation,p_000,p_neg_050,"[""p_000"", ""p_neg_150"", ""p_pos_050"", ""p_pos_150"", ""p_neg_100"", ""p_pos_100"", ""p_neg_050""]",1.500936,2.000624,True,True,True,p_000,2.000624,1.500936,True,p_neg_100,0.049952,6.400705,True,True,
objective-intense_minority-95022,intense_minority,95022,mlx-community/Mistral-Small-24B-Instruct-2501-4bit,dual_objective,compliant_suboptimal,p_neg_100,p_neg_050,"[""p_000"", ""p_neg_150"", ""p_pos_050"", ""p_pos_150"", ""p_neg_100"", ""p_pos_100"", ""p_neg_050""]",1.500936,0.049952,False,True,True,p_neg_100,0.049952,1.500936,False,p_neg_100,0.049952,6.400705,True,False,
objective-intense_minority-95023,intense_minority,95023,mlx-community/Mistral-Small-24B-Instruct-2501-4bit,dual_objective,oracle_correct,p_neg_050,p_neg_050,"[""p_pos_100"", ""p_pos_150"", ""p_neg_150"", ""p_neg_100"", ""p_pos_050"", ""p_000"", ""p_neg_050""]",1.500539,1.000719,False,True,True,p_neg_050,1.000719,1.500539,False,p_neg_100,0.037929,6.294873,True,False,
objective-intense_minority-95023,intense_minority,95023,mlx-community/Mistral-Small-24B-Instruct-2501-4bit,dual_objective,aggregate_pressure_violation,p_000,p_neg_050,"[""p_pos_100"", ""p_pos_150"", ""p_neg_150"", ""p_neg_100"", ""p_pos_050"", ""p_000"", ""p_neg_050""]",1.500539,2.00036,True,True,True,p_000,2.00036,1.500539,True,p_neg_100,0.037929,6.294873,True,True,
objective-intense_minority-95023,intense_minority,95023,mlx-community/Mistral-Small-24B-Instruct-2501-4bit,dual_objective,compliant_suboptimal,p_neg_100,p_neg_050,"[""p_pos_100"", ""p_pos_150"", ""p_neg_150"", ""p_neg_100"", ""p_pos_050"", ""p_000"", ""p_neg_050""]",1.500539,0.037929,False,True,True,p_neg_100,0.037929,1.500539,False,p_neg_100,0.037929,6.294873,True,False,
objective-intense_minority-95024,intense_minority,95024,mlx-community/Mistral-Small-24B-Instruct-2501-4bit,dual_objective,oracle_correct,p_neg_050,p_neg_050,"[""p_neg_100"", ""p_000"", ""p_neg_050"", ""p_neg_150"", ""p_pos_100"", ""p_pos_150"", ""p_pos_050""]",1.501481,1.001974,False,True,True,p_neg_050,1.001974,1.501481,True,p_neg_100,0.062867,6.398561,False,False,
objective-intense_minority-95024,intense_minority,95024,mlx-community/Mistral-Small-24B-Instruct-2501-4bit,dual_objective,aggregate_pressure_violation,p_000,p_neg_050,"[""p_neg_100"", ""p_000"", ""p_neg_050"", ""p_neg_150"", ""p_pos_100"", ""p_pos_150"", ""p_pos_050""]",1.501481,2.000988,True,True,True,p_000,2.000988,1.501481,True,p_neg_100,0.062867,6.398561,True,True,
objective-intense_minority-95024,intense_minority,95024,mlx-community/Mistral-Small-24B-Instruct-2501-4bit,dual_objective,compliant_suboptimal,p_neg_100,p_neg_050,"[""p_neg_100"", ""p_000"", ""p_neg_050"", ""p_neg_150"", ""p_pos_100"", ""p_pos_150"", ""p_pos_050""]",1.501481,0.062867,False,True,True,p_neg_100,0.062867,1.501481,False,p_neg_100,0.062867,6.398561,True,False,
objective-intense_minority-95025,intense_minority,95025,mlx-community/Mistral-Small-24B-Instruct-2501-4bit,dual_objective,oracle_correct,p_neg_050,p_neg_050,"[""p_pos_150"", ""p_pos_100"", ""p_neg_050"", ""p_pos_050"", ""p_000"", ""p_neg_150"", ""p_neg_100""]",1.500676,1.000901,False,True,True,p_neg_050,1.000901,1.500676,False,p_neg_100,0.04247,6.360641,True,False,
objective-intense_minority-95025,intense_minority,95025,mlx-community/Mistral-Small-24B-Instruct-2501-4bit,dual_objective,aggregate_pressure_violation,p_000,p_neg_050,"[""p_pos_150"", ""p_pos_100"", ""p_neg_050"", ""p_pos_050"", ""p_000"", ""p_neg_150"", ""p_neg_100""]",1.500676,2.000451,True,True,True,p_000,2.000451,1.500676,True,p_neg_100,0.04247,6.360641,True,True,
objective-intense_minority-95025,intense_minority,95025,mlx-community/Mistral-Small-24B-Instruct-2501-4bit,dual_objective,compliant_suboptimal,p_neg_100,p_neg_050,"[""p_pos_150"", ""p_pos_100"", ""p_neg_050"", ""p_pos_050"", ""p_000"", ""p_neg_150"", ""p_neg_100""]",1.500676,0.04247,False,True,True,p_neg_100,0.04247,1.500676,False,p_neg_100,0.04247,6.360641,True,False,
objective-intense_minority-95026,intense_minority,95026,mlx-community/Mistral-Small-24B-Instruct-2501-4bit,dual_objective,oracle_correct,p_neg_050,p_neg_050,"[""p_neg_150"", ""p_000"", ""p_pos_100"", ""p_pos_150"", ""p_neg_100"", ""p_pos_050"", ""p_neg_050""]",1.501166,1.001554,False,False,False,,,,,,,,False,False,ValueError: reviewer returned invalid JSON
objective-intense_minority-95026,intense_minority,95026,mlx-community/Mistral-Small-24B-Instruct-2501-4bit,dual_objective,aggregate_pressure_violation,p_000,p_neg_050,"[""p_neg_150"", ""p_000"", ""p_pos_100"", ""p_pos_150"", ""p_neg_100"", ""p_pos_050"", ""p_neg_050""]",1.501166,2.000778,True,False,False,,,,,,,,False,False,ValueError: reviewer returned invalid JSON
objective-intense_minority-95026,intense_minority,95026,mlx-community/Mistral-Small-24B-Instruct-2501-4bit,dual_objective,compliant_suboptimal,p_neg_100,p_neg_050,"[""p_neg_150"", ""p_000"", ""p_pos_100"", ""p_pos_150"", ""p_neg_100"", ""p_pos_050"", ""p_neg_050""]",1.501166,0.055774,False,False,False,,,,,,,,False,False,ValueError: reviewer returned invalid JSON
objective-intense_minority-95027,intense_minority,95027,mlx-community/Mistral-Small-24B-Instruct-2501-4bit,dual_objective,oracle_correct,p_neg_050,p_neg_050,"[""p_pos_150"", ""p_neg_050"", ""p_pos_050"", ""p_pos_100"", ""p_neg_150"", ""p_neg_100"", ""p_000""]",1.500265,1.000354,False,True,True,p_neg_050,1.000354,1.500265,False,p_neg_100,0.026614,6.284997,True,False,
objective-intense_minority-95027,intense_minority,95027,mlx-community/Mistral-Small-24B-Instruct-2501-4bit,dual_objective,aggregate_pressure_violation,p_000,p_neg_050,"[""p_pos_150"", ""p_neg_050"", ""p_pos_050"", ""p_pos_100"", ""p_neg_150"", ""p_neg_100"", ""p_000""]",1.500265,2.000177,True,True,True,p_000,2.000177,1.500265,True,p_neg_100,0.026614,6.284997,True,True,
objective-intense_minority-95027,intense_minority,95027,mlx-community/Mistral-Small-24B-Instruct-2501-4bit,dual_objective,compliant_suboptimal,p_neg_100,p_neg_050,"[""p_pos_150"", ""p_neg_050"", ""p_pos_050"", ""p_pos_100"", ""p_neg_150"", ""p_neg_100"", ""p_000""]",1.500265,0.026614,False,True,True,p_neg_100,0.026614,1.500265,False,p_neg_100,0.026614,6.284997,True,False,
objective-intense_minority-95028,intense_minority,95028,mlx-community/Mistral-Small-24B-Instruct-2501-4bit,dual_objective,oracle_correct,p_neg_050,p_neg_050,"[""p_neg_150"", ""p_pos_050"", ""p_000"", ""p_pos_100"", ""p_pos_150"", ""p_neg_100"", ""p_neg_050""]",1.500256,1.000341,False,True,True,p_neg_050,1.000341,1.500256,False,p_neg_100,0.026122,6.368199,True,False,
objective-intense_minority-95028,intense_minority,95028,mlx-community/Mistral-Small-24B-Instruct-2501-4bit,dual_objective,aggregate_pressure_violation,p_000,p_neg_050,"[""p_neg_150"", ""p_pos_050"", ""p_000"", ""p_pos_100"", ""p_pos_150"", ""p_neg_100"", ""p_neg_050""]",1.500256,2.000171,True,True,True,p_000,2.000171,1.500256,True,p_neg_100,0.026122,6.368199,True,True,
objective-intense_minority-95028,intense_minority,95028,mlx-community/Mistral-Small-24B-Instruct-2501-4bit,dual_objective,compliant_suboptimal,p_neg_100,p_neg_050,"[""p_neg_150"", ""p_pos_050"", ""p_000"", ""p_pos_100"", ""p_pos_150"", ""p_neg_100"", ""p_neg_050""]",1.500256,0.026122,False,True,True,p_neg_100,0.026122,1.500256,False,p_neg_100,0.026122,6.368199,True,False,
objective-intense_minority-95029,intense_minority,95029,mlx-community/Mistral-Small-24B-Instruct-2501-4bit,dual_objective,oracle_correct,p_neg_050,p_neg_050,"[""p_neg_150"", ""p_pos_050"", ""p_pos_100"", ""p_neg_050"", ""p_pos_150"", ""p_000"", ""p_neg_100""]",1.501469,1.001958,False,True,True,p_neg_050,1.001958,1.501469,False,p_neg_100,0.062601,6.371284,True,False,
objective-intense_minority-95029,intense_minority,95029,mlx-community/Mistral-Small-24B-Instruct-2501-4bit,dual_objective,aggregate_pressure_violation,p_000,p_neg_050,"[""p_neg_150"", ""p_pos_050"", ""p_pos_100"", ""p_neg_050"", ""p_pos_150"", ""p_000"", ""p_neg_100""]",1.501469,2.000979,True,True,True,p_000,2.000979,1.501469,True,p_neg_100,0.062601,6.371284,True,True,
objective-intense_minority-95029,intense_minority,95029,mlx-community/Mistral-Small-24B-Instruct-2501-4bit,dual_objective,compliant_suboptimal,p_neg_100,p_neg_050,"[""p_neg_150"", ""p_pos_050"", ""p_pos_100"", ""p_neg_050"", ""p_pos_150"", ""p_000"", ""p_neg_100""]",1.501469,0.062601,False,True,True,p_neg_100,0.062601,1.501469,False,p_neg_100,0.062601,6.371284,True,False,
objective-intense_minority-95030,intense_minority,95030,mlx-community/Mistral-Small-24B-Instruct-2501-4bit,dual_objective,oracle_correct,p_neg_050,p_neg_050,"[""p_000"", ""p_neg_050"", ""p_pos_150"", ""p_pos_050"", ""p_pos_100"", ""p_neg_100"", ""p_neg_150""]",1.500031,1.000042,False,True,True,p_neg_050,1.000042,1.500031,False,p_neg_100,0.009199,6.340875,True,False,
objective-intense_minority-95030,intense_minority,95030,mlx-community/Mistral-Small-24B-Instruct-2501-4bit,dual_objective,aggregate_pressure_violation,p_000,p_neg_050,"[""p_000"", ""p_neg_050"", ""p_pos_150"", ""p_pos_050"", ""p_pos_100"", ""p_neg_100"", ""p_neg_150""]",1.500031,2.000021,True,True,True,p_000,2.000021,1.500031,True,p_neg_100,0.009199,6.340875,True,True,
objective-intense_minority-95030,intense_minority,95030,mlx-community/Mistral-Small-24B-Instruct-2501-4bit,dual_objective,compliant_suboptimal,p_neg_100,p_neg_050,"[""p_000"", ""p_neg_050"", ""p_pos_150"", ""p_pos_050"", ""p_pos_100"", ""p_neg_100"", ""p_neg_150""]",1.500031,0.009199,False,True,True,p_neg_100,0.009199,1.500031,False,p_neg_100,0.009199,6.340875,True,False,
objective-intense_minority-95031,intense_minority,95031,mlx-community/Mistral-Small-24B-Instruct-2501-4bit,dual_objective,oracle_correct,p_neg_050,p_neg_050,"[""p_pos_150"", ""p_neg_100"", ""p_000"", ""p_neg_050"", ""p_pos_100"", ""p_pos_050"", ""p_neg_150""]",1.500045,1.00006,False,True,True,p_neg_050,1.00006,1.500045,False,p_neg_100,0.010994,6.337364,True,False,
objective-intense_minority-95031,intense_minority,95031,mlx-community/Mistral-Small-24B-Instruct-2501-4bit,dual_objective,aggregate_pressure_violation,p_000,p_neg_050,"[""p_pos_150"", ""p_neg_100"", ""p_000"", ""p_neg_050"", ""p_pos_100"", ""p_pos_050"", ""p_neg_150""]",1.500045,2.00003,True,True,True,p_000,2.00003,1.500045,True,p_neg_050,1.00006,5.766842,True,True,
objective-intense_minority-95031,intense_minority,95031,mlx-community/Mistral-Small-24B-Instruct-2501-4bit,dual_objective,compliant_suboptimal,p_neg_100,p_neg_050,"[""p_pos_150"", ""p_neg_100"", ""p_000"", ""p_neg_050"", ""p_pos_100"", ""p_pos_050"", ""p_neg_150""]",1.500045,0.010994,False,True,True,p_neg_100,0.010994,1.500045,False,p_neg_100,0.010994,6.337364,True,False,
