institution,scenario,seed,bills_processed,passage_rate,hung_parliament_behavior
parliamentary,baseline,0,25,0.92,cohesive_obstruction
parliamentary,baseline,1,25,0.8,cohesive_obstruction
parliamentary,baseline,2,25,0.68,cohesive_obstruction
parliamentary,baseline,3,25,0.6,cohesive_obstruction
parliamentary,baseline,4,25,0.6,cohesive_obstruction
parliamentary,baseline,5,25,0.72,cohesive_obstruction
parliamentary,baseline,6,25,0.68,cohesive_obstruction
parliamentary,baseline,7,25,0.84,cohesive_obstruction
parliamentary,baseline,8,25,0.64,cohesive_obstruction
parliamentary,baseline,9,25,0.8,cohesive_obstruction
parliamentary,baseline,10,25,0.84,cohesive_obstruction
parliamentary,baseline,11,25,0.72,cohesive_obstruction
parliamentary,baseline,12,25,0.76,cohesive_obstruction
parliamentary,baseline,13,25,0.6,cohesive_obstruction
parliamentary,baseline,14,25,0.72,cohesive_obstruction
parliamentary,baseline,15,25,0.84,cohesive_obstruction
parliamentary,baseline,16,25,0.84,cohesive_obstruction
parliamentary,baseline,17,25,0.76,cohesive_obstruction
parliamentary,baseline,18,25,0.72,cohesive_obstruction
parliamentary,baseline,19,25,0.72,cohesive_obstruction
parliamentary,baseline,20,25,0.68,cohesive_obstruction
parliamentary,baseline,21,25,0.48,cohesive_obstruction
parliamentary,baseline,22,25,0.92,cohesive_obstruction
parliamentary,baseline,23,25,0.68,cohesive_obstruction
parliamentary,baseline,24,25,0.76,cohesive_obstruction
parliamentary,baseline,25,25,0.6,cohesive_obstruction
parliamentary,baseline,26,25,0.88,cohesive_obstruction
parliamentary,baseline,27,25,0.64,cohesive_obstruction
parliamentary,baseline,28,25,0.76,cohesive_obstruction
parliamentary,baseline,29,25,0.84,cohesive_obstruction
parliamentary,baseline,30,25,0.76,cohesive_obstruction
parliamentary,baseline,31,25,0.8,cohesive_obstruction
parliamentary,baseline,32,25,0.72,cohesive_obstruction
parliamentary,baseline,33,25,0.92,cohesive_obstruction
parliamentary,baseline,34,25,0.88,cohesive_obstruction
parliamentary,baseline,35,25,0.76,cohesive_obstruction
parliamentary,baseline,36,25,0.84,cohesive_obstruction
parliamentary,baseline,37,25,0.76,cohesive_obstruction
parliamentary,baseline,38,25,0.76,cohesive_obstruction
parliamentary,baseline,39,25,0.8,cohesive_obstruction
parliamentary,baseline,40,25,0.8,cohesive_obstruction
parliamentary,baseline,41,25,0.68,cohesive_obstruction
parliamentary,baseline,42,25,0.68,cohesive_obstruction
parliamentary,baseline,43,25,0.84,cohesive_obstruction
parliamentary,baseline,44,25,0.84,cohesive_obstruction
parliamentary,baseline,45,25,0.6,cohesive_obstruction
parliamentary,baseline,46,25,0.72,cohesive_obstruction
parliamentary,baseline,47,25,0.8,cohesive_obstruction
parliamentary,baseline,48,25,0.88,cohesive_obstruction
parliamentary,baseline,49,25,0.64,cohesive_obstruction
parliamentary,baseline,50,25,0.84,cohesive_obstruction
parliamentary,baseline,51,25,0.76,cohesive_obstruction
parliamentary,baseline,52,25,0.68,cohesive_obstruction
parliamentary,baseline,53,25,0.56,cohesive_obstruction
parliamentary,baseline,54,25,0.84,cohesive_obstruction
parliamentary,baseline,55,25,0.8,cohesive_obstruction
parliamentary,baseline,56,25,0.68,cohesive_obstruction
parliamentary,baseline,57,25,0.72,cohesive_obstruction
parliamentary,baseline,58,25,0.88,cohesive_obstruction
parliamentary,baseline,59,25,0.8,cohesive_obstruction
parliamentary,baseline,60,25,0.72,cohesive_obstruction
parliamentary,baseline,61,25,0.76,cohesive_obstruction
parliamentary,baseline,62,25,0.72,cohesive_obstruction
parliamentary,baseline,63,25,0.68,cohesive_obstruction
parliamentary,baseline,64,25,0.56,cohesive_obstruction
parliamentary,baseline,65,25,0.72,cohesive_obstruction
parliamentary,baseline,66,25,0.72,cohesive_obstruction
parliamentary,baseline,67,25,0.8,cohesive_obstruction
parliamentary,baseline,68,25,0.72,cohesive_obstruction
parliamentary,baseline,69,25,0.8,cohesive_obstruction
parliamentary,baseline,70,25,0.88,cohesive_obstruction
parliamentary,baseline,71,25,0.6,cohesive_obstruction
parliamentary,baseline,72,25,0.72,cohesive_obstruction
parliamentary,baseline,73,25,0.88,cohesive_obstruction
parliamentary,baseline,74,25,0.76,cohesive_obstruction
parliamentary,baseline,75,25,0.72,cohesive_obstruction
parliamentary,baseline,76,25,0.68,cohesive_obstruction
parliamentary,baseline,77,25,0.6,cohesive_obstruction
parliamentary,baseline,78,25,0.88,cohesive_obstruction
parliamentary,baseline,79,25,0.76,cohesive_obstruction
parliamentary,baseline,80,25,0.68,cohesive_obstruction
parliamentary,baseline,81,25,0.84,cohesive_obstruction
parliamentary,baseline,82,25,0.76,cohesive_obstruction
parliamentary,baseline,83,25,0.76,cohesive_obstruction
parliamentary,baseline,84,25,0.72,cohesive_obstruction
parliamentary,baseline,85,25,0.72,cohesive_obstruction
parliamentary,baseline,86,25,0.6,cohesive_obstruction
parliamentary,baseline,87,25,0.76,cohesive_obstruction
parliamentary,baseline,88,25,0.84,cohesive_obstruction
parliamentary,baseline,89,25,0.68,cohesive_obstruction
parliamentary,baseline,90,25,0.76,cohesive_obstruction
parliamentary,baseline,91,25,0.68,cohesive_obstruction
parliamentary,baseline,92,25,0.8,cohesive_obstruction
parliamentary,baseline,93,25,0.84,cohesive_obstruction
parliamentary,baseline,94,25,0.68,cohesive_obstruction
parliamentary,baseline,95,25,0.72,cohesive_obstruction
parliamentary,baseline,96,25,0.68,cohesive_obstruction
parliamentary,baseline,97,25,0.64,cohesive_obstruction
parliamentary,baseline,98,25,0.84,cohesive_obstruction
parliamentary,baseline,99,25,0.76,cohesive_obstruction
parliamentary,baseline,100,25,0.76,cohesive_obstruction
parliamentary,baseline,101,25,0.72,cohesive_obstruction
parliamentary,baseline,102,25,0.56,cohesive_obstruction
parliamentary,baseline,103,25,0.8,cohesive_obstruction
parliamentary,baseline,104,25,0.52,cohesive_obstruction
parliamentary,baseline,105,25,0.84,cohesive_obstruction
parliamentary,baseline,106,25,0.72,cohesive_obstruction
parliamentary,baseline,107,25,0.84,cohesive_obstruction
parliamentary,baseline,108,25,0.76,cohesive_obstruction
parliamentary,baseline,109,25,0.8,cohesive_obstruction
parliamentary,baseline,110,25,0.84,cohesive_obstruction
parliamentary,baseline,111,25,0.8,cohesive_obstruction
parliamentary,baseline,112,25,0.84,cohesive_obstruction
parliamentary,baseline,113,25,0.84,cohesive_obstruction
parliamentary,baseline,114,25,0.72,cohesive_obstruction
parliamentary,baseline,115,25,0.84,cohesive_obstruction
parliamentary,baseline,116,25,0.68,cohesive_obstruction
parliamentary,baseline,117,25,0.64,cohesive_obstruction
parliamentary,baseline,118,25,0.76,cohesive_obstruction
parliamentary,baseline,119,25,0.72,cohesive_obstruction
parliamentary,baseline,120,25,0.68,cohesive_obstruction
parliamentary,baseline,121,25,0.72,cohesive_obstruction
parliamentary,baseline,122,25,0.68,cohesive_obstruction
parliamentary,baseline,123,25,0.8,cohesive_obstruction
parliamentary,baseline,124,25,0.68,cohesive_obstruction
parliamentary,baseline,125,25,0.76,cohesive_obstruction
parliamentary,baseline,126,25,0.64,cohesive_obstruction
parliamentary,baseline,127,25,0.6,cohesive_obstruction
parliamentary,baseline,128,25,0.68,cohesive_obstruction
parliamentary,baseline,129,25,0.72,cohesive_obstruction
parliamentary,baseline,130,25,0.56,cohesive_obstruction
parliamentary,baseline,131,25,0.8,cohesive_obstruction
parliamentary,baseline,132,25,0.8,cohesive_obstruction
parliamentary,baseline,133,25,0.68,cohesive_obstruction
parliamentary,baseline,134,25,0.52,cohesive_obstruction
parliamentary,baseline,135,25,0.68,cohesive_obstruction
parliamentary,baseline,136,25,0.84,cohesive_obstruction
parliamentary,baseline,137,25,0.76,cohesive_obstruction
parliamentary,baseline,138,25,0.64,cohesive_obstruction
parliamentary,baseline,139,25,0.76,cohesive_obstruction
parliamentary,baseline,140,25,0.72,cohesive_obstruction
parliamentary,baseline,141,25,0.76,cohesive_obstruction
parliamentary,baseline,142,25,0.76,cohesive_obstruction
parliamentary,baseline,143,25,0.84,cohesive_obstruction
parliamentary,baseline,144,25,0.72,cohesive_obstruction
parliamentary,baseline,145,25,0.76,cohesive_obstruction
parliamentary,baseline,146,25,0.52,cohesive_obstruction
parliamentary,baseline,147,25,0.92,cohesive_obstruction
parliamentary,baseline,148,25,0.84,cohesive_obstruction
parliamentary,baseline,149,25,0.68,cohesive_obstruction
parliamentary,baseline,150,25,0.8,cohesive_obstruction
parliamentary,baseline,151,25,0.72,cohesive_obstruction
parliamentary,baseline,152,25,0.8,cohesive_obstruction
parliamentary,baseline,153,25,0.72,cohesive_obstruction
parliamentary,baseline,154,25,0.68,cohesive_obstruction
parliamentary,baseline,155,25,0.84,cohesive_obstruction
parliamentary,baseline,156,25,0.76,cohesive_obstruction
parliamentary,baseline,157,25,0.76,cohesive_obstruction
parliamentary,baseline,158,25,0.76,cohesive_obstruction
parliamentary,baseline,159,25,0.72,cohesive_obstruction
parliamentary,baseline,160,25,0.76,cohesive_obstruction
parliamentary,baseline,161,25,0.76,cohesive_obstruction
parliamentary,baseline,162,25,0.76,cohesive_obstruction
parliamentary,baseline,163,25,0.72,cohesive_obstruction
parliamentary,baseline,164,25,0.76,cohesive_obstruction
parliamentary,baseline,165,25,0.76,cohesive_obstruction
parliamentary,baseline,166,25,0.76,cohesive_obstruction
parliamentary,baseline,167,25,0.72,cohesive_obstruction
parliamentary,baseline,168,25,0.72,cohesive_obstruction
parliamentary,baseline,169,25,0.84,cohesive_obstruction
parliamentary,baseline,170,25,0.88,cohesive_obstruction
parliamentary,baseline,171,25,0.68,cohesive_obstruction
parliamentary,baseline,172,25,0.52,cohesive_obstruction
parliamentary,baseline,173,25,0.72,cohesive_obstruction
parliamentary,baseline,174,25,0.64,cohesive_obstruction
parliamentary,baseline,175,25,0.76,cohesive_obstruction
parliamentary,baseline,176,25,0.76,cohesive_obstruction
parliamentary,baseline,177,25,0.76,cohesive_obstruction
parliamentary,baseline,178,25,0.76,cohesive_obstruction
parliamentary,baseline,179,25,0.84,cohesive_obstruction
parliamentary,baseline,180,25,0.68,cohesive_obstruction
parliamentary,baseline,181,25,0.84,cohesive_obstruction
parliamentary,baseline,182,25,0.64,cohesive_obstruction
parliamentary,baseline,183,25,0.8,cohesive_obstruction
parliamentary,baseline,184,25,0.8,cohesive_obstruction
parliamentary,baseline,185,25,0.64,cohesive_obstruction
parliamentary,baseline,186,25,0.76,cohesive_obstruction
parliamentary,baseline,187,25,0.8,cohesive_obstruction
parliamentary,baseline,188,25,0.8,cohesive_obstruction
parliamentary,baseline,189,25,0.76,cohesive_obstruction
parliamentary,baseline,190,25,0.84,cohesive_obstruction
parliamentary,baseline,191,25,0.68,cohesive_obstruction
parliamentary,baseline,192,25,0.76,cohesive_obstruction
parliamentary,baseline,193,25,0.84,cohesive_obstruction
parliamentary,baseline,194,25,0.76,cohesive_obstruction
parliamentary,baseline,195,25,0.72,cohesive_obstruction
parliamentary,baseline,196,25,0.6,cohesive_obstruction
parliamentary,baseline,197,25,0.6,cohesive_obstruction
parliamentary,baseline,198,25,0.72,cohesive_obstruction
parliamentary,baseline,199,25,0.8,cohesive_obstruction
parliamentary,baseline,0,25,0.92,personal_vote
parliamentary,baseline,1,25,0.8,personal_vote
parliamentary,baseline,2,25,0.68,personal_vote
parliamentary,baseline,3,25,0.6,personal_vote
parliamentary,baseline,4,25,0.6,personal_vote
parliamentary,baseline,5,25,0.72,personal_vote
parliamentary,baseline,6,25,0.68,personal_vote
parliamentary,baseline,7,25,0.84,personal_vote
parliamentary,baseline,8,25,0.64,personal_vote
parliamentary,baseline,9,25,0.8,personal_vote
parliamentary,baseline,10,25,0.84,personal_vote
parliamentary,baseline,11,25,0.72,personal_vote
parliamentary,baseline,12,25,0.76,personal_vote
parliamentary,baseline,13,25,0.6,personal_vote
parliamentary,baseline,14,25,0.72,personal_vote
parliamentary,baseline,15,25,0.84,personal_vote
parliamentary,baseline,16,25,0.84,personal_vote
parliamentary,baseline,17,25,0.76,personal_vote
parliamentary,baseline,18,25,0.72,personal_vote
parliamentary,baseline,19,25,0.72,personal_vote
parliamentary,baseline,20,25,0.68,personal_vote
parliamentary,baseline,21,25,0.48,personal_vote
parliamentary,baseline,22,25,0.92,personal_vote
parliamentary,baseline,23,25,0.68,personal_vote
parliamentary,baseline,24,25,0.76,personal_vote
parliamentary,baseline,25,25,0.6,personal_vote
parliamentary,baseline,26,25,0.88,personal_vote
parliamentary,baseline,27,25,0.64,personal_vote
parliamentary,baseline,28,25,0.76,personal_vote
parliamentary,baseline,29,25,0.84,personal_vote
parliamentary,baseline,30,25,0.76,personal_vote
parliamentary,baseline,31,25,0.8,personal_vote
parliamentary,baseline,32,25,0.72,personal_vote
parliamentary,baseline,33,25,0.92,personal_vote
parliamentary,baseline,34,25,0.88,personal_vote
parliamentary,baseline,35,25,0.76,personal_vote
parliamentary,baseline,36,25,0.84,personal_vote
parliamentary,baseline,37,25,0.76,personal_vote
parliamentary,baseline,38,25,0.76,personal_vote
parliamentary,baseline,39,25,0.8,personal_vote
parliamentary,baseline,40,25,0.8,personal_vote
parliamentary,baseline,41,25,0.68,personal_vote
parliamentary,baseline,42,25,0.68,personal_vote
parliamentary,baseline,43,25,0.84,personal_vote
parliamentary,baseline,44,25,0.84,personal_vote
parliamentary,baseline,45,25,0.6,personal_vote
parliamentary,baseline,46,25,0.72,personal_vote
parliamentary,baseline,47,25,0.8,personal_vote
parliamentary,baseline,48,25,0.88,personal_vote
parliamentary,baseline,49,25,0.64,personal_vote
parliamentary,baseline,50,25,0.84,personal_vote
parliamentary,baseline,51,25,0.76,personal_vote
parliamentary,baseline,52,25,0.68,personal_vote
parliamentary,baseline,53,25,0.56,personal_vote
parliamentary,baseline,54,25,0.84,personal_vote
parliamentary,baseline,55,25,0.8,personal_vote
parliamentary,baseline,56,25,0.68,personal_vote
parliamentary,baseline,57,25,0.72,personal_vote
parliamentary,baseline,58,25,0.88,personal_vote
parliamentary,baseline,59,25,0.8,personal_vote
parliamentary,baseline,60,25,0.72,personal_vote
parliamentary,baseline,61,25,0.76,personal_vote
parliamentary,baseline,62,25,0.72,personal_vote
parliamentary,baseline,63,25,0.68,personal_vote
parliamentary,baseline,64,25,0.56,personal_vote
parliamentary,baseline,65,25,0.72,personal_vote
parliamentary,baseline,66,25,0.72,personal_vote
parliamentary,baseline,67,25,0.8,personal_vote
parliamentary,baseline,68,25,0.72,personal_vote
parliamentary,baseline,69,25,0.8,personal_vote
parliamentary,baseline,70,25,0.88,personal_vote
parliamentary,baseline,71,25,0.6,personal_vote
parliamentary,baseline,72,25,0.72,personal_vote
parliamentary,baseline,73,25,0.88,personal_vote
parliamentary,baseline,74,25,0.76,personal_vote
parliamentary,baseline,75,25,0.72,personal_vote
parliamentary,baseline,76,25,0.68,personal_vote
parliamentary,baseline,77,25,0.6,personal_vote
parliamentary,baseline,78,25,0.88,personal_vote
parliamentary,baseline,79,25,0.76,personal_vote
parliamentary,baseline,80,25,0.68,personal_vote
parliamentary,baseline,81,25,0.84,personal_vote
parliamentary,baseline,82,25,0.76,personal_vote
parliamentary,baseline,83,25,0.76,personal_vote
parliamentary,baseline,84,25,0.72,personal_vote
parliamentary,baseline,85,25,0.72,personal_vote
parliamentary,baseline,86,25,0.6,personal_vote
parliamentary,baseline,87,25,0.76,personal_vote
parliamentary,baseline,88,25,0.84,personal_vote
parliamentary,baseline,89,25,0.68,personal_vote
parliamentary,baseline,90,25,0.76,personal_vote
parliamentary,baseline,91,25,0.68,personal_vote
parliamentary,baseline,92,25,0.8,personal_vote
parliamentary,baseline,93,25,0.84,personal_vote
parliamentary,baseline,94,25,0.68,personal_vote
parliamentary,baseline,95,25,0.72,personal_vote
parliamentary,baseline,96,25,0.68,personal_vote
parliamentary,baseline,97,25,0.64,personal_vote
parliamentary,baseline,98,25,0.84,personal_vote
parliamentary,baseline,99,25,0.76,personal_vote
parliamentary,baseline,100,25,0.76,personal_vote
parliamentary,baseline,101,25,0.72,personal_vote
parliamentary,baseline,102,25,0.56,personal_vote
parliamentary,baseline,103,25,0.8,personal_vote
parliamentary,baseline,104,25,0.52,personal_vote
parliamentary,baseline,105,25,0.84,personal_vote
parliamentary,baseline,106,25,0.72,personal_vote
parliamentary,baseline,107,25,0.84,personal_vote
parliamentary,baseline,108,25,0.76,personal_vote
parliamentary,baseline,109,25,0.8,personal_vote
parliamentary,baseline,110,25,0.84,personal_vote
parliamentary,baseline,111,25,0.8,personal_vote
parliamentary,baseline,112,25,0.84,personal_vote
parliamentary,baseline,113,25,0.84,personal_vote
parliamentary,baseline,114,25,0.72,personal_vote
parliamentary,baseline,115,25,0.84,personal_vote
parliamentary,baseline,116,25,0.68,personal_vote
parliamentary,baseline,117,25,0.64,personal_vote
parliamentary,baseline,118,25,0.76,personal_vote
parliamentary,baseline,119,25,0.72,personal_vote
parliamentary,baseline,120,25,0.68,personal_vote
parliamentary,baseline,121,25,0.72,personal_vote
parliamentary,baseline,122,25,0.68,personal_vote
parliamentary,baseline,123,25,0.8,personal_vote
parliamentary,baseline,124,25,0.68,personal_vote
parliamentary,baseline,125,25,0.76,personal_vote
parliamentary,baseline,126,25,0.64,personal_vote
parliamentary,baseline,127,25,0.6,personal_vote
parliamentary,baseline,128,25,0.68,personal_vote
parliamentary,baseline,129,25,0.72,personal_vote
parliamentary,baseline,130,25,0.56,personal_vote
parliamentary,baseline,131,25,0.8,personal_vote
parliamentary,baseline,132,25,0.8,personal_vote
parliamentary,baseline,133,25,0.68,personal_vote
parliamentary,baseline,134,25,0.52,personal_vote
parliamentary,baseline,135,25,0.68,personal_vote
parliamentary,baseline,136,25,0.84,personal_vote
parliamentary,baseline,137,25,0.76,personal_vote
parliamentary,baseline,138,25,0.64,personal_vote
parliamentary,baseline,139,25,0.76,personal_vote
parliamentary,baseline,140,25,0.72,personal_vote
parliamentary,baseline,141,25,0.76,personal_vote
parliamentary,baseline,142,25,0.76,personal_vote
parliamentary,baseline,143,25,0.84,personal_vote
parliamentary,baseline,144,25,0.72,personal_vote
parliamentary,baseline,145,25,0.76,personal_vote
parliamentary,baseline,146,25,0.52,personal_vote
parliamentary,baseline,147,25,0.92,personal_vote
parliamentary,baseline,148,25,0.84,personal_vote
parliamentary,baseline,149,25,0.68,personal_vote
parliamentary,baseline,150,25,0.8,personal_vote
parliamentary,baseline,151,25,0.72,personal_vote
parliamentary,baseline,152,25,0.8,personal_vote
parliamentary,baseline,153,25,0.72,personal_vote
parliamentary,baseline,154,25,0.68,personal_vote
parliamentary,baseline,155,25,0.84,personal_vote
parliamentary,baseline,156,25,0.76,personal_vote
parliamentary,baseline,157,25,0.76,personal_vote
parliamentary,baseline,158,25,0.76,personal_vote
parliamentary,baseline,159,25,0.72,personal_vote
parliamentary,baseline,160,25,0.76,personal_vote
parliamentary,baseline,161,25,0.76,personal_vote
parliamentary,baseline,162,25,0.76,personal_vote
parliamentary,baseline,163,25,0.72,personal_vote
parliamentary,baseline,164,25,0.76,personal_vote
parliamentary,baseline,165,25,0.76,personal_vote
parliamentary,baseline,166,25,0.76,personal_vote
parliamentary,baseline,167,25,0.72,personal_vote
parliamentary,baseline,168,25,0.72,personal_vote
parliamentary,baseline,169,25,0.84,personal_vote
parliamentary,baseline,170,25,0.88,personal_vote
parliamentary,baseline,171,25,0.68,personal_vote
parliamentary,baseline,172,25,0.52,personal_vote
parliamentary,baseline,173,25,0.72,personal_vote
parliamentary,baseline,174,25,0.64,personal_vote
parliamentary,baseline,175,25,0.76,personal_vote
parliamentary,baseline,176,25,0.76,personal_vote
parliamentary,baseline,177,25,0.76,personal_vote
parliamentary,baseline,178,25,0.76,personal_vote
parliamentary,baseline,179,25,0.84,personal_vote
parliamentary,baseline,180,25,0.68,personal_vote
parliamentary,baseline,181,25,0.84,personal_vote
parliamentary,baseline,182,25,0.64,personal_vote
parliamentary,baseline,183,25,0.8,personal_vote
parliamentary,baseline,184,25,0.8,personal_vote
parliamentary,baseline,185,25,0.64,personal_vote
parliamentary,baseline,186,25,0.76,personal_vote
parliamentary,baseline,187,25,0.8,personal_vote
parliamentary,baseline,188,25,0.8,personal_vote
parliamentary,baseline,189,25,0.76,personal_vote
parliamentary,baseline,190,25,0.84,personal_vote
parliamentary,baseline,191,25,0.68,personal_vote
parliamentary,baseline,192,25,0.76,personal_vote
parliamentary,baseline,193,25,0.84,personal_vote
parliamentary,baseline,194,25,0.76,personal_vote
parliamentary,baseline,195,25,0.72,personal_vote
parliamentary,baseline,196,25,0.6,personal_vote
parliamentary,baseline,197,25,0.6,personal_vote
parliamentary,baseline,198,25,0.72,personal_vote
parliamentary,baseline,199,25,0.8,personal_vote
republican,baseline,0,25,0.44,cohesive_obstruction
republican,baseline,1,25,0.52,cohesive_obstruction
republican,baseline,2,25,0.36,cohesive_obstruction
republican,baseline,3,25,0.52,cohesive_obstruction
republican,baseline,4,25,0.56,cohesive_obstruction
republican,baseline,5,25,0.48,cohesive_obstruction
republican,baseline,6,25,0.52,cohesive_obstruction
republican,baseline,7,25,0.52,cohesive_obstruction
republican,baseline,8,25,0.4,cohesive_obstruction
republican,baseline,9,25,0.48,cohesive_obstruction
republican,baseline,10,25,0.56,cohesive_obstruction
republican,baseline,11,25,0.48,cohesive_obstruction
republican,baseline,12,25,0.48,cohesive_obstruction
republican,baseline,13,25,0.48,cohesive_obstruction
republican,baseline,14,25,0.44,cohesive_obstruction
republican,baseline,15,25,0.32,cohesive_obstruction
republican,baseline,16,25,0.48,cohesive_obstruction
republican,baseline,17,25,0.44,cohesive_obstruction
republican,baseline,18,25,0.52,cohesive_obstruction
republican,baseline,19,25,0.44,cohesive_obstruction
republican,baseline,20,25,0.36,cohesive_obstruction
republican,baseline,21,25,0.48,cohesive_obstruction
republican,baseline,22,25,0.48,cohesive_obstruction
republican,baseline,23,25,0.44,cohesive_obstruction
republican,baseline,24,25,0.56,cohesive_obstruction
republican,baseline,25,25,0.48,cohesive_obstruction
republican,baseline,26,25,0.28,cohesive_obstruction
republican,baseline,27,25,0.44,cohesive_obstruction
republican,baseline,28,25,0.64,cohesive_obstruction
republican,baseline,29,25,0.28,cohesive_obstruction
republican,baseline,30,25,0.52,cohesive_obstruction
republican,baseline,31,25,0.44,cohesive_obstruction
republican,baseline,32,25,0.44,cohesive_obstruction
republican,baseline,33,25,0.28,cohesive_obstruction
republican,baseline,34,25,0.52,cohesive_obstruction
republican,baseline,35,25,0.52,cohesive_obstruction
republican,baseline,36,25,0.48,cohesive_obstruction
republican,baseline,37,25,0.52,cohesive_obstruction
republican,baseline,38,25,0.44,cohesive_obstruction
republican,baseline,39,25,0.44,cohesive_obstruction
republican,baseline,40,25,0.4,cohesive_obstruction
republican,baseline,41,25,0.48,cohesive_obstruction
republican,baseline,42,25,0.44,cohesive_obstruction
republican,baseline,43,25,0.44,cohesive_obstruction
republican,baseline,44,25,0.6,cohesive_obstruction
republican,baseline,45,25,0.4,cohesive_obstruction
republican,baseline,46,25,0.48,cohesive_obstruction
republican,baseline,47,25,0.48,cohesive_obstruction
republican,baseline,48,25,0.56,cohesive_obstruction
republican,baseline,49,25,0.44,cohesive_obstruction
republican,baseline,50,25,0.48,cohesive_obstruction
republican,baseline,51,25,0.36,cohesive_obstruction
republican,baseline,52,25,0.36,cohesive_obstruction
republican,baseline,53,25,0.4,cohesive_obstruction
republican,baseline,54,25,0.68,cohesive_obstruction
republican,baseline,55,25,0.6,cohesive_obstruction
republican,baseline,56,25,0.28,cohesive_obstruction
republican,baseline,57,25,0.52,cohesive_obstruction
republican,baseline,58,25,0.48,cohesive_obstruction
republican,baseline,59,25,0.36,cohesive_obstruction
republican,baseline,60,25,0.32,cohesive_obstruction
republican,baseline,61,25,0.72,cohesive_obstruction
republican,baseline,62,25,0.48,cohesive_obstruction
republican,baseline,63,25,0.28,cohesive_obstruction
republican,baseline,64,25,0.48,cohesive_obstruction
republican,baseline,65,25,0.44,cohesive_obstruction
republican,baseline,66,25,0.52,cohesive_obstruction
republican,baseline,67,25,0.4,cohesive_obstruction
republican,baseline,68,25,0.36,cohesive_obstruction
republican,baseline,69,25,0.52,cohesive_obstruction
republican,baseline,70,25,0.52,cohesive_obstruction
republican,baseline,71,25,0.2,cohesive_obstruction
republican,baseline,72,25,0.4,cohesive_obstruction
republican,baseline,73,25,0.32,cohesive_obstruction
republican,baseline,74,25,0.48,cohesive_obstruction
republican,baseline,75,25,0.44,cohesive_obstruction
republican,baseline,76,25,0.28,cohesive_obstruction
republican,baseline,77,25,0.44,cohesive_obstruction
republican,baseline,78,25,0.4,cohesive_obstruction
republican,baseline,79,25,0.48,cohesive_obstruction
republican,baseline,80,25,0.4,cohesive_obstruction
republican,baseline,81,25,0.32,cohesive_obstruction
republican,baseline,82,25,0.56,cohesive_obstruction
republican,baseline,83,25,0.48,cohesive_obstruction
republican,baseline,84,25,0.56,cohesive_obstruction
republican,baseline,85,25,0.52,cohesive_obstruction
republican,baseline,86,25,0.4,cohesive_obstruction
republican,baseline,87,25,0.36,cohesive_obstruction
republican,baseline,88,25,0.48,cohesive_obstruction
republican,baseline,89,25,0.52,cohesive_obstruction
republican,baseline,90,25,0.4,cohesive_obstruction
republican,baseline,91,25,0.32,cohesive_obstruction
republican,baseline,92,25,0.48,cohesive_obstruction
republican,baseline,93,25,0.4,cohesive_obstruction
republican,baseline,94,25,0.28,cohesive_obstruction
republican,baseline,95,25,0.44,cohesive_obstruction
republican,baseline,96,25,0.4,cohesive_obstruction
republican,baseline,97,25,0.44,cohesive_obstruction
republican,baseline,98,25,0.28,cohesive_obstruction
republican,baseline,99,25,0.4,cohesive_obstruction
republican,baseline,100,25,0.36,cohesive_obstruction
republican,baseline,101,25,0.68,cohesive_obstruction
republican,baseline,102,25,0.44,cohesive_obstruction
republican,baseline,103,25,0.44,cohesive_obstruction
republican,baseline,104,25,0.48,cohesive_obstruction
republican,baseline,105,25,0.48,cohesive_obstruction
republican,baseline,106,25,0.44,cohesive_obstruction
republican,baseline,107,25,0.56,cohesive_obstruction
republican,baseline,108,25,0.4,cohesive_obstruction
republican,baseline,109,25,0.44,cohesive_obstruction
republican,baseline,110,25,0.4,cohesive_obstruction
republican,baseline,111,25,0.6,cohesive_obstruction
republican,baseline,112,25,0.6,cohesive_obstruction
republican,baseline,113,25,0.4,cohesive_obstruction
republican,baseline,114,25,0.44,cohesive_obstruction
republican,baseline,115,25,0.4,cohesive_obstruction
republican,baseline,116,25,0.36,cohesive_obstruction
republican,baseline,117,25,0.76,cohesive_obstruction
republican,baseline,118,25,0.28,cohesive_obstruction
republican,baseline,119,25,0.44,cohesive_obstruction
republican,baseline,120,25,0.44,cohesive_obstruction
republican,baseline,121,25,0.44,cohesive_obstruction
republican,baseline,122,25,0.32,cohesive_obstruction
republican,baseline,123,25,0.44,cohesive_obstruction
republican,baseline,124,25,0.4,cohesive_obstruction
republican,baseline,125,25,0.4,cohesive_obstruction
republican,baseline,126,25,0.48,cohesive_obstruction
republican,baseline,127,25,0.44,cohesive_obstruction
republican,baseline,128,25,0.44,cohesive_obstruction
republican,baseline,129,25,0.6,cohesive_obstruction
republican,baseline,130,25,0.48,cohesive_obstruction
republican,baseline,131,25,0.52,cohesive_obstruction
republican,baseline,132,25,0.24,cohesive_obstruction
republican,baseline,133,25,0.52,cohesive_obstruction
republican,baseline,134,25,0.52,cohesive_obstruction
republican,baseline,135,25,0.44,cohesive_obstruction
republican,baseline,136,25,0.56,cohesive_obstruction
republican,baseline,137,25,0.36,cohesive_obstruction
republican,baseline,138,25,0.36,cohesive_obstruction
republican,baseline,139,25,0.6,cohesive_obstruction
republican,baseline,140,25,0.2,cohesive_obstruction
republican,baseline,141,25,0.52,cohesive_obstruction
republican,baseline,142,25,0.36,cohesive_obstruction
republican,baseline,143,25,0.36,cohesive_obstruction
republican,baseline,144,25,0.44,cohesive_obstruction
republican,baseline,145,25,0.48,cohesive_obstruction
republican,baseline,146,25,0.52,cohesive_obstruction
republican,baseline,147,25,0.36,cohesive_obstruction
republican,baseline,148,25,0.44,cohesive_obstruction
republican,baseline,149,25,0.48,cohesive_obstruction
republican,baseline,150,25,0.56,cohesive_obstruction
republican,baseline,151,25,0.36,cohesive_obstruction
republican,baseline,152,25,0.48,cohesive_obstruction
republican,baseline,153,25,0.48,cohesive_obstruction
republican,baseline,154,25,0.48,cohesive_obstruction
republican,baseline,155,25,0.44,cohesive_obstruction
republican,baseline,156,25,0.8,cohesive_obstruction
republican,baseline,157,25,0.52,cohesive_obstruction
republican,baseline,158,25,0.32,cohesive_obstruction
republican,baseline,159,25,0.4,cohesive_obstruction
republican,baseline,160,25,0.44,cohesive_obstruction
republican,baseline,161,25,0.72,cohesive_obstruction
republican,baseline,162,25,0.36,cohesive_obstruction
republican,baseline,163,25,0.4,cohesive_obstruction
republican,baseline,164,25,0.48,cohesive_obstruction
republican,baseline,165,25,0.36,cohesive_obstruction
republican,baseline,166,25,0.32,cohesive_obstruction
republican,baseline,167,25,0.32,cohesive_obstruction
republican,baseline,168,25,0.4,cohesive_obstruction
republican,baseline,169,25,0.4,cohesive_obstruction
republican,baseline,170,25,0.52,cohesive_obstruction
republican,baseline,171,25,0.56,cohesive_obstruction
republican,baseline,172,25,0.6,cohesive_obstruction
republican,baseline,173,25,0.28,cohesive_obstruction
republican,baseline,174,25,0.52,cohesive_obstruction
republican,baseline,175,25,0.4,cohesive_obstruction
republican,baseline,176,25,0.52,cohesive_obstruction
republican,baseline,177,25,0.52,cohesive_obstruction
republican,baseline,178,25,0.52,cohesive_obstruction
republican,baseline,179,25,0.56,cohesive_obstruction
republican,baseline,180,25,0.36,cohesive_obstruction
republican,baseline,181,25,0.44,cohesive_obstruction
republican,baseline,182,25,0.4,cohesive_obstruction
republican,baseline,183,25,0.44,cohesive_obstruction
republican,baseline,184,25,0.28,cohesive_obstruction
republican,baseline,185,25,0.36,cohesive_obstruction
republican,baseline,186,25,0.6,cohesive_obstruction
republican,baseline,187,25,0.48,cohesive_obstruction
republican,baseline,188,25,0.36,cohesive_obstruction
republican,baseline,189,25,0.28,cohesive_obstruction
republican,baseline,190,25,0.24,cohesive_obstruction
republican,baseline,191,25,0.44,cohesive_obstruction
republican,baseline,192,25,0.44,cohesive_obstruction
republican,baseline,193,25,0.44,cohesive_obstruction
republican,baseline,194,25,0.48,cohesive_obstruction
republican,baseline,195,25,0.4,cohesive_obstruction
republican,baseline,196,25,0.56,cohesive_obstruction
republican,baseline,197,25,0.68,cohesive_obstruction
republican,baseline,198,25,0.52,cohesive_obstruction
republican,baseline,199,25,0.56,cohesive_obstruction
republican,baseline,0,25,0.44,personal_vote
republican,baseline,1,25,0.52,personal_vote
republican,baseline,2,25,0.36,personal_vote
republican,baseline,3,25,0.52,personal_vote
republican,baseline,4,25,0.56,personal_vote
republican,baseline,5,25,0.48,personal_vote
republican,baseline,6,25,0.52,personal_vote
republican,baseline,7,25,0.52,personal_vote
republican,baseline,8,25,0.4,personal_vote
republican,baseline,9,25,0.48,personal_vote
republican,baseline,10,25,0.56,personal_vote
republican,baseline,11,25,0.48,personal_vote
republican,baseline,12,25,0.48,personal_vote
republican,baseline,13,25,0.48,personal_vote
republican,baseline,14,25,0.44,personal_vote
republican,baseline,15,25,0.32,personal_vote
republican,baseline,16,25,0.48,personal_vote
republican,baseline,17,25,0.44,personal_vote
republican,baseline,18,25,0.52,personal_vote
republican,baseline,19,25,0.44,personal_vote
republican,baseline,20,25,0.36,personal_vote
republican,baseline,21,25,0.48,personal_vote
republican,baseline,22,25,0.48,personal_vote
republican,baseline,23,25,0.44,personal_vote
republican,baseline,24,25,0.56,personal_vote
republican,baseline,25,25,0.48,personal_vote
republican,baseline,26,25,0.28,personal_vote
republican,baseline,27,25,0.44,personal_vote
republican,baseline,28,25,0.64,personal_vote
republican,baseline,29,25,0.28,personal_vote
republican,baseline,30,25,0.52,personal_vote
republican,baseline,31,25,0.44,personal_vote
republican,baseline,32,25,0.44,personal_vote
republican,baseline,33,25,0.28,personal_vote
republican,baseline,34,25,0.52,personal_vote
republican,baseline,35,25,0.52,personal_vote
republican,baseline,36,25,0.48,personal_vote
republican,baseline,37,25,0.52,personal_vote
republican,baseline,38,25,0.44,personal_vote
republican,baseline,39,25,0.44,personal_vote
republican,baseline,40,25,0.4,personal_vote
republican,baseline,41,25,0.48,personal_vote
republican,baseline,42,25,0.44,personal_vote
republican,baseline,43,25,0.44,personal_vote
republican,baseline,44,25,0.6,personal_vote
republican,baseline,45,25,0.4,personal_vote
republican,baseline,46,25,0.48,personal_vote
republican,baseline,47,25,0.48,personal_vote
republican,baseline,48,25,0.56,personal_vote
republican,baseline,49,25,0.44,personal_vote
republican,baseline,50,25,0.48,personal_vote
republican,baseline,51,25,0.36,personal_vote
republican,baseline,52,25,0.36,personal_vote
republican,baseline,53,25,0.4,personal_vote
republican,baseline,54,25,0.68,personal_vote
republican,baseline,55,25,0.6,personal_vote
republican,baseline,56,25,0.28,personal_vote
republican,baseline,57,25,0.52,personal_vote
republican,baseline,58,25,0.48,personal_vote
republican,baseline,59,25,0.36,personal_vote
republican,baseline,60,25,0.32,personal_vote
republican,baseline,61,25,0.72,personal_vote
republican,baseline,62,25,0.48,personal_vote
republican,baseline,63,25,0.28,personal_vote
republican,baseline,64,25,0.48,personal_vote
republican,baseline,65,25,0.44,personal_vote
republican,baseline,66,25,0.52,personal_vote
republican,baseline,67,25,0.4,personal_vote
republican,baseline,68,25,0.36,personal_vote
republican,baseline,69,25,0.52,personal_vote
republican,baseline,70,25,0.52,personal_vote
republican,baseline,71,25,0.2,personal_vote
republican,baseline,72,25,0.4,personal_vote
republican,baseline,73,25,0.32,personal_vote
republican,baseline,74,25,0.48,personal_vote
republican,baseline,75,25,0.44,personal_vote
republican,baseline,76,25,0.28,personal_vote
republican,baseline,77,25,0.44,personal_vote
republican,baseline,78,25,0.4,personal_vote
republican,baseline,79,25,0.48,personal_vote
republican,baseline,80,25,0.4,personal_vote
republican,baseline,81,25,0.32,personal_vote
republican,baseline,82,25,0.56,personal_vote
republican,baseline,83,25,0.48,personal_vote
republican,baseline,84,25,0.56,personal_vote
republican,baseline,85,25,0.52,personal_vote
republican,baseline,86,25,0.4,personal_vote
republican,baseline,87,25,0.36,personal_vote
republican,baseline,88,25,0.48,personal_vote
republican,baseline,89,25,0.52,personal_vote
republican,baseline,90,25,0.4,personal_vote
republican,baseline,91,25,0.32,personal_vote
republican,baseline,92,25,0.48,personal_vote
republican,baseline,93,25,0.4,personal_vote
republican,baseline,94,25,0.28,personal_vote
republican,baseline,95,25,0.44,personal_vote
republican,baseline,96,25,0.4,personal_vote
republican,baseline,97,25,0.44,personal_vote
republican,baseline,98,25,0.28,personal_vote
republican,baseline,99,25,0.4,personal_vote
republican,baseline,100,25,0.36,personal_vote
republican,baseline,101,25,0.68,personal_vote
republican,baseline,102,25,0.44,personal_vote
republican,baseline,103,25,0.44,personal_vote
republican,baseline,104,25,0.48,personal_vote
republican,baseline,105,25,0.48,personal_vote
republican,baseline,106,25,0.44,personal_vote
republican,baseline,107,25,0.56,personal_vote
republican,baseline,108,25,0.4,personal_vote
republican,baseline,109,25,0.44,personal_vote
republican,baseline,110,25,0.4,personal_vote
republican,baseline,111,25,0.6,personal_vote
republican,baseline,112,25,0.6,personal_vote
republican,baseline,113,25,0.4,personal_vote
republican,baseline,114,25,0.44,personal_vote
republican,baseline,115,25,0.4,personal_vote
republican,baseline,116,25,0.36,personal_vote
republican,baseline,117,25,0.76,personal_vote
republican,baseline,118,25,0.28,personal_vote
republican,baseline,119,25,0.44,personal_vote
republican,baseline,120,25,0.44,personal_vote
republican,baseline,121,25,0.44,personal_vote
republican,baseline,122,25,0.32,personal_vote
republican,baseline,123,25,0.44,personal_vote
republican,baseline,124,25,0.4,personal_vote
republican,baseline,125,25,0.4,personal_vote
republican,baseline,126,25,0.48,personal_vote
republican,baseline,127,25,0.44,personal_vote
republican,baseline,128,25,0.44,personal_vote
republican,baseline,129,25,0.6,personal_vote
republican,baseline,130,25,0.48,personal_vote
republican,baseline,131,25,0.52,personal_vote
republican,baseline,132,25,0.24,personal_vote
republican,baseline,133,25,0.52,personal_vote
republican,baseline,134,25,0.52,personal_vote
republican,baseline,135,25,0.44,personal_vote
republican,baseline,136,25,0.56,personal_vote
republican,baseline,137,25,0.36,personal_vote
republican,baseline,138,25,0.36,personal_vote
republican,baseline,139,25,0.6,personal_vote
republican,baseline,140,25,0.2,personal_vote
republican,baseline,141,25,0.52,personal_vote
republican,baseline,142,25,0.36,personal_vote
republican,baseline,143,25,0.36,personal_vote
republican,baseline,144,25,0.44,personal_vote
republican,baseline,145,25,0.48,personal_vote
republican,baseline,146,25,0.52,personal_vote
republican,baseline,147,25,0.36,personal_vote
republican,baseline,148,25,0.44,personal_vote
republican,baseline,149,25,0.48,personal_vote
republican,baseline,150,25,0.56,personal_vote
republican,baseline,151,25,0.36,personal_vote
republican,baseline,152,25,0.48,personal_vote
republican,baseline,153,25,0.48,personal_vote
republican,baseline,154,25,0.48,personal_vote
republican,baseline,155,25,0.44,personal_vote
republican,baseline,156,25,0.8,personal_vote
republican,baseline,157,25,0.52,personal_vote
republican,baseline,158,25,0.32,personal_vote
republican,baseline,159,25,0.4,personal_vote
republican,baseline,160,25,0.44,personal_vote
republican,baseline,161,25,0.72,personal_vote
republican,baseline,162,25,0.36,personal_vote
republican,baseline,163,25,0.4,personal_vote
republican,baseline,164,25,0.48,personal_vote
republican,baseline,165,25,0.36,personal_vote
republican,baseline,166,25,0.32,personal_vote
republican,baseline,167,25,0.32,personal_vote
republican,baseline,168,25,0.4,personal_vote
republican,baseline,169,25,0.4,personal_vote
republican,baseline,170,25,0.52,personal_vote
republican,baseline,171,25,0.56,personal_vote
republican,baseline,172,25,0.6,personal_vote
republican,baseline,173,25,0.28,personal_vote
republican,baseline,174,25,0.52,personal_vote
republican,baseline,175,25,0.4,personal_vote
republican,baseline,176,25,0.52,personal_vote
republican,baseline,177,25,0.52,personal_vote
republican,baseline,178,25,0.52,personal_vote
republican,baseline,179,25,0.56,personal_vote
republican,baseline,180,25,0.36,personal_vote
republican,baseline,181,25,0.44,personal_vote
republican,baseline,182,25,0.4,personal_vote
republican,baseline,183,25,0.44,personal_vote
republican,baseline,184,25,0.28,personal_vote
republican,baseline,185,25,0.36,personal_vote
republican,baseline,186,25,0.6,personal_vote
republican,baseline,187,25,0.48,personal_vote
republican,baseline,188,25,0.36,personal_vote
republican,baseline,189,25,0.28,personal_vote
republican,baseline,190,25,0.24,personal_vote
republican,baseline,191,25,0.44,personal_vote
republican,baseline,192,25,0.44,personal_vote
republican,baseline,193,25,0.44,personal_vote
republican,baseline,194,25,0.48,personal_vote
republican,baseline,195,25,0.4,personal_vote
republican,baseline,196,25,0.56,personal_vote
republican,baseline,197,25,0.68,personal_vote
republican,baseline,198,25,0.52,personal_vote
republican,baseline,199,25,0.56,personal_vote
premier_presidential,baseline,0,25,0.68,cohesive_obstruction
premier_presidential,baseline,1,25,0.64,cohesive_obstruction
premier_presidential,baseline,2,25,0.64,cohesive_obstruction
premier_presidential,baseline,3,25,0.6,cohesive_obstruction
premier_presidential,baseline,4,25,0.72,cohesive_obstruction
premier_presidential,baseline,5,25,0.56,cohesive_obstruction
premier_presidential,baseline,6,25,0.4,cohesive_obstruction
premier_presidential,baseline,7,25,0.68,cohesive_obstruction
premier_presidential,baseline,8,25,0.6,cohesive_obstruction
premier_presidential,baseline,9,25,0.52,cohesive_obstruction
premier_presidential,baseline,10,25,0.52,cohesive_obstruction
premier_presidential,baseline,11,25,0.44,cohesive_obstruction
premier_presidential,baseline,12,25,0.48,cohesive_obstruction
premier_presidential,baseline,13,25,0.56,cohesive_obstruction
premier_presidential,baseline,14,25,0.52,cohesive_obstruction
premier_presidential,baseline,15,25,0.44,cohesive_obstruction
premier_presidential,baseline,16,25,0.52,cohesive_obstruction
premier_presidential,baseline,17,25,0.56,cohesive_obstruction
premier_presidential,baseline,18,25,0.52,cohesive_obstruction
premier_presidential,baseline,19,25,0.56,cohesive_obstruction
premier_presidential,baseline,20,25,0.56,cohesive_obstruction
premier_presidential,baseline,21,25,0.68,cohesive_obstruction
premier_presidential,baseline,22,25,0.56,cohesive_obstruction
premier_presidential,baseline,23,25,0.52,cohesive_obstruction
premier_presidential,baseline,24,25,0.64,cohesive_obstruction
premier_presidential,baseline,25,25,0.6,cohesive_obstruction
premier_presidential,baseline,26,25,0.48,cohesive_obstruction
premier_presidential,baseline,27,25,0.44,cohesive_obstruction
premier_presidential,baseline,28,25,0.48,cohesive_obstruction
premier_presidential,baseline,29,25,0.76,cohesive_obstruction
premier_presidential,baseline,30,25,0.52,cohesive_obstruction
premier_presidential,baseline,31,25,0.44,cohesive_obstruction
premier_presidential,baseline,32,25,0.52,cohesive_obstruction
premier_presidential,baseline,33,25,0.56,cohesive_obstruction
premier_presidential,baseline,34,25,0.4,cohesive_obstruction
premier_presidential,baseline,35,25,0.64,cohesive_obstruction
premier_presidential,baseline,36,25,0.52,cohesive_obstruction
premier_presidential,baseline,37,25,0.72,cohesive_obstruction
premier_presidential,baseline,38,25,0.44,cohesive_obstruction
premier_presidential,baseline,39,25,0.52,cohesive_obstruction
premier_presidential,baseline,40,25,0.52,cohesive_obstruction
premier_presidential,baseline,41,25,0.28,cohesive_obstruction
premier_presidential,baseline,42,25,0.36,cohesive_obstruction
premier_presidential,baseline,43,25,0.56,cohesive_obstruction
premier_presidential,baseline,44,25,0.56,cohesive_obstruction
premier_presidential,baseline,45,25,0.56,cohesive_obstruction
premier_presidential,baseline,46,25,0.44,cohesive_obstruction
premier_presidential,baseline,47,25,0.52,cohesive_obstruction
premier_presidential,baseline,48,25,0.56,cohesive_obstruction
premier_presidential,baseline,49,25,0.56,cohesive_obstruction
premier_presidential,baseline,50,25,0.68,cohesive_obstruction
premier_presidential,baseline,51,25,0.4,cohesive_obstruction
premier_presidential,baseline,52,25,0.72,cohesive_obstruction
premier_presidential,baseline,53,25,0.52,cohesive_obstruction
premier_presidential,baseline,54,25,0.64,cohesive_obstruction
premier_presidential,baseline,55,25,0.72,cohesive_obstruction
premier_presidential,baseline,56,25,0.6,cohesive_obstruction
premier_presidential,baseline,57,25,0.52,cohesive_obstruction
premier_presidential,baseline,58,25,0.6,cohesive_obstruction
premier_presidential,baseline,59,25,0.6,cohesive_obstruction
premier_presidential,baseline,60,25,0.6,cohesive_obstruction
premier_presidential,baseline,61,25,0.64,cohesive_obstruction
premier_presidential,baseline,62,25,0.44,cohesive_obstruction
premier_presidential,baseline,63,25,0.48,cohesive_obstruction
premier_presidential,baseline,64,25,0.48,cohesive_obstruction
premier_presidential,baseline,65,25,0.52,cohesive_obstruction
premier_presidential,baseline,66,25,0.56,cohesive_obstruction
premier_presidential,baseline,67,25,0.64,cohesive_obstruction
premier_presidential,baseline,68,25,0.64,cohesive_obstruction
premier_presidential,baseline,69,25,0.56,cohesive_obstruction
premier_presidential,baseline,70,25,0.56,cohesive_obstruction
premier_presidential,baseline,71,25,0.64,cohesive_obstruction
premier_presidential,baseline,72,25,0.4,cohesive_obstruction
premier_presidential,baseline,73,25,0.64,cohesive_obstruction
premier_presidential,baseline,74,25,0.48,cohesive_obstruction
premier_presidential,baseline,75,25,0.36,cohesive_obstruction
premier_presidential,baseline,76,25,0.52,cohesive_obstruction
premier_presidential,baseline,77,25,0.6,cohesive_obstruction
premier_presidential,baseline,78,25,0.6,cohesive_obstruction
premier_presidential,baseline,79,25,0.44,cohesive_obstruction
premier_presidential,baseline,80,25,0.6,cohesive_obstruction
premier_presidential,baseline,81,25,0.48,cohesive_obstruction
premier_presidential,baseline,82,25,0.4,cohesive_obstruction
premier_presidential,baseline,83,25,0.64,cohesive_obstruction
premier_presidential,baseline,84,25,0.68,cohesive_obstruction
premier_presidential,baseline,85,25,0.52,cohesive_obstruction
premier_presidential,baseline,86,25,0.32,cohesive_obstruction
premier_presidential,baseline,87,25,0.44,cohesive_obstruction
premier_presidential,baseline,88,25,0.48,cohesive_obstruction
premier_presidential,baseline,89,25,0.44,cohesive_obstruction
premier_presidential,baseline,90,25,0.6,cohesive_obstruction
premier_presidential,baseline,91,25,0.52,cohesive_obstruction
premier_presidential,baseline,92,25,0.68,cohesive_obstruction
premier_presidential,baseline,93,25,0.6,cohesive_obstruction
premier_presidential,baseline,94,25,0.56,cohesive_obstruction
premier_presidential,baseline,95,25,0.52,cohesive_obstruction
premier_presidential,baseline,96,25,0.48,cohesive_obstruction
premier_presidential,baseline,97,25,0.44,cohesive_obstruction
premier_presidential,baseline,98,25,0.56,cohesive_obstruction
premier_presidential,baseline,99,25,0.6,cohesive_obstruction
premier_presidential,baseline,100,25,0.6,cohesive_obstruction
premier_presidential,baseline,101,25,0.6,cohesive_obstruction
premier_presidential,baseline,102,25,0.44,cohesive_obstruction
premier_presidential,baseline,103,25,0.52,cohesive_obstruction
premier_presidential,baseline,104,25,0.48,cohesive_obstruction
premier_presidential,baseline,105,25,0.6,cohesive_obstruction
premier_presidential,baseline,106,25,0.64,cohesive_obstruction
premier_presidential,baseline,107,25,0.24,cohesive_obstruction
premier_presidential,baseline,108,25,0.68,cohesive_obstruction
premier_presidential,baseline,109,25,0.6,cohesive_obstruction
premier_presidential,baseline,110,25,0.72,cohesive_obstruction
premier_presidential,baseline,111,25,0.56,cohesive_obstruction
premier_presidential,baseline,112,25,0.52,cohesive_obstruction
premier_presidential,baseline,113,25,0.48,cohesive_obstruction
premier_presidential,baseline,114,25,0.48,cohesive_obstruction
premier_presidential,baseline,115,25,0.52,cohesive_obstruction
premier_presidential,baseline,116,25,0.44,cohesive_obstruction
premier_presidential,baseline,117,25,0.52,cohesive_obstruction
premier_presidential,baseline,118,25,0.52,cohesive_obstruction
premier_presidential,baseline,119,25,0.64,cohesive_obstruction
premier_presidential,baseline,120,25,0.72,cohesive_obstruction
premier_presidential,baseline,121,25,0.48,cohesive_obstruction
premier_presidential,baseline,122,25,0.56,cohesive_obstruction
premier_presidential,baseline,123,25,0.48,cohesive_obstruction
premier_presidential,baseline,124,25,0.52,cohesive_obstruction
premier_presidential,baseline,125,25,0.84,cohesive_obstruction
premier_presidential,baseline,126,25,0.56,cohesive_obstruction
premier_presidential,baseline,127,25,0.56,cohesive_obstruction
premier_presidential,baseline,128,25,0.68,cohesive_obstruction
premier_presidential,baseline,129,25,0.68,cohesive_obstruction
premier_presidential,baseline,130,25,0.4,cohesive_obstruction
premier_presidential,baseline,131,25,0.52,cohesive_obstruction
premier_presidential,baseline,132,25,0.52,cohesive_obstruction
premier_presidential,baseline,133,25,0.48,cohesive_obstruction
premier_presidential,baseline,134,25,0.6,cohesive_obstruction
premier_presidential,baseline,135,25,0.48,cohesive_obstruction
premier_presidential,baseline,136,25,0.44,cohesive_obstruction
premier_presidential,baseline,137,25,0.56,cohesive_obstruction
premier_presidential,baseline,138,25,0.56,cohesive_obstruction
premier_presidential,baseline,139,25,0.64,cohesive_obstruction
premier_presidential,baseline,140,25,0.44,cohesive_obstruction
premier_presidential,baseline,141,25,0.64,cohesive_obstruction
premier_presidential,baseline,142,25,0.64,cohesive_obstruction
premier_presidential,baseline,143,25,0.56,cohesive_obstruction
premier_presidential,baseline,144,25,0.64,cohesive_obstruction
premier_presidential,baseline,145,25,0.64,cohesive_obstruction
premier_presidential,baseline,146,25,0.36,cohesive_obstruction
premier_presidential,baseline,147,25,0.52,cohesive_obstruction
premier_presidential,baseline,148,25,0.6,cohesive_obstruction
premier_presidential,baseline,149,25,0.72,cohesive_obstruction
premier_presidential,baseline,150,25,0.64,cohesive_obstruction
premier_presidential,baseline,151,25,0.56,cohesive_obstruction
premier_presidential,baseline,152,25,0.56,cohesive_obstruction
premier_presidential,baseline,153,25,0.4,cohesive_obstruction
premier_presidential,baseline,154,25,0.52,cohesive_obstruction
premier_presidential,baseline,155,25,0.44,cohesive_obstruction
premier_presidential,baseline,156,25,0.44,cohesive_obstruction
premier_presidential,baseline,157,25,0.44,cohesive_obstruction
premier_presidential,baseline,158,25,0.6,cohesive_obstruction
premier_presidential,baseline,159,25,0.64,cohesive_obstruction
premier_presidential,baseline,160,25,0.6,cohesive_obstruction
premier_presidential,baseline,161,25,0.52,cohesive_obstruction
premier_presidential,baseline,162,25,0.76,cohesive_obstruction
premier_presidential,baseline,163,25,0.68,cohesive_obstruction
premier_presidential,baseline,164,25,0.44,cohesive_obstruction
premier_presidential,baseline,165,25,0.6,cohesive_obstruction
premier_presidential,baseline,166,25,0.64,cohesive_obstruction
premier_presidential,baseline,167,25,0.6,cohesive_obstruction
premier_presidential,baseline,168,25,0.6,cohesive_obstruction
premier_presidential,baseline,169,25,0.44,cohesive_obstruction
premier_presidential,baseline,170,25,0.36,cohesive_obstruction
premier_presidential,baseline,171,25,0.68,cohesive_obstruction
premier_presidential,baseline,172,25,0.6,cohesive_obstruction
premier_presidential,baseline,173,25,0.36,cohesive_obstruction
premier_presidential,baseline,174,25,0.72,cohesive_obstruction
premier_presidential,baseline,175,25,0.52,cohesive_obstruction
premier_presidential,baseline,176,25,0.6,cohesive_obstruction
premier_presidential,baseline,177,25,0.68,cohesive_obstruction
premier_presidential,baseline,178,25,0.36,cohesive_obstruction
premier_presidential,baseline,179,25,0.52,cohesive_obstruction
premier_presidential,baseline,180,25,0.56,cohesive_obstruction
premier_presidential,baseline,181,25,0.52,cohesive_obstruction
premier_presidential,baseline,182,25,0.56,cohesive_obstruction
premier_presidential,baseline,183,25,0.6,cohesive_obstruction
premier_presidential,baseline,184,25,0.48,cohesive_obstruction
premier_presidential,baseline,185,25,0.4,cohesive_obstruction
premier_presidential,baseline,186,25,0.48,cohesive_obstruction
premier_presidential,baseline,187,25,0.44,cohesive_obstruction
premier_presidential,baseline,188,25,0.48,cohesive_obstruction
premier_presidential,baseline,189,25,0.4,cohesive_obstruction
premier_presidential,baseline,190,25,0.52,cohesive_obstruction
premier_presidential,baseline,191,25,0.52,cohesive_obstruction
premier_presidential,baseline,192,25,0.72,cohesive_obstruction
premier_presidential,baseline,193,25,0.56,cohesive_obstruction
premier_presidential,baseline,194,25,0.48,cohesive_obstruction
premier_presidential,baseline,195,25,0.56,cohesive_obstruction
premier_presidential,baseline,196,25,0.68,cohesive_obstruction
premier_presidential,baseline,197,25,0.52,cohesive_obstruction
premier_presidential,baseline,198,25,0.56,cohesive_obstruction
premier_presidential,baseline,199,25,0.56,cohesive_obstruction
premier_presidential,baseline,0,25,0.68,personal_vote
premier_presidential,baseline,1,25,0.64,personal_vote
premier_presidential,baseline,2,25,0.64,personal_vote
premier_presidential,baseline,3,25,0.6,personal_vote
premier_presidential,baseline,4,25,0.72,personal_vote
premier_presidential,baseline,5,25,0.56,personal_vote
premier_presidential,baseline,6,25,0.4,personal_vote
premier_presidential,baseline,7,25,0.68,personal_vote
premier_presidential,baseline,8,25,0.6,personal_vote
premier_presidential,baseline,9,25,0.52,personal_vote
premier_presidential,baseline,10,25,0.52,personal_vote
premier_presidential,baseline,11,25,0.44,personal_vote
premier_presidential,baseline,12,25,0.48,personal_vote
premier_presidential,baseline,13,25,0.56,personal_vote
premier_presidential,baseline,14,25,0.52,personal_vote
premier_presidential,baseline,15,25,0.44,personal_vote
premier_presidential,baseline,16,25,0.52,personal_vote
premier_presidential,baseline,17,25,0.56,personal_vote
premier_presidential,baseline,18,25,0.52,personal_vote
premier_presidential,baseline,19,25,0.56,personal_vote
premier_presidential,baseline,20,25,0.56,personal_vote
premier_presidential,baseline,21,25,0.68,personal_vote
premier_presidential,baseline,22,25,0.56,personal_vote
premier_presidential,baseline,23,25,0.52,personal_vote
premier_presidential,baseline,24,25,0.64,personal_vote
premier_presidential,baseline,25,25,0.6,personal_vote
premier_presidential,baseline,26,25,0.48,personal_vote
premier_presidential,baseline,27,25,0.44,personal_vote
premier_presidential,baseline,28,25,0.48,personal_vote
premier_presidential,baseline,29,25,0.76,personal_vote
premier_presidential,baseline,30,25,0.52,personal_vote
premier_presidential,baseline,31,25,0.44,personal_vote
premier_presidential,baseline,32,25,0.52,personal_vote
premier_presidential,baseline,33,25,0.56,personal_vote
premier_presidential,baseline,34,25,0.4,personal_vote
premier_presidential,baseline,35,25,0.64,personal_vote
premier_presidential,baseline,36,25,0.52,personal_vote
premier_presidential,baseline,37,25,0.72,personal_vote
premier_presidential,baseline,38,25,0.44,personal_vote
premier_presidential,baseline,39,25,0.52,personal_vote
premier_presidential,baseline,40,25,0.52,personal_vote
premier_presidential,baseline,41,25,0.28,personal_vote
premier_presidential,baseline,42,25,0.36,personal_vote
premier_presidential,baseline,43,25,0.56,personal_vote
premier_presidential,baseline,44,25,0.56,personal_vote
premier_presidential,baseline,45,25,0.56,personal_vote
premier_presidential,baseline,46,25,0.44,personal_vote
premier_presidential,baseline,47,25,0.52,personal_vote
premier_presidential,baseline,48,25,0.56,personal_vote
premier_presidential,baseline,49,25,0.56,personal_vote
premier_presidential,baseline,50,25,0.68,personal_vote
premier_presidential,baseline,51,25,0.4,personal_vote
premier_presidential,baseline,52,25,0.72,personal_vote
premier_presidential,baseline,53,25,0.52,personal_vote
premier_presidential,baseline,54,25,0.64,personal_vote
premier_presidential,baseline,55,25,0.72,personal_vote
premier_presidential,baseline,56,25,0.6,personal_vote
premier_presidential,baseline,57,25,0.52,personal_vote
premier_presidential,baseline,58,25,0.6,personal_vote
premier_presidential,baseline,59,25,0.6,personal_vote
premier_presidential,baseline,60,25,0.6,personal_vote
premier_presidential,baseline,61,25,0.64,personal_vote
premier_presidential,baseline,62,25,0.44,personal_vote
premier_presidential,baseline,63,25,0.48,personal_vote
premier_presidential,baseline,64,25,0.48,personal_vote
premier_presidential,baseline,65,25,0.52,personal_vote
premier_presidential,baseline,66,25,0.56,personal_vote
premier_presidential,baseline,67,25,0.64,personal_vote
premier_presidential,baseline,68,25,0.64,personal_vote
premier_presidential,baseline,69,25,0.56,personal_vote
premier_presidential,baseline,70,25,0.56,personal_vote
premier_presidential,baseline,71,25,0.64,personal_vote
premier_presidential,baseline,72,25,0.4,personal_vote
premier_presidential,baseline,73,25,0.64,personal_vote
premier_presidential,baseline,74,25,0.48,personal_vote
premier_presidential,baseline,75,25,0.36,personal_vote
premier_presidential,baseline,76,25,0.52,personal_vote
premier_presidential,baseline,77,25,0.6,personal_vote
premier_presidential,baseline,78,25,0.6,personal_vote
premier_presidential,baseline,79,25,0.44,personal_vote
premier_presidential,baseline,80,25,0.6,personal_vote
premier_presidential,baseline,81,25,0.48,personal_vote
premier_presidential,baseline,82,25,0.4,personal_vote
premier_presidential,baseline,83,25,0.64,personal_vote
premier_presidential,baseline,84,25,0.68,personal_vote
premier_presidential,baseline,85,25,0.52,personal_vote
premier_presidential,baseline,86,25,0.32,personal_vote
premier_presidential,baseline,87,25,0.44,personal_vote
premier_presidential,baseline,88,25,0.48,personal_vote
premier_presidential,baseline,89,25,0.44,personal_vote
premier_presidential,baseline,90,25,0.6,personal_vote
premier_presidential,baseline,91,25,0.52,personal_vote
premier_presidential,baseline,92,25,0.68,personal_vote
premier_presidential,baseline,93,25,0.6,personal_vote
premier_presidential,baseline,94,25,0.56,personal_vote
premier_presidential,baseline,95,25,0.52,personal_vote
premier_presidential,baseline,96,25,0.48,personal_vote
premier_presidential,baseline,97,25,0.44,personal_vote
premier_presidential,baseline,98,25,0.56,personal_vote
premier_presidential,baseline,99,25,0.6,personal_vote
premier_presidential,baseline,100,25,0.6,personal_vote
premier_presidential,baseline,101,25,0.6,personal_vote
premier_presidential,baseline,102,25,0.44,personal_vote
premier_presidential,baseline,103,25,0.52,personal_vote
premier_presidential,baseline,104,25,0.48,personal_vote
premier_presidential,baseline,105,25,0.6,personal_vote
premier_presidential,baseline,106,25,0.64,personal_vote
premier_presidential,baseline,107,25,0.24,personal_vote
premier_presidential,baseline,108,25,0.68,personal_vote
premier_presidential,baseline,109,25,0.6,personal_vote
premier_presidential,baseline,110,25,0.72,personal_vote
premier_presidential,baseline,111,25,0.56,personal_vote
premier_presidential,baseline,112,25,0.52,personal_vote
premier_presidential,baseline,113,25,0.48,personal_vote
premier_presidential,baseline,114,25,0.48,personal_vote
premier_presidential,baseline,115,25,0.52,personal_vote
premier_presidential,baseline,116,25,0.44,personal_vote
premier_presidential,baseline,117,25,0.52,personal_vote
premier_presidential,baseline,118,25,0.52,personal_vote
premier_presidential,baseline,119,25,0.64,personal_vote
premier_presidential,baseline,120,25,0.72,personal_vote
premier_presidential,baseline,121,25,0.48,personal_vote
premier_presidential,baseline,122,25,0.56,personal_vote
premier_presidential,baseline,123,25,0.48,personal_vote
premier_presidential,baseline,124,25,0.52,personal_vote
premier_presidential,baseline,125,25,0.84,personal_vote
premier_presidential,baseline,126,25,0.56,personal_vote
premier_presidential,baseline,127,25,0.56,personal_vote
premier_presidential,baseline,128,25,0.68,personal_vote
premier_presidential,baseline,129,25,0.68,personal_vote
premier_presidential,baseline,130,25,0.4,personal_vote
premier_presidential,baseline,131,25,0.52,personal_vote
premier_presidential,baseline,132,25,0.52,personal_vote
premier_presidential,baseline,133,25,0.48,personal_vote
premier_presidential,baseline,134,25,0.6,personal_vote
premier_presidential,baseline,135,25,0.48,personal_vote
premier_presidential,baseline,136,25,0.44,personal_vote
premier_presidential,baseline,137,25,0.56,personal_vote
premier_presidential,baseline,138,25,0.56,personal_vote
premier_presidential,baseline,139,25,0.64,personal_vote
premier_presidential,baseline,140,25,0.44,personal_vote
premier_presidential,baseline,141,25,0.64,personal_vote
premier_presidential,baseline,142,25,0.64,personal_vote
premier_presidential,baseline,143,25,0.56,personal_vote
premier_presidential,baseline,144,25,0.64,personal_vote
premier_presidential,baseline,145,25,0.64,personal_vote
premier_presidential,baseline,146,25,0.36,personal_vote
premier_presidential,baseline,147,25,0.52,personal_vote
premier_presidential,baseline,148,25,0.6,personal_vote
premier_presidential,baseline,149,25,0.72,personal_vote
premier_presidential,baseline,150,25,0.64,personal_vote
premier_presidential,baseline,151,25,0.56,personal_vote
premier_presidential,baseline,152,25,0.56,personal_vote
premier_presidential,baseline,153,25,0.4,personal_vote
premier_presidential,baseline,154,25,0.52,personal_vote
premier_presidential,baseline,155,25,0.44,personal_vote
premier_presidential,baseline,156,25,0.44,personal_vote
premier_presidential,baseline,157,25,0.44,personal_vote
premier_presidential,baseline,158,25,0.6,personal_vote
premier_presidential,baseline,159,25,0.64,personal_vote
premier_presidential,baseline,160,25,0.6,personal_vote
premier_presidential,baseline,161,25,0.52,personal_vote
premier_presidential,baseline,162,25,0.76,personal_vote
premier_presidential,baseline,163,25,0.68,personal_vote
premier_presidential,baseline,164,25,0.44,personal_vote
premier_presidential,baseline,165,25,0.6,personal_vote
premier_presidential,baseline,166,25,0.64,personal_vote
premier_presidential,baseline,167,25,0.6,personal_vote
premier_presidential,baseline,168,25,0.6,personal_vote
premier_presidential,baseline,169,25,0.44,personal_vote
premier_presidential,baseline,170,25,0.36,personal_vote
premier_presidential,baseline,171,25,0.68,personal_vote
premier_presidential,baseline,172,25,0.6,personal_vote
premier_presidential,baseline,173,25,0.36,personal_vote
premier_presidential,baseline,174,25,0.72,personal_vote
premier_presidential,baseline,175,25,0.52,personal_vote
premier_presidential,baseline,176,25,0.6,personal_vote
premier_presidential,baseline,177,25,0.68,personal_vote
premier_presidential,baseline,178,25,0.36,personal_vote
premier_presidential,baseline,179,25,0.52,personal_vote
premier_presidential,baseline,180,25,0.56,personal_vote
premier_presidential,baseline,181,25,0.52,personal_vote
premier_presidential,baseline,182,25,0.56,personal_vote
premier_presidential,baseline,183,25,0.6,personal_vote
premier_presidential,baseline,184,25,0.48,personal_vote
premier_presidential,baseline,185,25,0.4,personal_vote
premier_presidential,baseline,186,25,0.48,personal_vote
premier_presidential,baseline,187,25,0.44,personal_vote
premier_presidential,baseline,188,25,0.48,personal_vote
premier_presidential,baseline,189,25,0.4,personal_vote
premier_presidential,baseline,190,25,0.52,personal_vote
premier_presidential,baseline,191,25,0.52,personal_vote
premier_presidential,baseline,192,25,0.72,personal_vote
premier_presidential,baseline,193,25,0.56,personal_vote
premier_presidential,baseline,194,25,0.48,personal_vote
premier_presidential,baseline,195,25,0.56,personal_vote
premier_presidential,baseline,196,25,0.68,personal_vote
premier_presidential,baseline,197,25,0.52,personal_vote
premier_presidential,baseline,198,25,0.56,personal_vote
premier_presidential,baseline,199,25,0.56,personal_vote
president_parliamentary,baseline,0,25,0.56,cohesive_obstruction
president_parliamentary,baseline,1,25,0.64,cohesive_obstruction
president_parliamentary,baseline,2,25,0.64,cohesive_obstruction
president_parliamentary,baseline,3,25,0.6,cohesive_obstruction
president_parliamentary,baseline,4,25,0.64,cohesive_obstruction
president_parliamentary,baseline,5,25,0.64,cohesive_obstruction
president_parliamentary,baseline,6,25,0.56,cohesive_obstruction
president_parliamentary,baseline,7,25,0.6,cohesive_obstruction
president_parliamentary,baseline,8,25,0.6,cohesive_obstruction
president_parliamentary,baseline,9,25,0.6,cohesive_obstruction
president_parliamentary,baseline,10,25,0.52,cohesive_obstruction
president_parliamentary,baseline,11,25,0.32,cohesive_obstruction
president_parliamentary,baseline,12,25,0.48,cohesive_obstruction
president_parliamentary,baseline,13,25,0.56,cohesive_obstruction
president_parliamentary,baseline,14,25,0.52,cohesive_obstruction
president_parliamentary,baseline,15,25,0.44,cohesive_obstruction
president_parliamentary,baseline,16,25,0.52,cohesive_obstruction
president_parliamentary,baseline,17,25,0.44,cohesive_obstruction
president_parliamentary,baseline,18,25,0.44,cohesive_obstruction
president_parliamentary,baseline,19,25,0.48,cohesive_obstruction
president_parliamentary,baseline,20,25,0.6,cohesive_obstruction
president_parliamentary,baseline,21,25,0.36,cohesive_obstruction
president_parliamentary,baseline,22,25,0.56,cohesive_obstruction
president_parliamentary,baseline,23,25,0.32,cohesive_obstruction
president_parliamentary,baseline,24,25,0.52,cohesive_obstruction
president_parliamentary,baseline,25,25,0.6,cohesive_obstruction
president_parliamentary,baseline,26,25,0.44,cohesive_obstruction
president_parliamentary,baseline,27,25,0.48,cohesive_obstruction
president_parliamentary,baseline,28,25,0.6,cohesive_obstruction
president_parliamentary,baseline,29,25,0.56,cohesive_obstruction
president_parliamentary,baseline,30,25,0.56,cohesive_obstruction
president_parliamentary,baseline,31,25,0.56,cohesive_obstruction
president_parliamentary,baseline,32,25,0.52,cohesive_obstruction
president_parliamentary,baseline,33,25,0.4,cohesive_obstruction
president_parliamentary,baseline,34,25,0.76,cohesive_obstruction
president_parliamentary,baseline,35,25,0.44,cohesive_obstruction
president_parliamentary,baseline,36,25,0.4,cohesive_obstruction
president_parliamentary,baseline,37,25,0.72,cohesive_obstruction
president_parliamentary,baseline,38,25,0.44,cohesive_obstruction
president_parliamentary,baseline,39,25,0.68,cohesive_obstruction
president_parliamentary,baseline,40,25,0.44,cohesive_obstruction
president_parliamentary,baseline,41,25,0.28,cohesive_obstruction
president_parliamentary,baseline,42,25,0.48,cohesive_obstruction
president_parliamentary,baseline,43,25,0.56,cohesive_obstruction
president_parliamentary,baseline,44,25,0.52,cohesive_obstruction
president_parliamentary,baseline,45,25,0.64,cohesive_obstruction
president_parliamentary,baseline,46,25,0.48,cohesive_obstruction
president_parliamentary,baseline,47,25,0.48,cohesive_obstruction
president_parliamentary,baseline,48,25,0.76,cohesive_obstruction
president_parliamentary,baseline,49,25,0.44,cohesive_obstruction
president_parliamentary,baseline,50,25,0.68,cohesive_obstruction
president_parliamentary,baseline,51,25,0.4,cohesive_obstruction
president_parliamentary,baseline,52,25,0.72,cohesive_obstruction
president_parliamentary,baseline,53,25,0.52,cohesive_obstruction
president_parliamentary,baseline,54,25,0.64,cohesive_obstruction
president_parliamentary,baseline,55,25,0.52,cohesive_obstruction
president_parliamentary,baseline,56,25,0.36,cohesive_obstruction
president_parliamentary,baseline,57,25,0.44,cohesive_obstruction
president_parliamentary,baseline,58,25,0.68,cohesive_obstruction
president_parliamentary,baseline,59,25,0.68,cohesive_obstruction
president_parliamentary,baseline,60,25,0.64,cohesive_obstruction
president_parliamentary,baseline,61,25,0.72,cohesive_obstruction
president_parliamentary,baseline,62,25,0.64,cohesive_obstruction
president_parliamentary,baseline,63,25,0.48,cohesive_obstruction
president_parliamentary,baseline,64,25,0.48,cohesive_obstruction
president_parliamentary,baseline,65,25,0.52,cohesive_obstruction
president_parliamentary,baseline,66,25,0.4,cohesive_obstruction
president_parliamentary,baseline,67,25,0.52,cohesive_obstruction
president_parliamentary,baseline,68,25,0.6,cohesive_obstruction
president_parliamentary,baseline,69,25,0.6,cohesive_obstruction
president_parliamentary,baseline,70,25,0.48,cohesive_obstruction
president_parliamentary,baseline,71,25,0.68,cohesive_obstruction
president_parliamentary,baseline,72,25,0.44,cohesive_obstruction
president_parliamentary,baseline,73,25,0.64,cohesive_obstruction
president_parliamentary,baseline,74,25,0.44,cohesive_obstruction
president_parliamentary,baseline,75,25,0.36,cohesive_obstruction
president_parliamentary,baseline,76,25,0.64,cohesive_obstruction
president_parliamentary,baseline,77,25,0.68,cohesive_obstruction
president_parliamentary,baseline,78,25,0.44,cohesive_obstruction
president_parliamentary,baseline,79,25,0.48,cohesive_obstruction
president_parliamentary,baseline,80,25,0.56,cohesive_obstruction
president_parliamentary,baseline,81,25,0.48,cohesive_obstruction
president_parliamentary,baseline,82,25,0.4,cohesive_obstruction
president_parliamentary,baseline,83,25,0.36,cohesive_obstruction
president_parliamentary,baseline,84,25,0.56,cohesive_obstruction
president_parliamentary,baseline,85,25,0.44,cohesive_obstruction
president_parliamentary,baseline,86,25,0.72,cohesive_obstruction
president_parliamentary,baseline,87,25,0.52,cohesive_obstruction
president_parliamentary,baseline,88,25,0.48,cohesive_obstruction
president_parliamentary,baseline,89,25,0.44,cohesive_obstruction
president_parliamentary,baseline,90,25,0.44,cohesive_obstruction
president_parliamentary,baseline,91,25,0.6,cohesive_obstruction
president_parliamentary,baseline,92,25,0.68,cohesive_obstruction
president_parliamentary,baseline,93,25,0.52,cohesive_obstruction
president_parliamentary,baseline,94,25,0.36,cohesive_obstruction
president_parliamentary,baseline,95,25,0.56,cohesive_obstruction
president_parliamentary,baseline,96,25,0.56,cohesive_obstruction
president_parliamentary,baseline,97,25,0.64,cohesive_obstruction
president_parliamentary,baseline,98,25,0.44,cohesive_obstruction
president_parliamentary,baseline,99,25,0.44,cohesive_obstruction
president_parliamentary,baseline,100,25,0.64,cohesive_obstruction
president_parliamentary,baseline,101,25,0.68,cohesive_obstruction
president_parliamentary,baseline,102,25,0.52,cohesive_obstruction
president_parliamentary,baseline,103,25,0.52,cohesive_obstruction
president_parliamentary,baseline,104,25,0.48,cohesive_obstruction
president_parliamentary,baseline,105,25,0.72,cohesive_obstruction
president_parliamentary,baseline,106,25,0.6,cohesive_obstruction
president_parliamentary,baseline,107,25,0.48,cohesive_obstruction
president_parliamentary,baseline,108,25,0.52,cohesive_obstruction
president_parliamentary,baseline,109,25,0.6,cohesive_obstruction
president_parliamentary,baseline,110,25,0.76,cohesive_obstruction
president_parliamentary,baseline,111,25,0.56,cohesive_obstruction
president_parliamentary,baseline,112,25,0.52,cohesive_obstruction
president_parliamentary,baseline,113,25,0.48,cohesive_obstruction
president_parliamentary,baseline,114,25,0.56,cohesive_obstruction
president_parliamentary,baseline,115,25,0.52,cohesive_obstruction
president_parliamentary,baseline,116,25,0.48,cohesive_obstruction
president_parliamentary,baseline,117,25,0.52,cohesive_obstruction
president_parliamentary,baseline,118,25,0.72,cohesive_obstruction
president_parliamentary,baseline,119,25,0.64,cohesive_obstruction
president_parliamentary,baseline,120,25,0.44,cohesive_obstruction
president_parliamentary,baseline,121,25,0.64,cohesive_obstruction
president_parliamentary,baseline,122,25,0.52,cohesive_obstruction
president_parliamentary,baseline,123,25,0.44,cohesive_obstruction
president_parliamentary,baseline,124,25,0.44,cohesive_obstruction
president_parliamentary,baseline,125,25,0.84,cohesive_obstruction
president_parliamentary,baseline,126,25,0.56,cohesive_obstruction
president_parliamentary,baseline,127,25,0.6,cohesive_obstruction
president_parliamentary,baseline,128,25,0.68,cohesive_obstruction
president_parliamentary,baseline,129,25,0.56,cohesive_obstruction
president_parliamentary,baseline,130,25,0.56,cohesive_obstruction
president_parliamentary,baseline,131,25,0.68,cohesive_obstruction
president_parliamentary,baseline,132,25,0.48,cohesive_obstruction
president_parliamentary,baseline,133,25,0.48,cohesive_obstruction
president_parliamentary,baseline,134,25,0.68,cohesive_obstruction
president_parliamentary,baseline,135,25,0.44,cohesive_obstruction
president_parliamentary,baseline,136,25,0.52,cohesive_obstruction
president_parliamentary,baseline,137,25,0.56,cohesive_obstruction
president_parliamentary,baseline,138,25,0.56,cohesive_obstruction
president_parliamentary,baseline,139,25,0.6,cohesive_obstruction
president_parliamentary,baseline,140,25,0.6,cohesive_obstruction
president_parliamentary,baseline,141,25,0.72,cohesive_obstruction
president_parliamentary,baseline,142,25,0.64,cohesive_obstruction
president_parliamentary,baseline,143,25,0.56,cohesive_obstruction
president_parliamentary,baseline,144,25,0.56,cohesive_obstruction
president_parliamentary,baseline,145,25,0.52,cohesive_obstruction
president_parliamentary,baseline,146,25,0.6,cohesive_obstruction
president_parliamentary,baseline,147,25,0.52,cohesive_obstruction
president_parliamentary,baseline,148,25,0.6,cohesive_obstruction
president_parliamentary,baseline,149,25,0.72,cohesive_obstruction
president_parliamentary,baseline,150,25,0.64,cohesive_obstruction
president_parliamentary,baseline,151,25,0.52,cohesive_obstruction
president_parliamentary,baseline,152,25,0.56,cohesive_obstruction
president_parliamentary,baseline,153,25,0.68,cohesive_obstruction
president_parliamentary,baseline,154,25,0.6,cohesive_obstruction
president_parliamentary,baseline,155,25,0.48,cohesive_obstruction
president_parliamentary,baseline,156,25,0.4,cohesive_obstruction
president_parliamentary,baseline,157,25,0.44,cohesive_obstruction
president_parliamentary,baseline,158,25,0.56,cohesive_obstruction
president_parliamentary,baseline,159,25,0.64,cohesive_obstruction
president_parliamentary,baseline,160,25,0.6,cohesive_obstruction
president_parliamentary,baseline,161,25,0.56,cohesive_obstruction
president_parliamentary,baseline,162,25,0.44,cohesive_obstruction
president_parliamentary,baseline,163,25,0.68,cohesive_obstruction
president_parliamentary,baseline,164,25,0.44,cohesive_obstruction
president_parliamentary,baseline,165,25,0.6,cohesive_obstruction
president_parliamentary,baseline,166,25,0.64,cohesive_obstruction
president_parliamentary,baseline,167,25,0.6,cohesive_obstruction
president_parliamentary,baseline,168,25,0.6,cohesive_obstruction
president_parliamentary,baseline,169,25,0.64,cohesive_obstruction
president_parliamentary,baseline,170,25,0.4,cohesive_obstruction
president_parliamentary,baseline,171,25,0.52,cohesive_obstruction
president_parliamentary,baseline,172,25,0.44,cohesive_obstruction
president_parliamentary,baseline,173,25,0.36,cohesive_obstruction
president_parliamentary,baseline,174,25,0.52,cohesive_obstruction
president_parliamentary,baseline,175,25,0.52,cohesive_obstruction
president_parliamentary,baseline,176,25,0.56,cohesive_obstruction
president_parliamentary,baseline,177,25,0.68,cohesive_obstruction
president_parliamentary,baseline,178,25,0.44,cohesive_obstruction
president_parliamentary,baseline,179,25,0.56,cohesive_obstruction
president_parliamentary,baseline,180,25,0.44,cohesive_obstruction
president_parliamentary,baseline,181,25,0.72,cohesive_obstruction
president_parliamentary,baseline,182,25,0.56,cohesive_obstruction
president_parliamentary,baseline,183,25,0.6,cohesive_obstruction
president_parliamentary,baseline,184,25,0.52,cohesive_obstruction
president_parliamentary,baseline,185,25,0.4,cohesive_obstruction
president_parliamentary,baseline,186,25,0.44,cohesive_obstruction
president_parliamentary,baseline,187,25,0.44,cohesive_obstruction
president_parliamentary,baseline,188,25,0.68,cohesive_obstruction
president_parliamentary,baseline,189,25,0.68,cohesive_obstruction
president_parliamentary,baseline,190,25,0.52,cohesive_obstruction
president_parliamentary,baseline,191,25,0.56,cohesive_obstruction
president_parliamentary,baseline,192,25,0.6,cohesive_obstruction
president_parliamentary,baseline,193,25,0.36,cohesive_obstruction
president_parliamentary,baseline,194,25,0.56,cohesive_obstruction
president_parliamentary,baseline,195,25,0.44,cohesive_obstruction
president_parliamentary,baseline,196,25,0.56,cohesive_obstruction
president_parliamentary,baseline,197,25,0.56,cohesive_obstruction
president_parliamentary,baseline,198,25,0.6,cohesive_obstruction
president_parliamentary,baseline,199,25,0.64,cohesive_obstruction
president_parliamentary,baseline,0,25,0.56,personal_vote
president_parliamentary,baseline,1,25,0.64,personal_vote
president_parliamentary,baseline,2,25,0.64,personal_vote
president_parliamentary,baseline,3,25,0.6,personal_vote
president_parliamentary,baseline,4,25,0.64,personal_vote
president_parliamentary,baseline,5,25,0.64,personal_vote
president_parliamentary,baseline,6,25,0.56,personal_vote
president_parliamentary,baseline,7,25,0.6,personal_vote
president_parliamentary,baseline,8,25,0.6,personal_vote
president_parliamentary,baseline,9,25,0.6,personal_vote
president_parliamentary,baseline,10,25,0.52,personal_vote
president_parliamentary,baseline,11,25,0.32,personal_vote
president_parliamentary,baseline,12,25,0.48,personal_vote
president_parliamentary,baseline,13,25,0.56,personal_vote
president_parliamentary,baseline,14,25,0.52,personal_vote
president_parliamentary,baseline,15,25,0.44,personal_vote
president_parliamentary,baseline,16,25,0.52,personal_vote
president_parliamentary,baseline,17,25,0.44,personal_vote
president_parliamentary,baseline,18,25,0.44,personal_vote
president_parliamentary,baseline,19,25,0.48,personal_vote
president_parliamentary,baseline,20,25,0.6,personal_vote
president_parliamentary,baseline,21,25,0.36,personal_vote
president_parliamentary,baseline,22,25,0.56,personal_vote
president_parliamentary,baseline,23,25,0.32,personal_vote
president_parliamentary,baseline,24,25,0.52,personal_vote
president_parliamentary,baseline,25,25,0.6,personal_vote
president_parliamentary,baseline,26,25,0.44,personal_vote
president_parliamentary,baseline,27,25,0.48,personal_vote
president_parliamentary,baseline,28,25,0.6,personal_vote
president_parliamentary,baseline,29,25,0.56,personal_vote
president_parliamentary,baseline,30,25,0.56,personal_vote
president_parliamentary,baseline,31,25,0.56,personal_vote
president_parliamentary,baseline,32,25,0.52,personal_vote
president_parliamentary,baseline,33,25,0.4,personal_vote
president_parliamentary,baseline,34,25,0.76,personal_vote
president_parliamentary,baseline,35,25,0.44,personal_vote
president_parliamentary,baseline,36,25,0.4,personal_vote
president_parliamentary,baseline,37,25,0.72,personal_vote
president_parliamentary,baseline,38,25,0.44,personal_vote
president_parliamentary,baseline,39,25,0.68,personal_vote
president_parliamentary,baseline,40,25,0.44,personal_vote
president_parliamentary,baseline,41,25,0.28,personal_vote
president_parliamentary,baseline,42,25,0.48,personal_vote
president_parliamentary,baseline,43,25,0.56,personal_vote
president_parliamentary,baseline,44,25,0.52,personal_vote
president_parliamentary,baseline,45,25,0.64,personal_vote
president_parliamentary,baseline,46,25,0.48,personal_vote
president_parliamentary,baseline,47,25,0.48,personal_vote
president_parliamentary,baseline,48,25,0.76,personal_vote
president_parliamentary,baseline,49,25,0.44,personal_vote
president_parliamentary,baseline,50,25,0.68,personal_vote
president_parliamentary,baseline,51,25,0.4,personal_vote
president_parliamentary,baseline,52,25,0.72,personal_vote
president_parliamentary,baseline,53,25,0.52,personal_vote
president_parliamentary,baseline,54,25,0.64,personal_vote
president_parliamentary,baseline,55,25,0.52,personal_vote
president_parliamentary,baseline,56,25,0.36,personal_vote
president_parliamentary,baseline,57,25,0.44,personal_vote
president_parliamentary,baseline,58,25,0.68,personal_vote
president_parliamentary,baseline,59,25,0.68,personal_vote
president_parliamentary,baseline,60,25,0.64,personal_vote
president_parliamentary,baseline,61,25,0.72,personal_vote
president_parliamentary,baseline,62,25,0.64,personal_vote
president_parliamentary,baseline,63,25,0.48,personal_vote
president_parliamentary,baseline,64,25,0.48,personal_vote
president_parliamentary,baseline,65,25,0.52,personal_vote
president_parliamentary,baseline,66,25,0.4,personal_vote
president_parliamentary,baseline,67,25,0.52,personal_vote
president_parliamentary,baseline,68,25,0.6,personal_vote
president_parliamentary,baseline,69,25,0.6,personal_vote
president_parliamentary,baseline,70,25,0.48,personal_vote
president_parliamentary,baseline,71,25,0.68,personal_vote
president_parliamentary,baseline,72,25,0.44,personal_vote
president_parliamentary,baseline,73,25,0.64,personal_vote
president_parliamentary,baseline,74,25,0.44,personal_vote
president_parliamentary,baseline,75,25,0.36,personal_vote
president_parliamentary,baseline,76,25,0.64,personal_vote
president_parliamentary,baseline,77,25,0.68,personal_vote
president_parliamentary,baseline,78,25,0.44,personal_vote
president_parliamentary,baseline,79,25,0.48,personal_vote
president_parliamentary,baseline,80,25,0.56,personal_vote
president_parliamentary,baseline,81,25,0.48,personal_vote
president_parliamentary,baseline,82,25,0.4,personal_vote
president_parliamentary,baseline,83,25,0.36,personal_vote
president_parliamentary,baseline,84,25,0.56,personal_vote
president_parliamentary,baseline,85,25,0.44,personal_vote
president_parliamentary,baseline,86,25,0.72,personal_vote
president_parliamentary,baseline,87,25,0.52,personal_vote
president_parliamentary,baseline,88,25,0.48,personal_vote
president_parliamentary,baseline,89,25,0.44,personal_vote
president_parliamentary,baseline,90,25,0.44,personal_vote
president_parliamentary,baseline,91,25,0.6,personal_vote
president_parliamentary,baseline,92,25,0.68,personal_vote
president_parliamentary,baseline,93,25,0.52,personal_vote
president_parliamentary,baseline,94,25,0.36,personal_vote
president_parliamentary,baseline,95,25,0.56,personal_vote
president_parliamentary,baseline,96,25,0.56,personal_vote
president_parliamentary,baseline,97,25,0.64,personal_vote
president_parliamentary,baseline,98,25,0.44,personal_vote
president_parliamentary,baseline,99,25,0.44,personal_vote
president_parliamentary,baseline,100,25,0.64,personal_vote
president_parliamentary,baseline,101,25,0.68,personal_vote
president_parliamentary,baseline,102,25,0.52,personal_vote
president_parliamentary,baseline,103,25,0.52,personal_vote
president_parliamentary,baseline,104,25,0.48,personal_vote
president_parliamentary,baseline,105,25,0.72,personal_vote
president_parliamentary,baseline,106,25,0.6,personal_vote
president_parliamentary,baseline,107,25,0.48,personal_vote
president_parliamentary,baseline,108,25,0.52,personal_vote
president_parliamentary,baseline,109,25,0.6,personal_vote
president_parliamentary,baseline,110,25,0.76,personal_vote
president_parliamentary,baseline,111,25,0.56,personal_vote
president_parliamentary,baseline,112,25,0.52,personal_vote
president_parliamentary,baseline,113,25,0.48,personal_vote
president_parliamentary,baseline,114,25,0.56,personal_vote
president_parliamentary,baseline,115,25,0.52,personal_vote
president_parliamentary,baseline,116,25,0.48,personal_vote
president_parliamentary,baseline,117,25,0.52,personal_vote
president_parliamentary,baseline,118,25,0.72,personal_vote
president_parliamentary,baseline,119,25,0.64,personal_vote
president_parliamentary,baseline,120,25,0.44,personal_vote
president_parliamentary,baseline,121,25,0.64,personal_vote
president_parliamentary,baseline,122,25,0.52,personal_vote
president_parliamentary,baseline,123,25,0.44,personal_vote
president_parliamentary,baseline,124,25,0.44,personal_vote
president_parliamentary,baseline,125,25,0.84,personal_vote
president_parliamentary,baseline,126,25,0.56,personal_vote
president_parliamentary,baseline,127,25,0.6,personal_vote
president_parliamentary,baseline,128,25,0.68,personal_vote
president_parliamentary,baseline,129,25,0.56,personal_vote
president_parliamentary,baseline,130,25,0.56,personal_vote
president_parliamentary,baseline,131,25,0.68,personal_vote
president_parliamentary,baseline,132,25,0.48,personal_vote
president_parliamentary,baseline,133,25,0.48,personal_vote
president_parliamentary,baseline,134,25,0.68,personal_vote
president_parliamentary,baseline,135,25,0.44,personal_vote
president_parliamentary,baseline,136,25,0.52,personal_vote
president_parliamentary,baseline,137,25,0.56,personal_vote
president_parliamentary,baseline,138,25,0.56,personal_vote
president_parliamentary,baseline,139,25,0.6,personal_vote
president_parliamentary,baseline,140,25,0.6,personal_vote
president_parliamentary,baseline,141,25,0.72,personal_vote
president_parliamentary,baseline,142,25,0.64,personal_vote
president_parliamentary,baseline,143,25,0.56,personal_vote
president_parliamentary,baseline,144,25,0.56,personal_vote
president_parliamentary,baseline,145,25,0.52,personal_vote
president_parliamentary,baseline,146,25,0.6,personal_vote
president_parliamentary,baseline,147,25,0.52,personal_vote
president_parliamentary,baseline,148,25,0.6,personal_vote
president_parliamentary,baseline,149,25,0.72,personal_vote
president_parliamentary,baseline,150,25,0.64,personal_vote
president_parliamentary,baseline,151,25,0.52,personal_vote
president_parliamentary,baseline,152,25,0.56,personal_vote
president_parliamentary,baseline,153,25,0.68,personal_vote
president_parliamentary,baseline,154,25,0.6,personal_vote
president_parliamentary,baseline,155,25,0.48,personal_vote
president_parliamentary,baseline,156,25,0.4,personal_vote
president_parliamentary,baseline,157,25,0.44,personal_vote
president_parliamentary,baseline,158,25,0.56,personal_vote
president_parliamentary,baseline,159,25,0.64,personal_vote
president_parliamentary,baseline,160,25,0.6,personal_vote
president_parliamentary,baseline,161,25,0.56,personal_vote
president_parliamentary,baseline,162,25,0.44,personal_vote
president_parliamentary,baseline,163,25,0.68,personal_vote
president_parliamentary,baseline,164,25,0.44,personal_vote
president_parliamentary,baseline,165,25,0.6,personal_vote
president_parliamentary,baseline,166,25,0.64,personal_vote
president_parliamentary,baseline,167,25,0.6,personal_vote
president_parliamentary,baseline,168,25,0.6,personal_vote
president_parliamentary,baseline,169,25,0.64,personal_vote
president_parliamentary,baseline,170,25,0.4,personal_vote
president_parliamentary,baseline,171,25,0.52,personal_vote
president_parliamentary,baseline,172,25,0.44,personal_vote
president_parliamentary,baseline,173,25,0.36,personal_vote
president_parliamentary,baseline,174,25,0.52,personal_vote
president_parliamentary,baseline,175,25,0.52,personal_vote
president_parliamentary,baseline,176,25,0.56,personal_vote
president_parliamentary,baseline,177,25,0.68,personal_vote
president_parliamentary,baseline,178,25,0.44,personal_vote
president_parliamentary,baseline,179,25,0.56,personal_vote
president_parliamentary,baseline,180,25,0.44,personal_vote
president_parliamentary,baseline,181,25,0.72,personal_vote
president_parliamentary,baseline,182,25,0.56,personal_vote
president_parliamentary,baseline,183,25,0.6,personal_vote
president_parliamentary,baseline,184,25,0.52,personal_vote
president_parliamentary,baseline,185,25,0.4,personal_vote
president_parliamentary,baseline,186,25,0.44,personal_vote
president_parliamentary,baseline,187,25,0.44,personal_vote
president_parliamentary,baseline,188,25,0.68,personal_vote
president_parliamentary,baseline,189,25,0.68,personal_vote
president_parliamentary,baseline,190,25,0.52,personal_vote
president_parliamentary,baseline,191,25,0.56,personal_vote
president_parliamentary,baseline,192,25,0.6,personal_vote
president_parliamentary,baseline,193,25,0.36,personal_vote
president_parliamentary,baseline,194,25,0.56,personal_vote
president_parliamentary,baseline,195,25,0.44,personal_vote
president_parliamentary,baseline,196,25,0.56,personal_vote
president_parliamentary,baseline,197,25,0.56,personal_vote
president_parliamentary,baseline,198,25,0.6,personal_vote
president_parliamentary,baseline,199,25,0.64,personal_vote
parliamentary,fragmented,0,30,0.0,cohesive_obstruction
parliamentary,fragmented,1,30,0.0,cohesive_obstruction
parliamentary,fragmented,2,30,0.0,cohesive_obstruction
parliamentary,fragmented,3,30,0.0,cohesive_obstruction
parliamentary,fragmented,4,30,0.0,cohesive_obstruction
parliamentary,fragmented,5,30,0.0,cohesive_obstruction
parliamentary,fragmented,6,30,0.0,cohesive_obstruction
parliamentary,fragmented,7,30,0.0,cohesive_obstruction
parliamentary,fragmented,8,30,0.0,cohesive_obstruction
parliamentary,fragmented,9,30,0.0,cohesive_obstruction
parliamentary,fragmented,10,30,0.0,cohesive_obstruction
parliamentary,fragmented,11,30,0.0,cohesive_obstruction
parliamentary,fragmented,12,30,0.0,cohesive_obstruction
parliamentary,fragmented,13,30,0.0,cohesive_obstruction
parliamentary,fragmented,14,30,0.0,cohesive_obstruction
parliamentary,fragmented,15,30,0.0,cohesive_obstruction
parliamentary,fragmented,16,30,0.0,cohesive_obstruction
parliamentary,fragmented,17,30,0.0,cohesive_obstruction
parliamentary,fragmented,18,30,0.0,cohesive_obstruction
parliamentary,fragmented,19,30,0.0,cohesive_obstruction
parliamentary,fragmented,20,30,0.0,cohesive_obstruction
parliamentary,fragmented,21,30,0.0,cohesive_obstruction
parliamentary,fragmented,22,30,0.0,cohesive_obstruction
parliamentary,fragmented,23,30,0.0,cohesive_obstruction
parliamentary,fragmented,24,30,0.0,cohesive_obstruction
parliamentary,fragmented,25,30,0.03333333333333333,cohesive_obstruction
parliamentary,fragmented,26,30,0.0,cohesive_obstruction
parliamentary,fragmented,27,30,0.0,cohesive_obstruction
parliamentary,fragmented,28,30,0.0,cohesive_obstruction
parliamentary,fragmented,29,30,0.0,cohesive_obstruction
parliamentary,fragmented,30,30,0.0,cohesive_obstruction
parliamentary,fragmented,31,30,0.0,cohesive_obstruction
parliamentary,fragmented,32,30,0.0,cohesive_obstruction
parliamentary,fragmented,33,30,0.0,cohesive_obstruction
parliamentary,fragmented,34,30,0.0,cohesive_obstruction
parliamentary,fragmented,35,30,0.0,cohesive_obstruction
parliamentary,fragmented,36,30,0.0,cohesive_obstruction
parliamentary,fragmented,37,30,0.0,cohesive_obstruction
parliamentary,fragmented,38,30,0.0,cohesive_obstruction
parliamentary,fragmented,39,30,0.0,cohesive_obstruction
parliamentary,fragmented,40,30,0.0,cohesive_obstruction
parliamentary,fragmented,41,30,0.0,cohesive_obstruction
parliamentary,fragmented,42,30,0.0,cohesive_obstruction
parliamentary,fragmented,43,30,0.0,cohesive_obstruction
parliamentary,fragmented,44,30,0.0,cohesive_obstruction
parliamentary,fragmented,45,30,0.0,cohesive_obstruction
parliamentary,fragmented,46,30,0.0,cohesive_obstruction
parliamentary,fragmented,47,30,0.0,cohesive_obstruction
parliamentary,fragmented,48,30,0.0,cohesive_obstruction
parliamentary,fragmented,49,30,0.0,cohesive_obstruction
parliamentary,fragmented,50,30,0.0,cohesive_obstruction
parliamentary,fragmented,51,30,0.0,cohesive_obstruction
parliamentary,fragmented,52,30,0.0,cohesive_obstruction
parliamentary,fragmented,53,30,0.0,cohesive_obstruction
parliamentary,fragmented,54,30,0.0,cohesive_obstruction
parliamentary,fragmented,55,30,0.0,cohesive_obstruction
parliamentary,fragmented,56,30,0.0,cohesive_obstruction
parliamentary,fragmented,57,30,0.0,cohesive_obstruction
parliamentary,fragmented,58,30,0.0,cohesive_obstruction
parliamentary,fragmented,59,30,0.0,cohesive_obstruction
parliamentary,fragmented,60,30,0.0,cohesive_obstruction
parliamentary,fragmented,61,30,0.0,cohesive_obstruction
parliamentary,fragmented,62,30,0.0,cohesive_obstruction
parliamentary,fragmented,63,30,0.0,cohesive_obstruction
parliamentary,fragmented,64,30,0.0,cohesive_obstruction
parliamentary,fragmented,65,30,0.0,cohesive_obstruction
parliamentary,fragmented,66,30,0.0,cohesive_obstruction
parliamentary,fragmented,67,30,0.0,cohesive_obstruction
parliamentary,fragmented,68,30,0.0,cohesive_obstruction
parliamentary,fragmented,69,30,0.0,cohesive_obstruction
parliamentary,fragmented,70,30,0.0,cohesive_obstruction
parliamentary,fragmented,71,30,0.0,cohesive_obstruction
parliamentary,fragmented,72,30,0.0,cohesive_obstruction
parliamentary,fragmented,73,30,0.0,cohesive_obstruction
parliamentary,fragmented,74,30,0.0,cohesive_obstruction
parliamentary,fragmented,75,30,0.0,cohesive_obstruction
parliamentary,fragmented,76,30,0.0,cohesive_obstruction
parliamentary,fragmented,77,30,0.0,cohesive_obstruction
parliamentary,fragmented,78,30,0.0,cohesive_obstruction
parliamentary,fragmented,79,30,0.0,cohesive_obstruction
parliamentary,fragmented,80,30,0.0,cohesive_obstruction
parliamentary,fragmented,81,30,0.0,cohesive_obstruction
parliamentary,fragmented,82,30,0.0,cohesive_obstruction
parliamentary,fragmented,83,30,0.0,cohesive_obstruction
parliamentary,fragmented,84,30,0.0,cohesive_obstruction
parliamentary,fragmented,85,30,0.0,cohesive_obstruction
parliamentary,fragmented,86,30,0.03333333333333333,cohesive_obstruction
parliamentary,fragmented,87,30,0.0,cohesive_obstruction
parliamentary,fragmented,88,30,0.0,cohesive_obstruction
parliamentary,fragmented,89,30,0.0,cohesive_obstruction
parliamentary,fragmented,90,30,0.03333333333333333,cohesive_obstruction
parliamentary,fragmented,91,30,0.0,cohesive_obstruction
parliamentary,fragmented,92,30,0.0,cohesive_obstruction
parliamentary,fragmented,93,30,0.0,cohesive_obstruction
parliamentary,fragmented,94,30,0.0,cohesive_obstruction
parliamentary,fragmented,95,30,0.0,cohesive_obstruction
parliamentary,fragmented,96,30,0.0,cohesive_obstruction
parliamentary,fragmented,97,30,0.0,cohesive_obstruction
parliamentary,fragmented,98,30,0.0,cohesive_obstruction
parliamentary,fragmented,99,30,0.0,cohesive_obstruction
parliamentary,fragmented,100,30,0.0,cohesive_obstruction
parliamentary,fragmented,101,30,0.0,cohesive_obstruction
parliamentary,fragmented,102,30,0.0,cohesive_obstruction
parliamentary,fragmented,103,30,0.0,cohesive_obstruction
parliamentary,fragmented,104,30,0.0,cohesive_obstruction
parliamentary,fragmented,105,30,0.0,cohesive_obstruction
parliamentary,fragmented,106,30,0.0,cohesive_obstruction
parliamentary,fragmented,107,30,0.0,cohesive_obstruction
parliamentary,fragmented,108,30,0.0,cohesive_obstruction
parliamentary,fragmented,109,30,0.0,cohesive_obstruction
parliamentary,fragmented,110,30,0.0,cohesive_obstruction
parliamentary,fragmented,111,30,0.0,cohesive_obstruction
parliamentary,fragmented,112,30,0.0,cohesive_obstruction
parliamentary,fragmented,113,30,0.0,cohesive_obstruction
parliamentary,fragmented,114,30,0.0,cohesive_obstruction
parliamentary,fragmented,115,30,0.0,cohesive_obstruction
parliamentary,fragmented,116,30,0.0,cohesive_obstruction
parliamentary,fragmented,117,30,0.0,cohesive_obstruction
parliamentary,fragmented,118,30,0.0,cohesive_obstruction
parliamentary,fragmented,119,30,0.0,cohesive_obstruction
parliamentary,fragmented,120,30,0.0,cohesive_obstruction
parliamentary,fragmented,121,30,0.0,cohesive_obstruction
parliamentary,fragmented,122,30,0.0,cohesive_obstruction
parliamentary,fragmented,123,30,0.0,cohesive_obstruction
parliamentary,fragmented,124,30,0.0,cohesive_obstruction
parliamentary,fragmented,125,30,0.0,cohesive_obstruction
parliamentary,fragmented,126,30,0.0,cohesive_obstruction
parliamentary,fragmented,127,30,0.0,cohesive_obstruction
parliamentary,fragmented,128,30,0.0,cohesive_obstruction
parliamentary,fragmented,129,30,0.0,cohesive_obstruction
parliamentary,fragmented,130,30,0.0,cohesive_obstruction
parliamentary,fragmented,131,30,0.0,cohesive_obstruction
parliamentary,fragmented,132,30,0.0,cohesive_obstruction
parliamentary,fragmented,133,30,0.0,cohesive_obstruction
parliamentary,fragmented,134,30,0.0,cohesive_obstruction
parliamentary,fragmented,135,30,0.0,cohesive_obstruction
parliamentary,fragmented,136,30,0.0,cohesive_obstruction
parliamentary,fragmented,137,30,0.0,cohesive_obstruction
parliamentary,fragmented,138,30,0.0,cohesive_obstruction
parliamentary,fragmented,139,30,0.0,cohesive_obstruction
parliamentary,fragmented,140,30,0.0,cohesive_obstruction
parliamentary,fragmented,141,30,0.0,cohesive_obstruction
parliamentary,fragmented,142,30,0.0,cohesive_obstruction
parliamentary,fragmented,143,30,0.0,cohesive_obstruction
parliamentary,fragmented,144,30,0.0,cohesive_obstruction
parliamentary,fragmented,145,30,0.0,cohesive_obstruction
parliamentary,fragmented,146,30,0.0,cohesive_obstruction
parliamentary,fragmented,147,30,0.0,cohesive_obstruction
parliamentary,fragmented,148,30,0.0,cohesive_obstruction
parliamentary,fragmented,149,30,0.0,cohesive_obstruction
parliamentary,fragmented,150,30,0.0,cohesive_obstruction
parliamentary,fragmented,151,30,0.0,cohesive_obstruction
parliamentary,fragmented,152,30,0.0,cohesive_obstruction
parliamentary,fragmented,153,30,0.0,cohesive_obstruction
parliamentary,fragmented,154,30,0.0,cohesive_obstruction
parliamentary,fragmented,155,30,0.0,cohesive_obstruction
parliamentary,fragmented,156,30,0.0,cohesive_obstruction
parliamentary,fragmented,157,30,0.0,cohesive_obstruction
parliamentary,fragmented,158,30,0.0,cohesive_obstruction
parliamentary,fragmented,159,30,0.0,cohesive_obstruction
parliamentary,fragmented,160,30,0.0,cohesive_obstruction
parliamentary,fragmented,161,30,0.0,cohesive_obstruction
parliamentary,fragmented,162,30,0.0,cohesive_obstruction
parliamentary,fragmented,163,30,0.0,cohesive_obstruction
parliamentary,fragmented,164,30,0.0,cohesive_obstruction
parliamentary,fragmented,165,30,0.0,cohesive_obstruction
parliamentary,fragmented,166,30,0.0,cohesive_obstruction
parliamentary,fragmented,167,30,0.0,cohesive_obstruction
parliamentary,fragmented,168,30,0.0,cohesive_obstruction
parliamentary,fragmented,169,30,0.0,cohesive_obstruction
parliamentary,fragmented,170,30,0.0,cohesive_obstruction
parliamentary,fragmented,171,30,0.0,cohesive_obstruction
parliamentary,fragmented,172,30,0.0,cohesive_obstruction
parliamentary,fragmented,173,30,0.0,cohesive_obstruction
parliamentary,fragmented,174,30,0.0,cohesive_obstruction
parliamentary,fragmented,175,30,0.0,cohesive_obstruction
parliamentary,fragmented,176,30,0.0,cohesive_obstruction
parliamentary,fragmented,177,30,0.0,cohesive_obstruction
parliamentary,fragmented,178,30,0.0,cohesive_obstruction
parliamentary,fragmented,179,30,0.0,cohesive_obstruction
parliamentary,fragmented,180,30,0.0,cohesive_obstruction
parliamentary,fragmented,181,30,0.0,cohesive_obstruction
parliamentary,fragmented,182,30,0.0,cohesive_obstruction
parliamentary,fragmented,183,30,0.0,cohesive_obstruction
parliamentary,fragmented,184,30,0.0,cohesive_obstruction
parliamentary,fragmented,185,30,0.0,cohesive_obstruction
parliamentary,fragmented,186,30,0.0,cohesive_obstruction
parliamentary,fragmented,187,30,0.0,cohesive_obstruction
parliamentary,fragmented,188,30,0.0,cohesive_obstruction
parliamentary,fragmented,189,30,0.0,cohesive_obstruction
parliamentary,fragmented,190,30,0.0,cohesive_obstruction
parliamentary,fragmented,191,30,0.0,cohesive_obstruction
parliamentary,fragmented,192,30,0.0,cohesive_obstruction
parliamentary,fragmented,193,30,0.0,cohesive_obstruction
parliamentary,fragmented,194,30,0.0,cohesive_obstruction
parliamentary,fragmented,195,30,0.0,cohesive_obstruction
parliamentary,fragmented,196,30,0.0,cohesive_obstruction
parliamentary,fragmented,197,30,0.0,cohesive_obstruction
parliamentary,fragmented,198,30,0.0,cohesive_obstruction
parliamentary,fragmented,199,30,0.0,cohesive_obstruction
parliamentary,fragmented,0,30,0.4666666666666667,personal_vote
parliamentary,fragmented,1,30,0.5,personal_vote
parliamentary,fragmented,2,30,0.4,personal_vote
parliamentary,fragmented,3,30,0.36666666666666664,personal_vote
parliamentary,fragmented,4,30,0.5333333333333333,personal_vote
parliamentary,fragmented,5,30,0.3,personal_vote
parliamentary,fragmented,6,30,0.4666666666666667,personal_vote
parliamentary,fragmented,7,30,0.5333333333333333,personal_vote
parliamentary,fragmented,8,30,0.43333333333333335,personal_vote
parliamentary,fragmented,9,30,0.3,personal_vote
parliamentary,fragmented,10,30,0.5333333333333333,personal_vote
parliamentary,fragmented,11,30,0.43333333333333335,personal_vote
parliamentary,fragmented,12,30,0.43333333333333335,personal_vote
parliamentary,fragmented,13,30,0.5,personal_vote
parliamentary,fragmented,14,30,0.43333333333333335,personal_vote
parliamentary,fragmented,15,30,0.36666666666666664,personal_vote
parliamentary,fragmented,16,30,0.43333333333333335,personal_vote
parliamentary,fragmented,17,30,0.5333333333333333,personal_vote
parliamentary,fragmented,18,30,0.5666666666666667,personal_vote
parliamentary,fragmented,19,30,0.4666666666666667,personal_vote
parliamentary,fragmented,20,30,0.36666666666666664,personal_vote
parliamentary,fragmented,21,30,0.43333333333333335,personal_vote
parliamentary,fragmented,22,30,0.4666666666666667,personal_vote
parliamentary,fragmented,23,30,0.4666666666666667,personal_vote
parliamentary,fragmented,24,30,0.5,personal_vote
parliamentary,fragmented,25,30,0.5,personal_vote
parliamentary,fragmented,26,30,0.4,personal_vote
parliamentary,fragmented,27,30,0.5,personal_vote
parliamentary,fragmented,28,30,0.6,personal_vote
parliamentary,fragmented,29,30,0.4,personal_vote
parliamentary,fragmented,30,30,0.43333333333333335,personal_vote
parliamentary,fragmented,31,30,0.4,personal_vote
parliamentary,fragmented,32,30,0.43333333333333335,personal_vote
parliamentary,fragmented,33,30,0.4666666666666667,personal_vote
parliamentary,fragmented,34,30,0.5666666666666667,personal_vote
parliamentary,fragmented,35,30,0.36666666666666664,personal_vote
parliamentary,fragmented,36,30,0.4,personal_vote
parliamentary,fragmented,37,30,0.7,personal_vote
parliamentary,fragmented,38,30,0.43333333333333335,personal_vote
parliamentary,fragmented,39,30,0.5,personal_vote
parliamentary,fragmented,40,30,0.3333333333333333,personal_vote
parliamentary,fragmented,41,30,0.43333333333333335,personal_vote
parliamentary,fragmented,42,30,0.4,personal_vote
parliamentary,fragmented,43,30,0.4,personal_vote
parliamentary,fragmented,44,30,0.43333333333333335,personal_vote
parliamentary,fragmented,45,30,0.5333333333333333,personal_vote
parliamentary,fragmented,46,30,0.36666666666666664,personal_vote
parliamentary,fragmented,47,30,0.5666666666666667,personal_vote
parliamentary,fragmented,48,30,0.5,personal_vote
parliamentary,fragmented,49,30,0.6,personal_vote
parliamentary,fragmented,50,30,0.3,personal_vote
parliamentary,fragmented,51,30,0.43333333333333335,personal_vote
parliamentary,fragmented,52,30,0.4666666666666667,personal_vote
parliamentary,fragmented,53,30,0.5333333333333333,personal_vote
parliamentary,fragmented,54,30,0.5666666666666667,personal_vote
parliamentary,fragmented,55,30,0.6,personal_vote
parliamentary,fragmented,56,30,0.3,personal_vote
parliamentary,fragmented,57,30,0.5333333333333333,personal_vote
parliamentary,fragmented,58,30,0.4,personal_vote
parliamentary,fragmented,59,30,0.5333333333333333,personal_vote
parliamentary,fragmented,60,30,0.4,personal_vote
parliamentary,fragmented,61,30,0.36666666666666664,personal_vote
parliamentary,fragmented,62,30,0.3,personal_vote
parliamentary,fragmented,63,30,0.4666666666666667,personal_vote
parliamentary,fragmented,64,30,0.5333333333333333,personal_vote
parliamentary,fragmented,65,30,0.43333333333333335,personal_vote
parliamentary,fragmented,66,30,0.6333333333333333,personal_vote
parliamentary,fragmented,67,30,0.6333333333333333,personal_vote
parliamentary,fragmented,68,30,0.5333333333333333,personal_vote
parliamentary,fragmented,69,30,0.4666666666666667,personal_vote
parliamentary,fragmented,70,30,0.5333333333333333,personal_vote
parliamentary,fragmented,71,30,0.4,personal_vote
parliamentary,fragmented,72,30,0.43333333333333335,personal_vote
parliamentary,fragmented,73,30,0.5,personal_vote
parliamentary,fragmented,74,30,0.5333333333333333,personal_vote
parliamentary,fragmented,75,30,0.5,personal_vote
parliamentary,fragmented,76,30,0.4666666666666667,personal_vote
parliamentary,fragmented,77,30,0.5333333333333333,personal_vote
parliamentary,fragmented,78,30,0.5,personal_vote
parliamentary,fragmented,79,30,0.4666666666666667,personal_vote
parliamentary,fragmented,80,30,0.5666666666666667,personal_vote
parliamentary,fragmented,81,30,0.4,personal_vote
parliamentary,fragmented,82,30,0.4,personal_vote
parliamentary,fragmented,83,30,0.5666666666666667,personal_vote
parliamentary,fragmented,84,30,0.5,personal_vote
parliamentary,fragmented,85,30,0.5666666666666667,personal_vote
parliamentary,fragmented,86,30,0.5,personal_vote
parliamentary,fragmented,87,30,0.3,personal_vote
parliamentary,fragmented,88,30,0.6,personal_vote
parliamentary,fragmented,89,30,0.4,personal_vote
parliamentary,fragmented,90,30,0.43333333333333335,personal_vote
parliamentary,fragmented,91,30,0.4666666666666667,personal_vote
parliamentary,fragmented,92,30,0.5,personal_vote
parliamentary,fragmented,93,30,0.3333333333333333,personal_vote
parliamentary,fragmented,94,30,0.43333333333333335,personal_vote
parliamentary,fragmented,95,30,0.4666666666666667,personal_vote
parliamentary,fragmented,96,30,0.43333333333333335,personal_vote
parliamentary,fragmented,97,30,0.4,personal_vote
parliamentary,fragmented,98,30,0.5666666666666667,personal_vote
parliamentary,fragmented,99,30,0.43333333333333335,personal_vote
parliamentary,fragmented,100,30,0.4,personal_vote
parliamentary,fragmented,101,30,0.43333333333333335,personal_vote
parliamentary,fragmented,102,30,0.6,personal_vote
parliamentary,fragmented,103,30,0.5,personal_vote
parliamentary,fragmented,104,30,0.4,personal_vote
parliamentary,fragmented,105,30,0.36666666666666664,personal_vote
parliamentary,fragmented,106,30,0.6,personal_vote
parliamentary,fragmented,107,30,0.3333333333333333,personal_vote
parliamentary,fragmented,108,30,0.5,personal_vote
parliamentary,fragmented,109,30,0.3333333333333333,personal_vote
parliamentary,fragmented,110,30,0.5,personal_vote
parliamentary,fragmented,111,30,0.4666666666666667,personal_vote
parliamentary,fragmented,112,30,0.4666666666666667,personal_vote
parliamentary,fragmented,113,30,0.4666666666666667,personal_vote
parliamentary,fragmented,114,30,0.4666666666666667,personal_vote
parliamentary,fragmented,115,30,0.3333333333333333,personal_vote
parliamentary,fragmented,116,30,0.5,personal_vote
parliamentary,fragmented,117,30,0.4666666666666667,personal_vote
parliamentary,fragmented,118,30,0.4,personal_vote
parliamentary,fragmented,119,30,0.4,personal_vote
parliamentary,fragmented,120,30,0.4666666666666667,personal_vote
parliamentary,fragmented,121,30,0.5333333333333333,personal_vote
parliamentary,fragmented,122,30,0.5666666666666667,personal_vote
parliamentary,fragmented,123,30,0.5333333333333333,personal_vote
parliamentary,fragmented,124,30,0.36666666666666664,personal_vote
parliamentary,fragmented,125,30,0.6333333333333333,personal_vote
parliamentary,fragmented,126,30,0.5666666666666667,personal_vote
parliamentary,fragmented,127,30,0.3,personal_vote
parliamentary,fragmented,128,30,0.6666666666666666,personal_vote
parliamentary,fragmented,129,30,0.5,personal_vote
parliamentary,fragmented,130,30,0.4,personal_vote
parliamentary,fragmented,131,30,0.4666666666666667,personal_vote
parliamentary,fragmented,132,30,0.5,personal_vote
parliamentary,fragmented,133,30,0.43333333333333335,personal_vote
parliamentary,fragmented,134,30,0.43333333333333335,personal_vote
parliamentary,fragmented,135,30,0.5333333333333333,personal_vote
parliamentary,fragmented,136,30,0.5333333333333333,personal_vote
parliamentary,fragmented,137,30,0.4666666666666667,personal_vote
parliamentary,fragmented,138,30,0.6666666666666666,personal_vote
parliamentary,fragmented,139,30,0.36666666666666664,personal_vote
parliamentary,fragmented,140,30,0.4666666666666667,personal_vote
parliamentary,fragmented,141,30,0.43333333333333335,personal_vote
parliamentary,fragmented,142,30,0.5333333333333333,personal_vote
parliamentary,fragmented,143,30,0.4666666666666667,personal_vote
parliamentary,fragmented,144,30,0.5,personal_vote
parliamentary,fragmented,145,30,0.26666666666666666,personal_vote
parliamentary,fragmented,146,30,0.4666666666666667,personal_vote
parliamentary,fragmented,147,30,0.23333333333333334,personal_vote
parliamentary,fragmented,148,30,0.36666666666666664,personal_vote
parliamentary,fragmented,149,30,0.4,personal_vote
parliamentary,fragmented,150,30,0.36666666666666664,personal_vote
parliamentary,fragmented,151,30,0.5,personal_vote
parliamentary,fragmented,152,30,0.3333333333333333,personal_vote
parliamentary,fragmented,153,30,0.43333333333333335,personal_vote
parliamentary,fragmented,154,30,0.5,personal_vote
parliamentary,fragmented,155,30,0.5,personal_vote
parliamentary,fragmented,156,30,0.5,personal_vote
parliamentary,fragmented,157,30,0.3333333333333333,personal_vote
parliamentary,fragmented,158,30,0.5333333333333333,personal_vote
parliamentary,fragmented,159,30,0.4666666666666667,personal_vote
parliamentary,fragmented,160,30,0.36666666666666664,personal_vote
parliamentary,fragmented,161,30,0.4,personal_vote
parliamentary,fragmented,162,30,0.4666666666666667,personal_vote
parliamentary,fragmented,163,30,0.5666666666666667,personal_vote
parliamentary,fragmented,164,30,0.5,personal_vote
parliamentary,fragmented,165,30,0.4,personal_vote
parliamentary,fragmented,166,30,0.23333333333333334,personal_vote
parliamentary,fragmented,167,30,0.5,personal_vote
parliamentary,fragmented,168,30,0.4,personal_vote
parliamentary,fragmented,169,30,0.4666666666666667,personal_vote
parliamentary,fragmented,170,30,0.5666666666666667,personal_vote
parliamentary,fragmented,171,30,0.5,personal_vote
parliamentary,fragmented,172,30,0.4666666666666667,personal_vote
parliamentary,fragmented,173,30,0.43333333333333335,personal_vote
parliamentary,fragmented,174,30,0.4,personal_vote
parliamentary,fragmented,175,30,0.3333333333333333,personal_vote
parliamentary,fragmented,176,30,0.36666666666666664,personal_vote
parliamentary,fragmented,177,30,0.5333333333333333,personal_vote
parliamentary,fragmented,178,30,0.4666666666666667,personal_vote
parliamentary,fragmented,179,30,0.4,personal_vote
parliamentary,fragmented,180,30,0.5,personal_vote
parliamentary,fragmented,181,30,0.5666666666666667,personal_vote
parliamentary,fragmented,182,30,0.5,personal_vote
parliamentary,fragmented,183,30,0.5333333333333333,personal_vote
parliamentary,fragmented,184,30,0.6666666666666666,personal_vote
parliamentary,fragmented,185,30,0.5,personal_vote
parliamentary,fragmented,186,30,0.5333333333333333,personal_vote
parliamentary,fragmented,187,30,0.5666666666666667,personal_vote
parliamentary,fragmented,188,30,0.5333333333333333,personal_vote
parliamentary,fragmented,189,30,0.4666666666666667,personal_vote
parliamentary,fragmented,190,30,0.5,personal_vote
parliamentary,fragmented,191,30,0.43333333333333335,personal_vote
parliamentary,fragmented,192,30,0.7,personal_vote
parliamentary,fragmented,193,30,0.5666666666666667,personal_vote
parliamentary,fragmented,194,30,0.6333333333333333,personal_vote
parliamentary,fragmented,195,30,0.4,personal_vote
parliamentary,fragmented,196,30,0.4,personal_vote
parliamentary,fragmented,197,30,0.36666666666666664,personal_vote
parliamentary,fragmented,198,30,0.4666666666666667,personal_vote
parliamentary,fragmented,199,30,0.3333333333333333,personal_vote
republican,fragmented,0,30,0.5333333333333333,cohesive_obstruction
republican,fragmented,1,30,0.4,cohesive_obstruction
republican,fragmented,2,30,0.36666666666666664,cohesive_obstruction
republican,fragmented,3,30,0.4,cohesive_obstruction
republican,fragmented,4,30,0.4666666666666667,cohesive_obstruction
republican,fragmented,5,30,0.5,cohesive_obstruction
republican,fragmented,6,30,0.5666666666666667,cohesive_obstruction
republican,fragmented,7,30,0.43333333333333335,cohesive_obstruction
republican,fragmented,8,30,0.43333333333333335,cohesive_obstruction
republican,fragmented,9,30,0.43333333333333335,cohesive_obstruction
republican,fragmented,10,30,0.5333333333333333,cohesive_obstruction
republican,fragmented,11,30,0.3333333333333333,cohesive_obstruction
republican,fragmented,12,30,0.5666666666666667,cohesive_obstruction
republican,fragmented,13,30,0.5,cohesive_obstruction
republican,fragmented,14,30,0.3333333333333333,cohesive_obstruction
republican,fragmented,15,30,0.5666666666666667,cohesive_obstruction
republican,fragmented,16,30,0.5,cohesive_obstruction
republican,fragmented,17,30,0.6666666666666666,cohesive_obstruction
republican,fragmented,18,30,0.4666666666666667,cohesive_obstruction
republican,fragmented,19,30,0.3333333333333333,cohesive_obstruction
republican,fragmented,20,30,0.4666666666666667,cohesive_obstruction
republican,fragmented,21,30,0.36666666666666664,cohesive_obstruction
republican,fragmented,22,30,0.43333333333333335,cohesive_obstruction
republican,fragmented,23,30,0.3333333333333333,cohesive_obstruction
republican,fragmented,24,30,0.5333333333333333,cohesive_obstruction
republican,fragmented,25,30,0.43333333333333335,cohesive_obstruction
republican,fragmented,26,30,0.36666666666666664,cohesive_obstruction
republican,fragmented,27,30,0.4666666666666667,cohesive_obstruction
republican,fragmented,28,30,0.4666666666666667,cohesive_obstruction
republican,fragmented,29,30,0.4,cohesive_obstruction
republican,fragmented,30,30,0.43333333333333335,cohesive_obstruction
republican,fragmented,31,30,0.5333333333333333,cohesive_obstruction
republican,fragmented,32,30,0.5,cohesive_obstruction
republican,fragmented,33,30,0.4666666666666667,cohesive_obstruction
republican,fragmented,34,30,0.5666666666666667,cohesive_obstruction
republican,fragmented,35,30,0.3,cohesive_obstruction
republican,fragmented,36,30,0.4666666666666667,cohesive_obstruction
republican,fragmented,37,30,0.4,cohesive_obstruction
republican,fragmented,38,30,0.5,cohesive_obstruction
republican,fragmented,39,30,0.36666666666666664,cohesive_obstruction
republican,fragmented,40,30,0.5,cohesive_obstruction
republican,fragmented,41,30,0.36666666666666664,cohesive_obstruction
republican,fragmented,42,30,0.4666666666666667,cohesive_obstruction
republican,fragmented,43,30,0.23333333333333334,cohesive_obstruction
republican,fragmented,44,30,0.4666666666666667,cohesive_obstruction
republican,fragmented,45,30,0.36666666666666664,cohesive_obstruction
republican,fragmented,46,30,0.43333333333333335,cohesive_obstruction
republican,fragmented,47,30,0.43333333333333335,cohesive_obstruction
republican,fragmented,48,30,0.4,cohesive_obstruction
republican,fragmented,49,30,0.5666666666666667,cohesive_obstruction
republican,fragmented,50,30,0.43333333333333335,cohesive_obstruction
republican,fragmented,51,30,0.3333333333333333,cohesive_obstruction
republican,fragmented,52,30,0.5666666666666667,cohesive_obstruction
republican,fragmented,53,30,0.4666666666666667,cohesive_obstruction
republican,fragmented,54,30,0.4666666666666667,cohesive_obstruction
republican,fragmented,55,30,0.36666666666666664,cohesive_obstruction
republican,fragmented,56,30,0.3333333333333333,cohesive_obstruction
republican,fragmented,57,30,0.43333333333333335,cohesive_obstruction
republican,fragmented,58,30,0.5333333333333333,cohesive_obstruction
republican,fragmented,59,30,0.5,cohesive_obstruction
republican,fragmented,60,30,0.3,cohesive_obstruction
republican,fragmented,61,30,0.5,cohesive_obstruction
republican,fragmented,62,30,0.4666666666666667,cohesive_obstruction
republican,fragmented,63,30,0.4666666666666667,cohesive_obstruction
republican,fragmented,64,30,0.4,cohesive_obstruction
republican,fragmented,65,30,0.36666666666666664,cohesive_obstruction
republican,fragmented,66,30,0.4,cohesive_obstruction
republican,fragmented,67,30,0.5333333333333333,cohesive_obstruction
republican,fragmented,68,30,0.5333333333333333,cohesive_obstruction
republican,fragmented,69,30,0.3333333333333333,cohesive_obstruction
republican,fragmented,70,30,0.4666666666666667,cohesive_obstruction
republican,fragmented,71,30,0.5333333333333333,cohesive_obstruction
republican,fragmented,72,30,0.43333333333333335,cohesive_obstruction
republican,fragmented,73,30,0.4,cohesive_obstruction
republican,fragmented,74,30,0.4666666666666667,cohesive_obstruction
republican,fragmented,75,30,0.4,cohesive_obstruction
republican,fragmented,76,30,0.5,cohesive_obstruction
republican,fragmented,77,30,0.26666666666666666,cohesive_obstruction
republican,fragmented,78,30,0.4666666666666667,cohesive_obstruction
republican,fragmented,79,30,0.3,cohesive_obstruction
republican,fragmented,80,30,0.4666666666666667,cohesive_obstruction
republican,fragmented,81,30,0.5,cohesive_obstruction
republican,fragmented,82,30,0.5666666666666667,cohesive_obstruction
republican,fragmented,83,30,0.36666666666666664,cohesive_obstruction
republican,fragmented,84,30,0.26666666666666666,cohesive_obstruction
republican,fragmented,85,30,0.4,cohesive_obstruction
republican,fragmented,86,30,0.43333333333333335,cohesive_obstruction
republican,fragmented,87,30,0.4,cohesive_obstruction
republican,fragmented,88,30,0.4,cohesive_obstruction
republican,fragmented,89,30,0.5666666666666667,cohesive_obstruction
republican,fragmented,90,30,0.5333333333333333,cohesive_obstruction
republican,fragmented,91,30,0.4,cohesive_obstruction
republican,fragmented,92,30,0.3,cohesive_obstruction
republican,fragmented,93,30,0.5666666666666667,cohesive_obstruction
republican,fragmented,94,30,0.3333333333333333,cohesive_obstruction
republican,fragmented,95,30,0.5,cohesive_obstruction
republican,fragmented,96,30,0.3333333333333333,cohesive_obstruction
republican,fragmented,97,30,0.36666666666666664,cohesive_obstruction
republican,fragmented,98,30,0.4666666666666667,cohesive_obstruction
republican,fragmented,99,30,0.4666666666666667,cohesive_obstruction
republican,fragmented,100,30,0.43333333333333335,cohesive_obstruction
republican,fragmented,101,30,0.43333333333333335,cohesive_obstruction
republican,fragmented,102,30,0.36666666666666664,cohesive_obstruction
republican,fragmented,103,30,0.4,cohesive_obstruction
republican,fragmented,104,30,0.4,cohesive_obstruction
republican,fragmented,105,30,0.4,cohesive_obstruction
republican,fragmented,106,30,0.5,cohesive_obstruction
republican,fragmented,107,30,0.4,cohesive_obstruction
republican,fragmented,108,30,0.36666666666666664,cohesive_obstruction
republican,fragmented,109,30,0.4666666666666667,cohesive_obstruction
republican,fragmented,110,30,0.36666666666666664,cohesive_obstruction
republican,fragmented,111,30,0.5333333333333333,cohesive_obstruction
republican,fragmented,112,30,0.4666666666666667,cohesive_obstruction
republican,fragmented,113,30,0.5,cohesive_obstruction
republican,fragmented,114,30,0.4666666666666667,cohesive_obstruction
republican,fragmented,115,30,0.4,cohesive_obstruction
republican,fragmented,116,30,0.4666666666666667,cohesive_obstruction
republican,fragmented,117,30,0.5,cohesive_obstruction
republican,fragmented,118,30,0.36666666666666664,cohesive_obstruction
republican,fragmented,119,30,0.4,cohesive_obstruction
republican,fragmented,120,30,0.6666666666666666,cohesive_obstruction
republican,fragmented,121,30,0.5333333333333333,cohesive_obstruction
republican,fragmented,122,30,0.23333333333333334,cohesive_obstruction
republican,fragmented,123,30,0.5666666666666667,cohesive_obstruction
republican,fragmented,124,30,0.43333333333333335,cohesive_obstruction
republican,fragmented,125,30,0.4666666666666667,cohesive_obstruction
republican,fragmented,126,30,0.5,cohesive_obstruction
republican,fragmented,127,30,0.3,cohesive_obstruction
republican,fragmented,128,30,0.4666666666666667,cohesive_obstruction
republican,fragmented,129,30,0.4666666666666667,cohesive_obstruction
republican,fragmented,130,30,0.5666666666666667,cohesive_obstruction
republican,fragmented,131,30,0.5,cohesive_obstruction
republican,fragmented,132,30,0.5,cohesive_obstruction
republican,fragmented,133,30,0.4666666666666667,cohesive_obstruction
republican,fragmented,134,30,0.23333333333333334,cohesive_obstruction
republican,fragmented,135,30,0.5,cohesive_obstruction
republican,fragmented,136,30,0.5333333333333333,cohesive_obstruction
republican,fragmented,137,30,0.5,cohesive_obstruction
republican,fragmented,138,30,0.5,cohesive_obstruction
republican,fragmented,139,30,0.6,cohesive_obstruction
republican,fragmented,140,30,0.4666666666666667,cohesive_obstruction
republican,fragmented,141,30,0.5,cohesive_obstruction
republican,fragmented,142,30,0.43333333333333335,cohesive_obstruction
republican,fragmented,143,30,0.6333333333333333,cohesive_obstruction
republican,fragmented,144,30,0.5666666666666667,cohesive_obstruction
republican,fragmented,145,30,0.4,cohesive_obstruction
republican,fragmented,146,30,0.5,cohesive_obstruction
republican,fragmented,147,30,0.4,cohesive_obstruction
republican,fragmented,148,30,0.5333333333333333,cohesive_obstruction
republican,fragmented,149,30,0.3,cohesive_obstruction
republican,fragmented,150,30,0.3333333333333333,cohesive_obstruction
republican,fragmented,151,30,0.36666666666666664,cohesive_obstruction
republican,fragmented,152,30,0.3,cohesive_obstruction
republican,fragmented,153,30,0.6,cohesive_obstruction
republican,fragmented,154,30,0.5333333333333333,cohesive_obstruction
republican,fragmented,155,30,0.43333333333333335,cohesive_obstruction
republican,fragmented,156,30,0.4,cohesive_obstruction
republican,fragmented,157,30,0.6,cohesive_obstruction
republican,fragmented,158,30,0.43333333333333335,cohesive_obstruction
republican,fragmented,159,30,0.6,cohesive_obstruction
republican,fragmented,160,30,0.6,cohesive_obstruction
republican,fragmented,161,30,0.4,cohesive_obstruction
republican,fragmented,162,30,0.3333333333333333,cohesive_obstruction
republican,fragmented,163,30,0.5,cohesive_obstruction
republican,fragmented,164,30,0.4666666666666667,cohesive_obstruction
republican,fragmented,165,30,0.3333333333333333,cohesive_obstruction
republican,fragmented,166,30,0.5,cohesive_obstruction
republican,fragmented,167,30,0.5333333333333333,cohesive_obstruction
republican,fragmented,168,30,0.36666666666666664,cohesive_obstruction
republican,fragmented,169,30,0.4666666666666667,cohesive_obstruction
republican,fragmented,170,30,0.43333333333333335,cohesive_obstruction
republican,fragmented,171,30,0.5,cohesive_obstruction
republican,fragmented,172,30,0.5666666666666667,cohesive_obstruction
republican,fragmented,173,30,0.6,cohesive_obstruction
republican,fragmented,174,30,0.4666666666666667,cohesive_obstruction
republican,fragmented,175,30,0.5,cohesive_obstruction
republican,fragmented,176,30,0.4666666666666667,cohesive_obstruction
republican,fragmented,177,30,0.26666666666666666,cohesive_obstruction
republican,fragmented,178,30,0.4666666666666667,cohesive_obstruction
republican,fragmented,179,30,0.4,cohesive_obstruction
republican,fragmented,180,30,0.4666666666666667,cohesive_obstruction
republican,fragmented,181,30,0.36666666666666664,cohesive_obstruction
republican,fragmented,182,30,0.5,cohesive_obstruction
republican,fragmented,183,30,0.5333333333333333,cohesive_obstruction
republican,fragmented,184,30,0.4,cohesive_obstruction
republican,fragmented,185,30,0.5,cohesive_obstruction
republican,fragmented,186,30,0.36666666666666664,cohesive_obstruction
republican,fragmented,187,30,0.5333333333333333,cohesive_obstruction
republican,fragmented,188,30,0.36666666666666664,cohesive_obstruction
republican,fragmented,189,30,0.23333333333333334,cohesive_obstruction
republican,fragmented,190,30,0.5,cohesive_obstruction
republican,fragmented,191,30,0.36666666666666664,cohesive_obstruction
republican,fragmented,192,30,0.4666666666666667,cohesive_obstruction
republican,fragmented,193,30,0.36666666666666664,cohesive_obstruction
republican,fragmented,194,30,0.4666666666666667,cohesive_obstruction
republican,fragmented,195,30,0.4666666666666667,cohesive_obstruction
republican,fragmented,196,30,0.5666666666666667,cohesive_obstruction
republican,fragmented,197,30,0.5666666666666667,cohesive_obstruction
republican,fragmented,198,30,0.4,cohesive_obstruction
republican,fragmented,199,30,0.5333333333333333,cohesive_obstruction
republican,fragmented,0,30,0.5333333333333333,personal_vote
republican,fragmented,1,30,0.4,personal_vote
republican,fragmented,2,30,0.36666666666666664,personal_vote
republican,fragmented,3,30,0.4,personal_vote
republican,fragmented,4,30,0.4666666666666667,personal_vote
republican,fragmented,5,30,0.5,personal_vote
republican,fragmented,6,30,0.5666666666666667,personal_vote
republican,fragmented,7,30,0.43333333333333335,personal_vote
republican,fragmented,8,30,0.43333333333333335,personal_vote
republican,fragmented,9,30,0.43333333333333335,personal_vote
republican,fragmented,10,30,0.5333333333333333,personal_vote
republican,fragmented,11,30,0.3333333333333333,personal_vote
republican,fragmented,12,30,0.5666666666666667,personal_vote
republican,fragmented,13,30,0.5,personal_vote
republican,fragmented,14,30,0.3333333333333333,personal_vote
republican,fragmented,15,30,0.5666666666666667,personal_vote
republican,fragmented,16,30,0.5,personal_vote
republican,fragmented,17,30,0.6666666666666666,personal_vote
republican,fragmented,18,30,0.4666666666666667,personal_vote
republican,fragmented,19,30,0.3333333333333333,personal_vote
republican,fragmented,20,30,0.4666666666666667,personal_vote
republican,fragmented,21,30,0.36666666666666664,personal_vote
republican,fragmented,22,30,0.43333333333333335,personal_vote
republican,fragmented,23,30,0.3333333333333333,personal_vote
republican,fragmented,24,30,0.5333333333333333,personal_vote
republican,fragmented,25,30,0.43333333333333335,personal_vote
republican,fragmented,26,30,0.36666666666666664,personal_vote
republican,fragmented,27,30,0.4666666666666667,personal_vote
republican,fragmented,28,30,0.4666666666666667,personal_vote
republican,fragmented,29,30,0.4,personal_vote
republican,fragmented,30,30,0.43333333333333335,personal_vote
republican,fragmented,31,30,0.5333333333333333,personal_vote
republican,fragmented,32,30,0.5,personal_vote
republican,fragmented,33,30,0.4666666666666667,personal_vote
republican,fragmented,34,30,0.5666666666666667,personal_vote
republican,fragmented,35,30,0.3,personal_vote
republican,fragmented,36,30,0.4666666666666667,personal_vote
republican,fragmented,37,30,0.4,personal_vote
republican,fragmented,38,30,0.5,personal_vote
republican,fragmented,39,30,0.36666666666666664,personal_vote
republican,fragmented,40,30,0.5,personal_vote
republican,fragmented,41,30,0.36666666666666664,personal_vote
republican,fragmented,42,30,0.4666666666666667,personal_vote
republican,fragmented,43,30,0.23333333333333334,personal_vote
republican,fragmented,44,30,0.4666666666666667,personal_vote
republican,fragmented,45,30,0.36666666666666664,personal_vote
republican,fragmented,46,30,0.43333333333333335,personal_vote
republican,fragmented,47,30,0.43333333333333335,personal_vote
republican,fragmented,48,30,0.4,personal_vote
republican,fragmented,49,30,0.5666666666666667,personal_vote
republican,fragmented,50,30,0.43333333333333335,personal_vote
republican,fragmented,51,30,0.3333333333333333,personal_vote
republican,fragmented,52,30,0.5666666666666667,personal_vote
republican,fragmented,53,30,0.4666666666666667,personal_vote
republican,fragmented,54,30,0.4666666666666667,personal_vote
republican,fragmented,55,30,0.36666666666666664,personal_vote
republican,fragmented,56,30,0.3333333333333333,personal_vote
republican,fragmented,57,30,0.43333333333333335,personal_vote
republican,fragmented,58,30,0.5333333333333333,personal_vote
republican,fragmented,59,30,0.5,personal_vote
republican,fragmented,60,30,0.3,personal_vote
republican,fragmented,61,30,0.5,personal_vote
republican,fragmented,62,30,0.4666666666666667,personal_vote
republican,fragmented,63,30,0.4666666666666667,personal_vote
republican,fragmented,64,30,0.4,personal_vote
republican,fragmented,65,30,0.36666666666666664,personal_vote
republican,fragmented,66,30,0.4,personal_vote
republican,fragmented,67,30,0.5333333333333333,personal_vote
republican,fragmented,68,30,0.5333333333333333,personal_vote
republican,fragmented,69,30,0.3333333333333333,personal_vote
republican,fragmented,70,30,0.4666666666666667,personal_vote
republican,fragmented,71,30,0.5333333333333333,personal_vote
republican,fragmented,72,30,0.43333333333333335,personal_vote
republican,fragmented,73,30,0.4,personal_vote
republican,fragmented,74,30,0.4666666666666667,personal_vote
republican,fragmented,75,30,0.4,personal_vote
republican,fragmented,76,30,0.5,personal_vote
republican,fragmented,77,30,0.26666666666666666,personal_vote
republican,fragmented,78,30,0.4666666666666667,personal_vote
republican,fragmented,79,30,0.3,personal_vote
republican,fragmented,80,30,0.4666666666666667,personal_vote
republican,fragmented,81,30,0.5,personal_vote
republican,fragmented,82,30,0.5666666666666667,personal_vote
republican,fragmented,83,30,0.36666666666666664,personal_vote
republican,fragmented,84,30,0.26666666666666666,personal_vote
republican,fragmented,85,30,0.4,personal_vote
republican,fragmented,86,30,0.43333333333333335,personal_vote
republican,fragmented,87,30,0.4,personal_vote
republican,fragmented,88,30,0.4,personal_vote
republican,fragmented,89,30,0.5666666666666667,personal_vote
republican,fragmented,90,30,0.5333333333333333,personal_vote
republican,fragmented,91,30,0.4,personal_vote
republican,fragmented,92,30,0.3,personal_vote
republican,fragmented,93,30,0.5666666666666667,personal_vote
republican,fragmented,94,30,0.3333333333333333,personal_vote
republican,fragmented,95,30,0.5,personal_vote
republican,fragmented,96,30,0.3333333333333333,personal_vote
republican,fragmented,97,30,0.36666666666666664,personal_vote
republican,fragmented,98,30,0.4666666666666667,personal_vote
republican,fragmented,99,30,0.4666666666666667,personal_vote
republican,fragmented,100,30,0.43333333333333335,personal_vote
republican,fragmented,101,30,0.43333333333333335,personal_vote
republican,fragmented,102,30,0.36666666666666664,personal_vote
republican,fragmented,103,30,0.4,personal_vote
republican,fragmented,104,30,0.4,personal_vote
republican,fragmented,105,30,0.4,personal_vote
republican,fragmented,106,30,0.5,personal_vote
republican,fragmented,107,30,0.4,personal_vote
republican,fragmented,108,30,0.36666666666666664,personal_vote
republican,fragmented,109,30,0.4666666666666667,personal_vote
republican,fragmented,110,30,0.36666666666666664,personal_vote
republican,fragmented,111,30,0.5333333333333333,personal_vote
republican,fragmented,112,30,0.4666666666666667,personal_vote
republican,fragmented,113,30,0.5,personal_vote
republican,fragmented,114,30,0.4666666666666667,personal_vote
republican,fragmented,115,30,0.4,personal_vote
republican,fragmented,116,30,0.4666666666666667,personal_vote
republican,fragmented,117,30,0.5,personal_vote
republican,fragmented,118,30,0.36666666666666664,personal_vote
republican,fragmented,119,30,0.4,personal_vote
republican,fragmented,120,30,0.6666666666666666,personal_vote
republican,fragmented,121,30,0.5333333333333333,personal_vote
republican,fragmented,122,30,0.23333333333333334,personal_vote
republican,fragmented,123,30,0.5666666666666667,personal_vote
republican,fragmented,124,30,0.43333333333333335,personal_vote
republican,fragmented,125,30,0.4666666666666667,personal_vote
republican,fragmented,126,30,0.5,personal_vote
republican,fragmented,127,30,0.3,personal_vote
republican,fragmented,128,30,0.4666666666666667,personal_vote
republican,fragmented,129,30,0.4666666666666667,personal_vote
republican,fragmented,130,30,0.5666666666666667,personal_vote
republican,fragmented,131,30,0.5,personal_vote
republican,fragmented,132,30,0.5,personal_vote
republican,fragmented,133,30,0.4666666666666667,personal_vote
republican,fragmented,134,30,0.23333333333333334,personal_vote
republican,fragmented,135,30,0.5,personal_vote
republican,fragmented,136,30,0.5333333333333333,personal_vote
republican,fragmented,137,30,0.5,personal_vote
republican,fragmented,138,30,0.5,personal_vote
republican,fragmented,139,30,0.6,personal_vote
republican,fragmented,140,30,0.4666666666666667,personal_vote
republican,fragmented,141,30,0.5,personal_vote
republican,fragmented,142,30,0.43333333333333335,personal_vote
republican,fragmented,143,30,0.6333333333333333,personal_vote
republican,fragmented,144,30,0.5666666666666667,personal_vote
republican,fragmented,145,30,0.4,personal_vote
republican,fragmented,146,30,0.5,personal_vote
republican,fragmented,147,30,0.4,personal_vote
republican,fragmented,148,30,0.5333333333333333,personal_vote
republican,fragmented,149,30,0.3,personal_vote
republican,fragmented,150,30,0.3333333333333333,personal_vote
republican,fragmented,151,30,0.36666666666666664,personal_vote
republican,fragmented,152,30,0.3,personal_vote
republican,fragmented,153,30,0.6,personal_vote
republican,fragmented,154,30,0.5333333333333333,personal_vote
republican,fragmented,155,30,0.43333333333333335,personal_vote
republican,fragmented,156,30,0.4,personal_vote
republican,fragmented,157,30,0.6,personal_vote
republican,fragmented,158,30,0.43333333333333335,personal_vote
republican,fragmented,159,30,0.6,personal_vote
republican,fragmented,160,30,0.6,personal_vote
republican,fragmented,161,30,0.4,personal_vote
republican,fragmented,162,30,0.3333333333333333,personal_vote
republican,fragmented,163,30,0.5,personal_vote
republican,fragmented,164,30,0.4666666666666667,personal_vote
republican,fragmented,165,30,0.3333333333333333,personal_vote
republican,fragmented,166,30,0.5,personal_vote
republican,fragmented,167,30,0.5333333333333333,personal_vote
republican,fragmented,168,30,0.36666666666666664,personal_vote
republican,fragmented,169,30,0.4666666666666667,personal_vote
republican,fragmented,170,30,0.43333333333333335,personal_vote
republican,fragmented,171,30,0.5,personal_vote
republican,fragmented,172,30,0.5666666666666667,personal_vote
republican,fragmented,173,30,0.6,personal_vote
republican,fragmented,174,30,0.4666666666666667,personal_vote
republican,fragmented,175,30,0.5,personal_vote
republican,fragmented,176,30,0.4666666666666667,personal_vote
republican,fragmented,177,30,0.26666666666666666,personal_vote
republican,fragmented,178,30,0.4666666666666667,personal_vote
republican,fragmented,179,30,0.4,personal_vote
republican,fragmented,180,30,0.4666666666666667,personal_vote
republican,fragmented,181,30,0.36666666666666664,personal_vote
republican,fragmented,182,30,0.5,personal_vote
republican,fragmented,183,30,0.5333333333333333,personal_vote
republican,fragmented,184,30,0.4,personal_vote
republican,fragmented,185,30,0.5,personal_vote
republican,fragmented,186,30,0.36666666666666664,personal_vote
republican,fragmented,187,30,0.5333333333333333,personal_vote
republican,fragmented,188,30,0.36666666666666664,personal_vote
republican,fragmented,189,30,0.23333333333333334,personal_vote
republican,fragmented,190,30,0.5,personal_vote
republican,fragmented,191,30,0.36666666666666664,personal_vote
republican,fragmented,192,30,0.4666666666666667,personal_vote
republican,fragmented,193,30,0.36666666666666664,personal_vote
republican,fragmented,194,30,0.4666666666666667,personal_vote
republican,fragmented,195,30,0.4666666666666667,personal_vote
republican,fragmented,196,30,0.5666666666666667,personal_vote
republican,fragmented,197,30,0.5666666666666667,personal_vote
republican,fragmented,198,30,0.4,personal_vote
republican,fragmented,199,30,0.5333333333333333,personal_vote
premier_presidential,fragmented,0,30,0.03333333333333333,cohesive_obstruction
premier_presidential,fragmented,1,30,0.0,cohesive_obstruction
premier_presidential,fragmented,2,30,0.0,cohesive_obstruction
premier_presidential,fragmented,3,30,0.0,cohesive_obstruction
premier_presidential,fragmented,4,30,0.06666666666666667,cohesive_obstruction
premier_presidential,fragmented,5,30,0.0,cohesive_obstruction
premier_presidential,fragmented,6,30,0.0,cohesive_obstruction
premier_presidential,fragmented,7,30,0.03333333333333333,cohesive_obstruction
premier_presidential,fragmented,8,30,0.03333333333333333,cohesive_obstruction
premier_presidential,fragmented,9,30,0.0,cohesive_obstruction
premier_presidential,fragmented,10,30,0.0,cohesive_obstruction
premier_presidential,fragmented,11,30,0.0,cohesive_obstruction
premier_presidential,fragmented,12,30,0.0,cohesive_obstruction
premier_presidential,fragmented,13,30,0.0,cohesive_obstruction
premier_presidential,fragmented,14,30,0.03333333333333333,cohesive_obstruction
premier_presidential,fragmented,15,30,0.0,cohesive_obstruction
premier_presidential,fragmented,16,30,0.0,cohesive_obstruction
premier_presidential,fragmented,17,30,0.0,cohesive_obstruction
premier_presidential,fragmented,18,30,0.0,cohesive_obstruction
premier_presidential,fragmented,19,30,0.03333333333333333,cohesive_obstruction
premier_presidential,fragmented,20,30,0.0,cohesive_obstruction
premier_presidential,fragmented,21,30,0.0,cohesive_obstruction
premier_presidential,fragmented,22,30,0.0,cohesive_obstruction
premier_presidential,fragmented,23,30,0.0,cohesive_obstruction
premier_presidential,fragmented,24,30,0.0,cohesive_obstruction
premier_presidential,fragmented,25,30,0.0,cohesive_obstruction
premier_presidential,fragmented,26,30,0.0,cohesive_obstruction
premier_presidential,fragmented,27,30,0.06666666666666667,cohesive_obstruction
premier_presidential,fragmented,28,30,0.0,cohesive_obstruction
premier_presidential,fragmented,29,30,0.0,cohesive_obstruction
premier_presidential,fragmented,30,30,0.0,cohesive_obstruction
premier_presidential,fragmented,31,30,0.06666666666666667,cohesive_obstruction
premier_presidential,fragmented,32,30,0.0,cohesive_obstruction
premier_presidential,fragmented,33,30,0.03333333333333333,cohesive_obstruction
premier_presidential,fragmented,34,30,0.0,cohesive_obstruction
premier_presidential,fragmented,35,30,0.0,cohesive_obstruction
premier_presidential,fragmented,36,30,0.0,cohesive_obstruction
premier_presidential,fragmented,37,30,0.03333333333333333,cohesive_obstruction
premier_presidential,fragmented,38,30,0.0,cohesive_obstruction
premier_presidential,fragmented,39,30,0.0,cohesive_obstruction
premier_presidential,fragmented,40,30,0.0,cohesive_obstruction
premier_presidential,fragmented,41,30,0.03333333333333333,cohesive_obstruction
premier_presidential,fragmented,42,30,0.03333333333333333,cohesive_obstruction
premier_presidential,fragmented,43,30,0.0,cohesive_obstruction
premier_presidential,fragmented,44,30,0.03333333333333333,cohesive_obstruction
premier_presidential,fragmented,45,30,0.06666666666666667,cohesive_obstruction
premier_presidential,fragmented,46,30,0.0,cohesive_obstruction
premier_presidential,fragmented,47,30,0.03333333333333333,cohesive_obstruction
premier_presidential,fragmented,48,30,0.0,cohesive_obstruction
premier_presidential,fragmented,49,30,0.06666666666666667,cohesive_obstruction
premier_presidential,fragmented,50,30,0.0,cohesive_obstruction
premier_presidential,fragmented,51,30,0.0,cohesive_obstruction
premier_presidential,fragmented,52,30,0.0,cohesive_obstruction
premier_presidential,fragmented,53,30,0.03333333333333333,cohesive_obstruction
premier_presidential,fragmented,54,30,0.0,cohesive_obstruction
premier_presidential,fragmented,55,30,0.0,cohesive_obstruction
premier_presidential,fragmented,56,30,0.0,cohesive_obstruction
premier_presidential,fragmented,57,30,0.0,cohesive_obstruction
premier_presidential,fragmented,58,30,0.0,cohesive_obstruction
premier_presidential,fragmented,59,30,0.0,cohesive_obstruction
premier_presidential,fragmented,60,30,0.06666666666666667,cohesive_obstruction
premier_presidential,fragmented,61,30,0.0,cohesive_obstruction
premier_presidential,fragmented,62,30,0.0,cohesive_obstruction
premier_presidential,fragmented,63,30,0.0,cohesive_obstruction
premier_presidential,fragmented,64,30,0.06666666666666667,cohesive_obstruction
premier_presidential,fragmented,65,30,0.06666666666666667,cohesive_obstruction
premier_presidential,fragmented,66,30,0.03333333333333333,cohesive_obstruction
premier_presidential,fragmented,67,30,0.0,cohesive_obstruction
premier_presidential,fragmented,68,30,0.0,cohesive_obstruction
premier_presidential,fragmented,69,30,0.03333333333333333,cohesive_obstruction
premier_presidential,fragmented,70,30,0.0,cohesive_obstruction
premier_presidential,fragmented,71,30,0.0,cohesive_obstruction
premier_presidential,fragmented,72,30,0.0,cohesive_obstruction
premier_presidential,fragmented,73,30,0.0,cohesive_obstruction
premier_presidential,fragmented,74,30,0.0,cohesive_obstruction
premier_presidential,fragmented,75,30,0.0,cohesive_obstruction
premier_presidential,fragmented,76,30,0.0,cohesive_obstruction
premier_presidential,fragmented,77,30,0.03333333333333333,cohesive_obstruction
premier_presidential,fragmented,78,30,0.0,cohesive_obstruction
premier_presidential,fragmented,79,30,0.0,cohesive_obstruction
premier_presidential,fragmented,80,30,0.03333333333333333,cohesive_obstruction
premier_presidential,fragmented,81,30,0.0,cohesive_obstruction
premier_presidential,fragmented,82,30,0.0,cohesive_obstruction
premier_presidential,fragmented,83,30,0.0,cohesive_obstruction
premier_presidential,fragmented,84,30,0.03333333333333333,cohesive_obstruction
premier_presidential,fragmented,85,30,0.0,cohesive_obstruction
premier_presidential,fragmented,86,30,0.0,cohesive_obstruction
premier_presidential,fragmented,87,30,0.0,cohesive_obstruction
premier_presidential,fragmented,88,30,0.03333333333333333,cohesive_obstruction
premier_presidential,fragmented,89,30,0.0,cohesive_obstruction
premier_presidential,fragmented,90,30,0.0,cohesive_obstruction
premier_presidential,fragmented,91,30,0.03333333333333333,cohesive_obstruction
premier_presidential,fragmented,92,30,0.0,cohesive_obstruction
premier_presidential,fragmented,93,30,0.03333333333333333,cohesive_obstruction
premier_presidential,fragmented,94,30,0.03333333333333333,cohesive_obstruction
premier_presidential,fragmented,95,30,0.03333333333333333,cohesive_obstruction
premier_presidential,fragmented,96,30,0.0,cohesive_obstruction
premier_presidential,fragmented,97,30,0.03333333333333333,cohesive_obstruction
premier_presidential,fragmented,98,30,0.03333333333333333,cohesive_obstruction
premier_presidential,fragmented,99,30,0.03333333333333333,cohesive_obstruction
premier_presidential,fragmented,100,30,0.03333333333333333,cohesive_obstruction
premier_presidential,fragmented,101,30,0.0,cohesive_obstruction
premier_presidential,fragmented,102,30,0.03333333333333333,cohesive_obstruction
premier_presidential,fragmented,103,30,0.03333333333333333,cohesive_obstruction
premier_presidential,fragmented,104,30,0.0,cohesive_obstruction
premier_presidential,fragmented,105,30,0.03333333333333333,cohesive_obstruction
premier_presidential,fragmented,106,30,0.03333333333333333,cohesive_obstruction
premier_presidential,fragmented,107,30,0.0,cohesive_obstruction
premier_presidential,fragmented,108,30,0.0,cohesive_obstruction
premier_presidential,fragmented,109,30,0.0,cohesive_obstruction
premier_presidential,fragmented,110,30,0.03333333333333333,cohesive_obstruction
premier_presidential,fragmented,111,30,0.0,cohesive_obstruction
premier_presidential,fragmented,112,30,0.0,cohesive_obstruction
premier_presidential,fragmented,113,30,0.0,cohesive_obstruction
premier_presidential,fragmented,114,30,0.0,cohesive_obstruction
premier_presidential,fragmented,115,30,0.03333333333333333,cohesive_obstruction
premier_presidential,fragmented,116,30,0.03333333333333333,cohesive_obstruction
premier_presidential,fragmented,117,30,0.0,cohesive_obstruction
premier_presidential,fragmented,118,30,0.0,cohesive_obstruction
premier_presidential,fragmented,119,30,0.0,cohesive_obstruction
premier_presidential,fragmented,120,30,0.0,cohesive_obstruction
premier_presidential,fragmented,121,30,0.0,cohesive_obstruction
premier_presidential,fragmented,122,30,0.0,cohesive_obstruction
premier_presidential,fragmented,123,30,0.03333333333333333,cohesive_obstruction
premier_presidential,fragmented,124,30,0.0,cohesive_obstruction
premier_presidential,fragmented,125,30,0.06666666666666667,cohesive_obstruction
premier_presidential,fragmented,126,30,0.0,cohesive_obstruction
premier_presidential,fragmented,127,30,0.0,cohesive_obstruction
premier_presidential,fragmented,128,30,0.03333333333333333,cohesive_obstruction
premier_presidential,fragmented,129,30,0.0,cohesive_obstruction
premier_presidential,fragmented,130,30,0.0,cohesive_obstruction
premier_presidential,fragmented,131,30,0.03333333333333333,cohesive_obstruction
premier_presidential,fragmented,132,30,0.03333333333333333,cohesive_obstruction
premier_presidential,fragmented,133,30,0.0,cohesive_obstruction
premier_presidential,fragmented,134,30,0.0,cohesive_obstruction
premier_presidential,fragmented,135,30,0.0,cohesive_obstruction
premier_presidential,fragmented,136,30,0.03333333333333333,cohesive_obstruction
premier_presidential,fragmented,137,30,0.0,cohesive_obstruction
premier_presidential,fragmented,138,30,0.0,cohesive_obstruction
premier_presidential,fragmented,139,30,0.0,cohesive_obstruction
premier_presidential,fragmented,140,30,0.0,cohesive_obstruction
premier_presidential,fragmented,141,30,0.0,cohesive_obstruction
premier_presidential,fragmented,142,30,0.0,cohesive_obstruction
premier_presidential,fragmented,143,30,0.0,cohesive_obstruction
premier_presidential,fragmented,144,30,0.0,cohesive_obstruction
premier_presidential,fragmented,145,30,0.03333333333333333,cohesive_obstruction
premier_presidential,fragmented,146,30,0.0,cohesive_obstruction
premier_presidential,fragmented,147,30,0.0,cohesive_obstruction
premier_presidential,fragmented,148,30,0.0,cohesive_obstruction
premier_presidential,fragmented,149,30,0.03333333333333333,cohesive_obstruction
premier_presidential,fragmented,150,30,0.0,cohesive_obstruction
premier_presidential,fragmented,151,30,0.03333333333333333,cohesive_obstruction
premier_presidential,fragmented,152,30,0.0,cohesive_obstruction
premier_presidential,fragmented,153,30,0.0,cohesive_obstruction
premier_presidential,fragmented,154,30,0.0,cohesive_obstruction
premier_presidential,fragmented,155,30,0.0,cohesive_obstruction
premier_presidential,fragmented,156,30,0.0,cohesive_obstruction
premier_presidential,fragmented,157,30,0.0,cohesive_obstruction
premier_presidential,fragmented,158,30,0.0,cohesive_obstruction
premier_presidential,fragmented,159,30,0.06666666666666667,cohesive_obstruction
premier_presidential,fragmented,160,30,0.03333333333333333,cohesive_obstruction
premier_presidential,fragmented,161,30,0.03333333333333333,cohesive_obstruction
premier_presidential,fragmented,162,30,0.0,cohesive_obstruction
premier_presidential,fragmented,163,30,0.03333333333333333,cohesive_obstruction
premier_presidential,fragmented,164,30,0.0,cohesive_obstruction
premier_presidential,fragmented,165,30,0.0,cohesive_obstruction
premier_presidential,fragmented,166,30,0.0,cohesive_obstruction
premier_presidential,fragmented,167,30,0.0,cohesive_obstruction
premier_presidential,fragmented,168,30,0.0,cohesive_obstruction
premier_presidential,fragmented,169,30,0.03333333333333333,cohesive_obstruction
premier_presidential,fragmented,170,30,0.0,cohesive_obstruction
premier_presidential,fragmented,171,30,0.0,cohesive_obstruction
premier_presidential,fragmented,172,30,0.03333333333333333,cohesive_obstruction
premier_presidential,fragmented,173,30,0.0,cohesive_obstruction
premier_presidential,fragmented,174,30,0.0,cohesive_obstruction
premier_presidential,fragmented,175,30,0.0,cohesive_obstruction
premier_presidential,fragmented,176,30,0.0,cohesive_obstruction
premier_presidential,fragmented,177,30,0.03333333333333333,cohesive_obstruction
premier_presidential,fragmented,178,30,0.0,cohesive_obstruction
premier_presidential,fragmented,179,30,0.0,cohesive_obstruction
premier_presidential,fragmented,180,30,0.03333333333333333,cohesive_obstruction
premier_presidential,fragmented,181,30,0.0,cohesive_obstruction
premier_presidential,fragmented,182,30,0.0,cohesive_obstruction
premier_presidential,fragmented,183,30,0.0,cohesive_obstruction
premier_presidential,fragmented,184,30,0.03333333333333333,cohesive_obstruction
premier_presidential,fragmented,185,30,0.0,cohesive_obstruction
premier_presidential,fragmented,186,30,0.0,cohesive_obstruction
premier_presidential,fragmented,187,30,0.0,cohesive_obstruction
premier_presidential,fragmented,188,30,0.1,cohesive_obstruction
premier_presidential,fragmented,189,30,0.06666666666666667,cohesive_obstruction
premier_presidential,fragmented,190,30,0.06666666666666667,cohesive_obstruction
premier_presidential,fragmented,191,30,0.0,cohesive_obstruction
premier_presidential,fragmented,192,30,0.0,cohesive_obstruction
premier_presidential,fragmented,193,30,0.0,cohesive_obstruction
premier_presidential,fragmented,194,30,0.03333333333333333,cohesive_obstruction
premier_presidential,fragmented,195,30,0.0,cohesive_obstruction
premier_presidential,fragmented,196,30,0.0,cohesive_obstruction
premier_presidential,fragmented,197,30,0.0,cohesive_obstruction
premier_presidential,fragmented,198,30,0.0,cohesive_obstruction
premier_presidential,fragmented,199,30,0.0,cohesive_obstruction
premier_presidential,fragmented,0,30,0.36666666666666664,personal_vote
premier_presidential,fragmented,1,30,0.36666666666666664,personal_vote
premier_presidential,fragmented,2,30,0.3333333333333333,personal_vote
premier_presidential,fragmented,3,30,0.36666666666666664,personal_vote
premier_presidential,fragmented,4,30,0.36666666666666664,personal_vote
premier_presidential,fragmented,5,30,0.36666666666666664,personal_vote
premier_presidential,fragmented,6,30,0.26666666666666666,personal_vote
premier_presidential,fragmented,7,30,0.36666666666666664,personal_vote
premier_presidential,fragmented,8,30,0.3,personal_vote
premier_presidential,fragmented,9,30,0.36666666666666664,personal_vote
premier_presidential,fragmented,10,30,0.3,personal_vote
premier_presidential,fragmented,11,30,0.23333333333333334,personal_vote
premier_presidential,fragmented,12,30,0.26666666666666666,personal_vote
premier_presidential,fragmented,13,30,0.3333333333333333,personal_vote
premier_presidential,fragmented,14,30,0.16666666666666666,personal_vote
premier_presidential,fragmented,15,30,0.36666666666666664,personal_vote
premier_presidential,fragmented,16,30,0.4,personal_vote
premier_presidential,fragmented,17,30,0.3333333333333333,personal_vote
premier_presidential,fragmented,18,30,0.3333333333333333,personal_vote
premier_presidential,fragmented,19,30,0.43333333333333335,personal_vote
premier_presidential,fragmented,20,30,0.3,personal_vote
premier_presidential,fragmented,21,30,0.2,personal_vote
premier_presidential,fragmented,22,30,0.36666666666666664,personal_vote
premier_presidential,fragmented,23,30,0.3,personal_vote
premier_presidential,fragmented,24,30,0.4666666666666667,personal_vote
premier_presidential,fragmented,25,30,0.2,personal_vote
premier_presidential,fragmented,26,30,0.4666666666666667,personal_vote
premier_presidential,fragmented,27,30,0.4,personal_vote
premier_presidential,fragmented,28,30,0.36666666666666664,personal_vote
premier_presidential,fragmented,29,30,0.2,personal_vote
premier_presidential,fragmented,30,30,0.36666666666666664,personal_vote
premier_presidential,fragmented,31,30,0.26666666666666666,personal_vote
premier_presidential,fragmented,32,30,0.26666666666666666,personal_vote
premier_presidential,fragmented,33,30,0.26666666666666666,personal_vote
premier_presidential,fragmented,34,30,0.4,personal_vote
premier_presidential,fragmented,35,30,0.36666666666666664,personal_vote
premier_presidential,fragmented,36,30,0.4666666666666667,personal_vote
premier_presidential,fragmented,37,30,0.3333333333333333,personal_vote
premier_presidential,fragmented,38,30,0.36666666666666664,personal_vote
premier_presidential,fragmented,39,30,0.36666666666666664,personal_vote
premier_presidential,fragmented,40,30,0.16666666666666666,personal_vote
premier_presidential,fragmented,41,30,0.4666666666666667,personal_vote
premier_presidential,fragmented,42,30,0.3333333333333333,personal_vote
premier_presidential,fragmented,43,30,0.3333333333333333,personal_vote
premier_presidential,fragmented,44,30,0.2,personal_vote
premier_presidential,fragmented,45,30,0.3333333333333333,personal_vote
premier_presidential,fragmented,46,30,0.4666666666666667,personal_vote
premier_presidential,fragmented,47,30,0.4,personal_vote
premier_presidential,fragmented,48,30,0.3333333333333333,personal_vote
premier_presidential,fragmented,49,30,0.3333333333333333,personal_vote
premier_presidential,fragmented,50,30,0.36666666666666664,personal_vote
premier_presidential,fragmented,51,30,0.4,personal_vote
premier_presidential,fragmented,52,30,0.3333333333333333,personal_vote
premier_presidential,fragmented,53,30,0.36666666666666664,personal_vote
premier_presidential,fragmented,54,30,0.36666666666666664,personal_vote
premier_presidential,fragmented,55,30,0.4,personal_vote
premier_presidential,fragmented,56,30,0.3,personal_vote
premier_presidential,fragmented,57,30,0.26666666666666666,personal_vote
premier_presidential,fragmented,58,30,0.43333333333333335,personal_vote
premier_presidential,fragmented,59,30,0.43333333333333335,personal_vote
premier_presidential,fragmented,60,30,0.2,personal_vote
premier_presidential,fragmented,61,30,0.3,personal_vote
premier_presidential,fragmented,62,30,0.4,personal_vote
premier_presidential,fragmented,63,30,0.36666666666666664,personal_vote
premier_presidential,fragmented,64,30,0.43333333333333335,personal_vote
premier_presidential,fragmented,65,30,0.5666666666666667,personal_vote
premier_presidential,fragmented,66,30,0.4,personal_vote
premier_presidential,fragmented,67,30,0.26666666666666666,personal_vote
premier_presidential,fragmented,68,30,0.26666666666666666,personal_vote
premier_presidential,fragmented,69,30,0.13333333333333333,personal_vote
premier_presidential,fragmented,70,30,0.5333333333333333,personal_vote
premier_presidential,fragmented,71,30,0.4,personal_vote
premier_presidential,fragmented,72,30,0.36666666666666664,personal_vote
premier_presidential,fragmented,73,30,0.23333333333333334,personal_vote
premier_presidential,fragmented,74,30,0.36666666666666664,personal_vote
premier_presidential,fragmented,75,30,0.43333333333333335,personal_vote
premier_presidential,fragmented,76,30,0.3333333333333333,personal_vote
premier_presidential,fragmented,77,30,0.36666666666666664,personal_vote
premier_presidential,fragmented,78,30,0.43333333333333335,personal_vote
premier_presidential,fragmented,79,30,0.36666666666666664,personal_vote
premier_presidential,fragmented,80,30,0.4,personal_vote
premier_presidential,fragmented,81,30,0.3,personal_vote
premier_presidential,fragmented,82,30,0.43333333333333335,personal_vote
premier_presidential,fragmented,83,30,0.4666666666666667,personal_vote
premier_presidential,fragmented,84,30,0.36666666666666664,personal_vote
premier_presidential,fragmented,85,30,0.36666666666666664,personal_vote
premier_presidential,fragmented,86,30,0.43333333333333335,personal_vote
premier_presidential,fragmented,87,30,0.3,personal_vote
premier_presidential,fragmented,88,30,0.3333333333333333,personal_vote
premier_presidential,fragmented,89,30,0.5333333333333333,personal_vote
premier_presidential,fragmented,90,30,0.2,personal_vote
premier_presidential,fragmented,91,30,0.23333333333333334,personal_vote
premier_presidential,fragmented,92,30,0.36666666666666664,personal_vote
premier_presidential,fragmented,93,30,0.26666666666666666,personal_vote
premier_presidential,fragmented,94,30,0.3,personal_vote
premier_presidential,fragmented,95,30,0.3,personal_vote
premier_presidential,fragmented,96,30,0.2,personal_vote
premier_presidential,fragmented,97,30,0.23333333333333334,personal_vote
premier_presidential,fragmented,98,30,0.4,personal_vote
premier_presidential,fragmented,99,30,0.36666666666666664,personal_vote
premier_presidential,fragmented,100,30,0.3,personal_vote
premier_presidential,fragmented,101,30,0.36666666666666664,personal_vote
premier_presidential,fragmented,102,30,0.23333333333333334,personal_vote
premier_presidential,fragmented,103,30,0.36666666666666664,personal_vote
premier_presidential,fragmented,104,30,0.3,personal_vote
premier_presidential,fragmented,105,30,0.26666666666666666,personal_vote
premier_presidential,fragmented,106,30,0.23333333333333334,personal_vote
premier_presidential,fragmented,107,30,0.43333333333333335,personal_vote
premier_presidential,fragmented,108,30,0.3,personal_vote
premier_presidential,fragmented,109,30,0.3,personal_vote
premier_presidential,fragmented,110,30,0.3,personal_vote
premier_presidential,fragmented,111,30,0.3333333333333333,personal_vote
premier_presidential,fragmented,112,30,0.16666666666666666,personal_vote
premier_presidential,fragmented,113,30,0.2,personal_vote
premier_presidential,fragmented,114,30,0.3,personal_vote
premier_presidential,fragmented,115,30,0.23333333333333334,personal_vote
premier_presidential,fragmented,116,30,0.3333333333333333,personal_vote
premier_presidential,fragmented,117,30,0.36666666666666664,personal_vote
premier_presidential,fragmented,118,30,0.26666666666666666,personal_vote
premier_presidential,fragmented,119,30,0.3,personal_vote
premier_presidential,fragmented,120,30,0.3,personal_vote
premier_presidential,fragmented,121,30,0.26666666666666666,personal_vote
premier_presidential,fragmented,122,30,0.23333333333333334,personal_vote
premier_presidential,fragmented,123,30,0.26666666666666666,personal_vote
premier_presidential,fragmented,124,30,0.3333333333333333,personal_vote
premier_presidential,fragmented,125,30,0.3333333333333333,personal_vote
premier_presidential,fragmented,126,30,0.16666666666666666,personal_vote
premier_presidential,fragmented,127,30,0.3333333333333333,personal_vote
premier_presidential,fragmented,128,30,0.36666666666666664,personal_vote
premier_presidential,fragmented,129,30,0.36666666666666664,personal_vote
premier_presidential,fragmented,130,30,0.3333333333333333,personal_vote
premier_presidential,fragmented,131,30,0.26666666666666666,personal_vote
premier_presidential,fragmented,132,30,0.36666666666666664,personal_vote
premier_presidential,fragmented,133,30,0.26666666666666666,personal_vote
premier_presidential,fragmented,134,30,0.2,personal_vote
premier_presidential,fragmented,135,30,0.26666666666666666,personal_vote
premier_presidential,fragmented,136,30,0.26666666666666666,personal_vote
premier_presidential,fragmented,137,30,0.26666666666666666,personal_vote
premier_presidential,fragmented,138,30,0.3,personal_vote
premier_presidential,fragmented,139,30,0.36666666666666664,personal_vote
premier_presidential,fragmented,140,30,0.43333333333333335,personal_vote
premier_presidential,fragmented,141,30,0.26666666666666666,personal_vote
premier_presidential,fragmented,142,30,0.26666666666666666,personal_vote
premier_presidential,fragmented,143,30,0.36666666666666664,personal_vote
premier_presidential,fragmented,144,30,0.23333333333333334,personal_vote
premier_presidential,fragmented,145,30,0.26666666666666666,personal_vote
premier_presidential,fragmented,146,30,0.26666666666666666,personal_vote
premier_presidential,fragmented,147,30,0.43333333333333335,personal_vote
premier_presidential,fragmented,148,30,0.4666666666666667,personal_vote
premier_presidential,fragmented,149,30,0.4666666666666667,personal_vote
premier_presidential,fragmented,150,30,0.5,personal_vote
premier_presidential,fragmented,151,30,0.3333333333333333,personal_vote
premier_presidential,fragmented,152,30,0.3,personal_vote
premier_presidential,fragmented,153,30,0.3333333333333333,personal_vote
premier_presidential,fragmented,154,30,0.4,personal_vote
premier_presidential,fragmented,155,30,0.3333333333333333,personal_vote
premier_presidential,fragmented,156,30,0.36666666666666664,personal_vote
premier_presidential,fragmented,157,30,0.36666666666666664,personal_vote
premier_presidential,fragmented,158,30,0.3,personal_vote
premier_presidential,fragmented,159,30,0.43333333333333335,personal_vote
premier_presidential,fragmented,160,30,0.23333333333333334,personal_vote
premier_presidential,fragmented,161,30,0.3,personal_vote
premier_presidential,fragmented,162,30,0.36666666666666664,personal_vote
premier_presidential,fragmented,163,30,0.36666666666666664,personal_vote
premier_presidential,fragmented,164,30,0.4666666666666667,personal_vote
premier_presidential,fragmented,165,30,0.3333333333333333,personal_vote
premier_presidential,fragmented,166,30,0.3,personal_vote
premier_presidential,fragmented,167,30,0.36666666666666664,personal_vote
premier_presidential,fragmented,168,30,0.4,personal_vote
premier_presidential,fragmented,169,30,0.3333333333333333,personal_vote
premier_presidential,fragmented,170,30,0.3333333333333333,personal_vote
premier_presidential,fragmented,171,30,0.4666666666666667,personal_vote
premier_presidential,fragmented,172,30,0.3333333333333333,personal_vote
premier_presidential,fragmented,173,30,0.26666666666666666,personal_vote
premier_presidential,fragmented,174,30,0.3,personal_vote
premier_presidential,fragmented,175,30,0.13333333333333333,personal_vote
premier_presidential,fragmented,176,30,0.23333333333333334,personal_vote
premier_presidential,fragmented,177,30,0.26666666666666666,personal_vote
premier_presidential,fragmented,178,30,0.26666666666666666,personal_vote
premier_presidential,fragmented,179,30,0.4666666666666667,personal_vote
premier_presidential,fragmented,180,30,0.23333333333333334,personal_vote
premier_presidential,fragmented,181,30,0.26666666666666666,personal_vote
premier_presidential,fragmented,182,30,0.4666666666666667,personal_vote
premier_presidential,fragmented,183,30,0.3333333333333333,personal_vote
premier_presidential,fragmented,184,30,0.26666666666666666,personal_vote
premier_presidential,fragmented,185,30,0.4666666666666667,personal_vote
premier_presidential,fragmented,186,30,0.36666666666666664,personal_vote
premier_presidential,fragmented,187,30,0.26666666666666666,personal_vote
premier_presidential,fragmented,188,30,0.36666666666666664,personal_vote
premier_presidential,fragmented,189,30,0.23333333333333334,personal_vote
premier_presidential,fragmented,190,30,0.43333333333333335,personal_vote
premier_presidential,fragmented,191,30,0.43333333333333335,personal_vote
premier_presidential,fragmented,192,30,0.36666666666666664,personal_vote
premier_presidential,fragmented,193,30,0.3333333333333333,personal_vote
premier_presidential,fragmented,194,30,0.5666666666666667,personal_vote
premier_presidential,fragmented,195,30,0.23333333333333334,personal_vote
premier_presidential,fragmented,196,30,0.23333333333333334,personal_vote
premier_presidential,fragmented,197,30,0.4666666666666667,personal_vote
premier_presidential,fragmented,198,30,0.4,personal_vote
premier_presidential,fragmented,199,30,0.1,personal_vote
president_parliamentary,fragmented,0,30,0.06666666666666667,cohesive_obstruction
president_parliamentary,fragmented,1,30,0.06666666666666667,cohesive_obstruction
president_parliamentary,fragmented,2,30,0.13333333333333333,cohesive_obstruction
president_parliamentary,fragmented,3,30,0.03333333333333333,cohesive_obstruction
president_parliamentary,fragmented,4,30,0.03333333333333333,cohesive_obstruction
president_parliamentary,fragmented,5,30,0.0,cohesive_obstruction
president_parliamentary,fragmented,6,30,0.2,cohesive_obstruction
president_parliamentary,fragmented,7,30,0.06666666666666667,cohesive_obstruction
president_parliamentary,fragmented,8,30,0.03333333333333333,cohesive_obstruction
president_parliamentary,fragmented,9,30,0.03333333333333333,cohesive_obstruction
president_parliamentary,fragmented,10,30,0.03333333333333333,cohesive_obstruction
president_parliamentary,fragmented,11,30,0.0,cohesive_obstruction
president_parliamentary,fragmented,12,30,0.1,cohesive_obstruction
president_parliamentary,fragmented,13,30,0.13333333333333333,cohesive_obstruction
president_parliamentary,fragmented,14,30,0.1,cohesive_obstruction
president_parliamentary,fragmented,15,30,0.03333333333333333,cohesive_obstruction
president_parliamentary,fragmented,16,30,0.06666666666666667,cohesive_obstruction
president_parliamentary,fragmented,17,30,0.06666666666666667,cohesive_obstruction
president_parliamentary,fragmented,18,30,0.13333333333333333,cohesive_obstruction
president_parliamentary,fragmented,19,30,0.13333333333333333,cohesive_obstruction
president_parliamentary,fragmented,20,30,0.13333333333333333,cohesive_obstruction
president_parliamentary,fragmented,21,30,0.0,cohesive_obstruction
president_parliamentary,fragmented,22,30,0.06666666666666667,cohesive_obstruction
president_parliamentary,fragmented,23,30,0.13333333333333333,cohesive_obstruction
president_parliamentary,fragmented,24,30,0.13333333333333333,cohesive_obstruction
president_parliamentary,fragmented,25,30,0.1,cohesive_obstruction
president_parliamentary,fragmented,26,30,0.06666666666666667,cohesive_obstruction
president_parliamentary,fragmented,27,30,0.1,cohesive_obstruction
president_parliamentary,fragmented,28,30,0.03333333333333333,cohesive_obstruction
president_parliamentary,fragmented,29,30,0.1,cohesive_obstruction
president_parliamentary,fragmented,30,30,0.03333333333333333,cohesive_obstruction
president_parliamentary,fragmented,31,30,0.03333333333333333,cohesive_obstruction
president_parliamentary,fragmented,32,30,0.06666666666666667,cohesive_obstruction
president_parliamentary,fragmented,33,30,0.06666666666666667,cohesive_obstruction
president_parliamentary,fragmented,34,30,0.06666666666666667,cohesive_obstruction
president_parliamentary,fragmented,35,30,0.03333333333333333,cohesive_obstruction
president_parliamentary,fragmented,36,30,0.06666666666666667,cohesive_obstruction
president_parliamentary,fragmented,37,30,0.06666666666666667,cohesive_obstruction
president_parliamentary,fragmented,38,30,0.26666666666666666,cohesive_obstruction
president_parliamentary,fragmented,39,30,0.1,cohesive_obstruction
president_parliamentary,fragmented,40,30,0.1,cohesive_obstruction
president_parliamentary,fragmented,41,30,0.13333333333333333,cohesive_obstruction
president_parliamentary,fragmented,42,30,0.13333333333333333,cohesive_obstruction
president_parliamentary,fragmented,43,30,0.0,cohesive_obstruction
president_parliamentary,fragmented,44,30,0.0,cohesive_obstruction
president_parliamentary,fragmented,45,30,0.16666666666666666,cohesive_obstruction
president_parliamentary,fragmented,46,30,0.2,cohesive_obstruction
president_parliamentary,fragmented,47,30,0.03333333333333333,cohesive_obstruction
president_parliamentary,fragmented,48,30,0.13333333333333333,cohesive_obstruction
president_parliamentary,fragmented,49,30,0.1,cohesive_obstruction
president_parliamentary,fragmented,50,30,0.1,cohesive_obstruction
president_parliamentary,fragmented,51,30,0.1,cohesive_obstruction
president_parliamentary,fragmented,52,30,0.06666666666666667,cohesive_obstruction
president_parliamentary,fragmented,53,30,0.13333333333333333,cohesive_obstruction
president_parliamentary,fragmented,54,30,0.13333333333333333,cohesive_obstruction
president_parliamentary,fragmented,55,30,0.2,cohesive_obstruction
president_parliamentary,fragmented,56,30,0.1,cohesive_obstruction
president_parliamentary,fragmented,57,30,0.03333333333333333,cohesive_obstruction
president_parliamentary,fragmented,58,30,0.1,cohesive_obstruction
president_parliamentary,fragmented,59,30,0.0,cohesive_obstruction
president_parliamentary,fragmented,60,30,0.03333333333333333,cohesive_obstruction
president_parliamentary,fragmented,61,30,0.1,cohesive_obstruction
president_parliamentary,fragmented,62,30,0.0,cohesive_obstruction
president_parliamentary,fragmented,63,30,0.06666666666666667,cohesive_obstruction
president_parliamentary,fragmented,64,30,0.13333333333333333,cohesive_obstruction
president_parliamentary,fragmented,65,30,0.16666666666666666,cohesive_obstruction
president_parliamentary,fragmented,66,30,0.13333333333333333,cohesive_obstruction
president_parliamentary,fragmented,67,30,0.06666666666666667,cohesive_obstruction
president_parliamentary,fragmented,68,30,0.03333333333333333,cohesive_obstruction
president_parliamentary,fragmented,69,30,0.1,cohesive_obstruction
president_parliamentary,fragmented,70,30,0.13333333333333333,cohesive_obstruction
president_parliamentary,fragmented,71,30,0.2,cohesive_obstruction
president_parliamentary,fragmented,72,30,0.13333333333333333,cohesive_obstruction
president_parliamentary,fragmented,73,30,0.06666666666666667,cohesive_obstruction
president_parliamentary,fragmented,74,30,0.0,cohesive_obstruction
president_parliamentary,fragmented,75,30,0.03333333333333333,cohesive_obstruction
president_parliamentary,fragmented,76,30,0.06666666666666667,cohesive_obstruction
president_parliamentary,fragmented,77,30,0.06666666666666667,cohesive_obstruction
president_parliamentary,fragmented,78,30,0.26666666666666666,cohesive_obstruction
president_parliamentary,fragmented,79,30,0.06666666666666667,cohesive_obstruction
president_parliamentary,fragmented,80,30,0.03333333333333333,cohesive_obstruction
president_parliamentary,fragmented,81,30,0.06666666666666667,cohesive_obstruction
president_parliamentary,fragmented,82,30,0.16666666666666666,cohesive_obstruction
president_parliamentary,fragmented,83,30,0.13333333333333333,cohesive_obstruction
president_parliamentary,fragmented,84,30,0.03333333333333333,cohesive_obstruction
president_parliamentary,fragmented,85,30,0.03333333333333333,cohesive_obstruction
president_parliamentary,fragmented,86,30,0.03333333333333333,cohesive_obstruction
president_parliamentary,fragmented,87,30,0.1,cohesive_obstruction
president_parliamentary,fragmented,88,30,0.06666666666666667,cohesive_obstruction
president_parliamentary,fragmented,89,30,0.16666666666666666,cohesive_obstruction
president_parliamentary,fragmented,90,30,0.1,cohesive_obstruction
president_parliamentary,fragmented,91,30,0.16666666666666666,cohesive_obstruction
president_parliamentary,fragmented,92,30,0.03333333333333333,cohesive_obstruction
president_parliamentary,fragmented,93,30,0.06666666666666667,cohesive_obstruction
president_parliamentary,fragmented,94,30,0.13333333333333333,cohesive_obstruction
president_parliamentary,fragmented,95,30,0.03333333333333333,cohesive_obstruction
president_parliamentary,fragmented,96,30,0.13333333333333333,cohesive_obstruction
president_parliamentary,fragmented,97,30,0.13333333333333333,cohesive_obstruction
president_parliamentary,fragmented,98,30,0.0,cohesive_obstruction
president_parliamentary,fragmented,99,30,0.0,cohesive_obstruction
president_parliamentary,fragmented,100,30,0.16666666666666666,cohesive_obstruction
president_parliamentary,fragmented,101,30,0.03333333333333333,cohesive_obstruction
president_parliamentary,fragmented,102,30,0.16666666666666666,cohesive_obstruction
president_parliamentary,fragmented,103,30,0.13333333333333333,cohesive_obstruction
president_parliamentary,fragmented,104,30,0.1,cohesive_obstruction
president_parliamentary,fragmented,105,30,0.06666666666666667,cohesive_obstruction
president_parliamentary,fragmented,106,30,0.03333333333333333,cohesive_obstruction
president_parliamentary,fragmented,107,30,0.16666666666666666,cohesive_obstruction
president_parliamentary,fragmented,108,30,0.16666666666666666,cohesive_obstruction
president_parliamentary,fragmented,109,30,0.1,cohesive_obstruction
president_parliamentary,fragmented,110,30,0.1,cohesive_obstruction
president_parliamentary,fragmented,111,30,0.13333333333333333,cohesive_obstruction
president_parliamentary,fragmented,112,30,0.1,cohesive_obstruction
president_parliamentary,fragmented,113,30,0.1,cohesive_obstruction
president_parliamentary,fragmented,114,30,0.0,cohesive_obstruction
president_parliamentary,fragmented,115,30,0.06666666666666667,cohesive_obstruction
president_parliamentary,fragmented,116,30,0.06666666666666667,cohesive_obstruction
president_parliamentary,fragmented,117,30,0.06666666666666667,cohesive_obstruction
president_parliamentary,fragmented,118,30,0.1,cohesive_obstruction
president_parliamentary,fragmented,119,30,0.13333333333333333,cohesive_obstruction
president_parliamentary,fragmented,120,30,0.1,cohesive_obstruction
president_parliamentary,fragmented,121,30,0.03333333333333333,cohesive_obstruction
president_parliamentary,fragmented,122,30,0.03333333333333333,cohesive_obstruction
president_parliamentary,fragmented,123,30,0.0,cohesive_obstruction
president_parliamentary,fragmented,124,30,0.06666666666666667,cohesive_obstruction
president_parliamentary,fragmented,125,30,0.03333333333333333,cohesive_obstruction
president_parliamentary,fragmented,126,30,0.13333333333333333,cohesive_obstruction
president_parliamentary,fragmented,127,30,0.13333333333333333,cohesive_obstruction
president_parliamentary,fragmented,128,30,0.1,cohesive_obstruction
president_parliamentary,fragmented,129,30,0.1,cohesive_obstruction
president_parliamentary,fragmented,130,30,0.2,cohesive_obstruction
president_parliamentary,fragmented,131,30,0.06666666666666667,cohesive_obstruction
president_parliamentary,fragmented,132,30,0.06666666666666667,cohesive_obstruction
president_parliamentary,fragmented,133,30,0.1,cohesive_obstruction
president_parliamentary,fragmented,134,30,0.03333333333333333,cohesive_obstruction
president_parliamentary,fragmented,135,30,0.03333333333333333,cohesive_obstruction
president_parliamentary,fragmented,136,30,0.1,cohesive_obstruction
president_parliamentary,fragmented,137,30,0.03333333333333333,cohesive_obstruction
president_parliamentary,fragmented,138,30,0.13333333333333333,cohesive_obstruction
president_parliamentary,fragmented,139,30,0.13333333333333333,cohesive_obstruction
president_parliamentary,fragmented,140,30,0.06666666666666667,cohesive_obstruction
president_parliamentary,fragmented,141,30,0.16666666666666666,cohesive_obstruction
president_parliamentary,fragmented,142,30,0.1,cohesive_obstruction
president_parliamentary,fragmented,143,30,0.0,cohesive_obstruction
president_parliamentary,fragmented,144,30,0.03333333333333333,cohesive_obstruction
president_parliamentary,fragmented,145,30,0.1,cohesive_obstruction
president_parliamentary,fragmented,146,30,0.1,cohesive_obstruction
president_parliamentary,fragmented,147,30,0.06666666666666667,cohesive_obstruction
president_parliamentary,fragmented,148,30,0.13333333333333333,cohesive_obstruction
president_parliamentary,fragmented,149,30,0.1,cohesive_obstruction
president_parliamentary,fragmented,150,30,0.13333333333333333,cohesive_obstruction
president_parliamentary,fragmented,151,30,0.13333333333333333,cohesive_obstruction
president_parliamentary,fragmented,152,30,0.06666666666666667,cohesive_obstruction
president_parliamentary,fragmented,153,30,0.06666666666666667,cohesive_obstruction
president_parliamentary,fragmented,154,30,0.06666666666666667,cohesive_obstruction
president_parliamentary,fragmented,155,30,0.2,cohesive_obstruction
president_parliamentary,fragmented,156,30,0.13333333333333333,cohesive_obstruction
president_parliamentary,fragmented,157,30,0.1,cohesive_obstruction
president_parliamentary,fragmented,158,30,0.0,cohesive_obstruction
president_parliamentary,fragmented,159,30,0.0,cohesive_obstruction
president_parliamentary,fragmented,160,30,0.13333333333333333,cohesive_obstruction
president_parliamentary,fragmented,161,30,0.1,cohesive_obstruction
president_parliamentary,fragmented,162,30,0.03333333333333333,cohesive_obstruction
president_parliamentary,fragmented,163,30,0.06666666666666667,cohesive_obstruction
president_parliamentary,fragmented,164,30,0.03333333333333333,cohesive_obstruction
president_parliamentary,fragmented,165,30,0.1,cohesive_obstruction
president_parliamentary,fragmented,166,30,0.13333333333333333,cohesive_obstruction
president_parliamentary,fragmented,167,30,0.1,cohesive_obstruction
president_parliamentary,fragmented,168,30,0.06666666666666667,cohesive_obstruction
president_parliamentary,fragmented,169,30,0.06666666666666667,cohesive_obstruction
president_parliamentary,fragmented,170,30,0.0,cohesive_obstruction
president_parliamentary,fragmented,171,30,0.03333333333333333,cohesive_obstruction
president_parliamentary,fragmented,172,30,0.16666666666666666,cohesive_obstruction
president_parliamentary,fragmented,173,30,0.16666666666666666,cohesive_obstruction
president_parliamentary,fragmented,174,30,0.0,cohesive_obstruction
president_parliamentary,fragmented,175,30,0.0,cohesive_obstruction
president_parliamentary,fragmented,176,30,0.03333333333333333,cohesive_obstruction
president_parliamentary,fragmented,177,30,0.06666666666666667,cohesive_obstruction
president_parliamentary,fragmented,178,30,0.0,cohesive_obstruction
president_parliamentary,fragmented,179,30,0.13333333333333333,cohesive_obstruction
president_parliamentary,fragmented,180,30,0.03333333333333333,cohesive_obstruction
president_parliamentary,fragmented,181,30,0.03333333333333333,cohesive_obstruction
president_parliamentary,fragmented,182,30,0.1,cohesive_obstruction
president_parliamentary,fragmented,183,30,0.0,cohesive_obstruction
president_parliamentary,fragmented,184,30,0.13333333333333333,cohesive_obstruction
president_parliamentary,fragmented,185,30,0.1,cohesive_obstruction
president_parliamentary,fragmented,186,30,0.1,cohesive_obstruction
president_parliamentary,fragmented,187,30,0.13333333333333333,cohesive_obstruction
president_parliamentary,fragmented,188,30,0.06666666666666667,cohesive_obstruction
president_parliamentary,fragmented,189,30,0.1,cohesive_obstruction
president_parliamentary,fragmented,190,30,0.2,cohesive_obstruction
president_parliamentary,fragmented,191,30,0.06666666666666667,cohesive_obstruction
president_parliamentary,fragmented,192,30,0.0,cohesive_obstruction
president_parliamentary,fragmented,193,30,0.03333333333333333,cohesive_obstruction
president_parliamentary,fragmented,194,30,0.06666666666666667,cohesive_obstruction
president_parliamentary,fragmented,195,30,0.1,cohesive_obstruction
president_parliamentary,fragmented,196,30,0.16666666666666666,cohesive_obstruction
president_parliamentary,fragmented,197,30,0.2,cohesive_obstruction
president_parliamentary,fragmented,198,30,0.06666666666666667,cohesive_obstruction
president_parliamentary,fragmented,199,30,0.06666666666666667,cohesive_obstruction
president_parliamentary,fragmented,0,30,0.06666666666666667,personal_vote
president_parliamentary,fragmented,1,30,0.06666666666666667,personal_vote
president_parliamentary,fragmented,2,30,0.13333333333333333,personal_vote
president_parliamentary,fragmented,3,30,0.03333333333333333,personal_vote
president_parliamentary,fragmented,4,30,0.03333333333333333,personal_vote
president_parliamentary,fragmented,5,30,0.0,personal_vote
president_parliamentary,fragmented,6,30,0.2,personal_vote
president_parliamentary,fragmented,7,30,0.06666666666666667,personal_vote
president_parliamentary,fragmented,8,30,0.03333333333333333,personal_vote
president_parliamentary,fragmented,9,30,0.03333333333333333,personal_vote
president_parliamentary,fragmented,10,30,0.03333333333333333,personal_vote
president_parliamentary,fragmented,11,30,0.0,personal_vote
president_parliamentary,fragmented,12,30,0.1,personal_vote
president_parliamentary,fragmented,13,30,0.13333333333333333,personal_vote
president_parliamentary,fragmented,14,30,0.1,personal_vote
president_parliamentary,fragmented,15,30,0.03333333333333333,personal_vote
president_parliamentary,fragmented,16,30,0.06666666666666667,personal_vote
president_parliamentary,fragmented,17,30,0.06666666666666667,personal_vote
president_parliamentary,fragmented,18,30,0.13333333333333333,personal_vote
president_parliamentary,fragmented,19,30,0.13333333333333333,personal_vote
president_parliamentary,fragmented,20,30,0.13333333333333333,personal_vote
president_parliamentary,fragmented,21,30,0.0,personal_vote
president_parliamentary,fragmented,22,30,0.06666666666666667,personal_vote
president_parliamentary,fragmented,23,30,0.13333333333333333,personal_vote
president_parliamentary,fragmented,24,30,0.13333333333333333,personal_vote
president_parliamentary,fragmented,25,30,0.1,personal_vote
president_parliamentary,fragmented,26,30,0.06666666666666667,personal_vote
president_parliamentary,fragmented,27,30,0.1,personal_vote
president_parliamentary,fragmented,28,30,0.03333333333333333,personal_vote
president_parliamentary,fragmented,29,30,0.1,personal_vote
president_parliamentary,fragmented,30,30,0.03333333333333333,personal_vote
president_parliamentary,fragmented,31,30,0.03333333333333333,personal_vote
president_parliamentary,fragmented,32,30,0.06666666666666667,personal_vote
president_parliamentary,fragmented,33,30,0.06666666666666667,personal_vote
president_parliamentary,fragmented,34,30,0.06666666666666667,personal_vote
president_parliamentary,fragmented,35,30,0.03333333333333333,personal_vote
president_parliamentary,fragmented,36,30,0.06666666666666667,personal_vote
president_parliamentary,fragmented,37,30,0.06666666666666667,personal_vote
president_parliamentary,fragmented,38,30,0.26666666666666666,personal_vote
president_parliamentary,fragmented,39,30,0.1,personal_vote
president_parliamentary,fragmented,40,30,0.1,personal_vote
president_parliamentary,fragmented,41,30,0.13333333333333333,personal_vote
president_parliamentary,fragmented,42,30,0.13333333333333333,personal_vote
president_parliamentary,fragmented,43,30,0.0,personal_vote
president_parliamentary,fragmented,44,30,0.0,personal_vote
president_parliamentary,fragmented,45,30,0.16666666666666666,personal_vote
president_parliamentary,fragmented,46,30,0.2,personal_vote
president_parliamentary,fragmented,47,30,0.03333333333333333,personal_vote
president_parliamentary,fragmented,48,30,0.13333333333333333,personal_vote
president_parliamentary,fragmented,49,30,0.1,personal_vote
president_parliamentary,fragmented,50,30,0.1,personal_vote
president_parliamentary,fragmented,51,30,0.1,personal_vote
president_parliamentary,fragmented,52,30,0.06666666666666667,personal_vote
president_parliamentary,fragmented,53,30,0.13333333333333333,personal_vote
president_parliamentary,fragmented,54,30,0.13333333333333333,personal_vote
president_parliamentary,fragmented,55,30,0.2,personal_vote
president_parliamentary,fragmented,56,30,0.1,personal_vote
president_parliamentary,fragmented,57,30,0.03333333333333333,personal_vote
president_parliamentary,fragmented,58,30,0.1,personal_vote
president_parliamentary,fragmented,59,30,0.0,personal_vote
president_parliamentary,fragmented,60,30,0.03333333333333333,personal_vote
president_parliamentary,fragmented,61,30,0.1,personal_vote
president_parliamentary,fragmented,62,30,0.0,personal_vote
president_parliamentary,fragmented,63,30,0.06666666666666667,personal_vote
president_parliamentary,fragmented,64,30,0.13333333333333333,personal_vote
president_parliamentary,fragmented,65,30,0.16666666666666666,personal_vote
president_parliamentary,fragmented,66,30,0.13333333333333333,personal_vote
president_parliamentary,fragmented,67,30,0.06666666666666667,personal_vote
president_parliamentary,fragmented,68,30,0.03333333333333333,personal_vote
president_parliamentary,fragmented,69,30,0.1,personal_vote
president_parliamentary,fragmented,70,30,0.13333333333333333,personal_vote
president_parliamentary,fragmented,71,30,0.2,personal_vote
president_parliamentary,fragmented,72,30,0.13333333333333333,personal_vote
president_parliamentary,fragmented,73,30,0.06666666666666667,personal_vote
president_parliamentary,fragmented,74,30,0.0,personal_vote
president_parliamentary,fragmented,75,30,0.03333333333333333,personal_vote
president_parliamentary,fragmented,76,30,0.06666666666666667,personal_vote
president_parliamentary,fragmented,77,30,0.06666666666666667,personal_vote
president_parliamentary,fragmented,78,30,0.26666666666666666,personal_vote
president_parliamentary,fragmented,79,30,0.06666666666666667,personal_vote
president_parliamentary,fragmented,80,30,0.03333333333333333,personal_vote
president_parliamentary,fragmented,81,30,0.06666666666666667,personal_vote
president_parliamentary,fragmented,82,30,0.16666666666666666,personal_vote
president_parliamentary,fragmented,83,30,0.13333333333333333,personal_vote
president_parliamentary,fragmented,84,30,0.03333333333333333,personal_vote
president_parliamentary,fragmented,85,30,0.03333333333333333,personal_vote
president_parliamentary,fragmented,86,30,0.03333333333333333,personal_vote
president_parliamentary,fragmented,87,30,0.1,personal_vote
president_parliamentary,fragmented,88,30,0.06666666666666667,personal_vote
president_parliamentary,fragmented,89,30,0.16666666666666666,personal_vote
president_parliamentary,fragmented,90,30,0.1,personal_vote
president_parliamentary,fragmented,91,30,0.16666666666666666,personal_vote
president_parliamentary,fragmented,92,30,0.03333333333333333,personal_vote
president_parliamentary,fragmented,93,30,0.06666666666666667,personal_vote
president_parliamentary,fragmented,94,30,0.13333333333333333,personal_vote
president_parliamentary,fragmented,95,30,0.03333333333333333,personal_vote
president_parliamentary,fragmented,96,30,0.13333333333333333,personal_vote
president_parliamentary,fragmented,97,30,0.13333333333333333,personal_vote
president_parliamentary,fragmented,98,30,0.0,personal_vote
president_parliamentary,fragmented,99,30,0.0,personal_vote
president_parliamentary,fragmented,100,30,0.16666666666666666,personal_vote
president_parliamentary,fragmented,101,30,0.03333333333333333,personal_vote
president_parliamentary,fragmented,102,30,0.16666666666666666,personal_vote
president_parliamentary,fragmented,103,30,0.13333333333333333,personal_vote
president_parliamentary,fragmented,104,30,0.1,personal_vote
president_parliamentary,fragmented,105,30,0.06666666666666667,personal_vote
president_parliamentary,fragmented,106,30,0.03333333333333333,personal_vote
president_parliamentary,fragmented,107,30,0.16666666666666666,personal_vote
president_parliamentary,fragmented,108,30,0.16666666666666666,personal_vote
president_parliamentary,fragmented,109,30,0.1,personal_vote
president_parliamentary,fragmented,110,30,0.1,personal_vote
president_parliamentary,fragmented,111,30,0.13333333333333333,personal_vote
president_parliamentary,fragmented,112,30,0.1,personal_vote
president_parliamentary,fragmented,113,30,0.1,personal_vote
president_parliamentary,fragmented,114,30,0.0,personal_vote
president_parliamentary,fragmented,115,30,0.06666666666666667,personal_vote
president_parliamentary,fragmented,116,30,0.06666666666666667,personal_vote
president_parliamentary,fragmented,117,30,0.06666666666666667,personal_vote
president_parliamentary,fragmented,118,30,0.1,personal_vote
president_parliamentary,fragmented,119,30,0.13333333333333333,personal_vote
president_parliamentary,fragmented,120,30,0.1,personal_vote
president_parliamentary,fragmented,121,30,0.03333333333333333,personal_vote
president_parliamentary,fragmented,122,30,0.03333333333333333,personal_vote
president_parliamentary,fragmented,123,30,0.0,personal_vote
president_parliamentary,fragmented,124,30,0.06666666666666667,personal_vote
president_parliamentary,fragmented,125,30,0.03333333333333333,personal_vote
president_parliamentary,fragmented,126,30,0.13333333333333333,personal_vote
president_parliamentary,fragmented,127,30,0.13333333333333333,personal_vote
president_parliamentary,fragmented,128,30,0.1,personal_vote
president_parliamentary,fragmented,129,30,0.1,personal_vote
president_parliamentary,fragmented,130,30,0.2,personal_vote
president_parliamentary,fragmented,131,30,0.06666666666666667,personal_vote
president_parliamentary,fragmented,132,30,0.06666666666666667,personal_vote
president_parliamentary,fragmented,133,30,0.1,personal_vote
president_parliamentary,fragmented,134,30,0.03333333333333333,personal_vote
president_parliamentary,fragmented,135,30,0.03333333333333333,personal_vote
president_parliamentary,fragmented,136,30,0.1,personal_vote
president_parliamentary,fragmented,137,30,0.03333333333333333,personal_vote
president_parliamentary,fragmented,138,30,0.13333333333333333,personal_vote
president_parliamentary,fragmented,139,30,0.13333333333333333,personal_vote
president_parliamentary,fragmented,140,30,0.06666666666666667,personal_vote
president_parliamentary,fragmented,141,30,0.16666666666666666,personal_vote
president_parliamentary,fragmented,142,30,0.1,personal_vote
president_parliamentary,fragmented,143,30,0.0,personal_vote
president_parliamentary,fragmented,144,30,0.03333333333333333,personal_vote
president_parliamentary,fragmented,145,30,0.1,personal_vote
president_parliamentary,fragmented,146,30,0.1,personal_vote
president_parliamentary,fragmented,147,30,0.06666666666666667,personal_vote
president_parliamentary,fragmented,148,30,0.13333333333333333,personal_vote
president_parliamentary,fragmented,149,30,0.1,personal_vote
president_parliamentary,fragmented,150,30,0.13333333333333333,personal_vote
president_parliamentary,fragmented,151,30,0.13333333333333333,personal_vote
president_parliamentary,fragmented,152,30,0.06666666666666667,personal_vote
president_parliamentary,fragmented,153,30,0.06666666666666667,personal_vote
president_parliamentary,fragmented,154,30,0.06666666666666667,personal_vote
president_parliamentary,fragmented,155,30,0.2,personal_vote
president_parliamentary,fragmented,156,30,0.13333333333333333,personal_vote
president_parliamentary,fragmented,157,30,0.1,personal_vote
president_parliamentary,fragmented,158,30,0.0,personal_vote
president_parliamentary,fragmented,159,30,0.0,personal_vote
president_parliamentary,fragmented,160,30,0.13333333333333333,personal_vote
president_parliamentary,fragmented,161,30,0.1,personal_vote
president_parliamentary,fragmented,162,30,0.03333333333333333,personal_vote
president_parliamentary,fragmented,163,30,0.06666666666666667,personal_vote
president_parliamentary,fragmented,164,30,0.03333333333333333,personal_vote
president_parliamentary,fragmented,165,30,0.1,personal_vote
president_parliamentary,fragmented,166,30,0.13333333333333333,personal_vote
president_parliamentary,fragmented,167,30,0.1,personal_vote
president_parliamentary,fragmented,168,30,0.06666666666666667,personal_vote
president_parliamentary,fragmented,169,30,0.06666666666666667,personal_vote
president_parliamentary,fragmented,170,30,0.0,personal_vote
president_parliamentary,fragmented,171,30,0.03333333333333333,personal_vote
president_parliamentary,fragmented,172,30,0.16666666666666666,personal_vote
president_parliamentary,fragmented,173,30,0.16666666666666666,personal_vote
president_parliamentary,fragmented,174,30,0.0,personal_vote
president_parliamentary,fragmented,175,30,0.0,personal_vote
president_parliamentary,fragmented,176,30,0.03333333333333333,personal_vote
president_parliamentary,fragmented,177,30,0.06666666666666667,personal_vote
president_parliamentary,fragmented,178,30,0.0,personal_vote
president_parliamentary,fragmented,179,30,0.13333333333333333,personal_vote
president_parliamentary,fragmented,180,30,0.03333333333333333,personal_vote
president_parliamentary,fragmented,181,30,0.03333333333333333,personal_vote
president_parliamentary,fragmented,182,30,0.1,personal_vote
president_parliamentary,fragmented,183,30,0.0,personal_vote
president_parliamentary,fragmented,184,30,0.13333333333333333,personal_vote
president_parliamentary,fragmented,185,30,0.1,personal_vote
president_parliamentary,fragmented,186,30,0.1,personal_vote
president_parliamentary,fragmented,187,30,0.13333333333333333,personal_vote
president_parliamentary,fragmented,188,30,0.06666666666666667,personal_vote
president_parliamentary,fragmented,189,30,0.1,personal_vote
president_parliamentary,fragmented,190,30,0.2,personal_vote
president_parliamentary,fragmented,191,30,0.06666666666666667,personal_vote
president_parliamentary,fragmented,192,30,0.0,personal_vote
president_parliamentary,fragmented,193,30,0.03333333333333333,personal_vote
president_parliamentary,fragmented,194,30,0.06666666666666667,personal_vote
president_parliamentary,fragmented,195,30,0.1,personal_vote
president_parliamentary,fragmented,196,30,0.16666666666666666,personal_vote
president_parliamentary,fragmented,197,30,0.2,personal_vote
president_parliamentary,fragmented,198,30,0.06666666666666667,personal_vote
president_parliamentary,fragmented,199,30,0.06666666666666667,personal_vote
parliamentary,polarized,0,20,0.95,cohesive_obstruction
parliamentary,polarized,1,20,0.9,cohesive_obstruction
parliamentary,polarized,2,20,0.9,cohesive_obstruction
parliamentary,polarized,3,20,0.9,cohesive_obstruction
parliamentary,polarized,4,20,0.9,cohesive_obstruction
parliamentary,polarized,5,20,0.95,cohesive_obstruction
parliamentary,polarized,6,20,0.8,cohesive_obstruction
parliamentary,polarized,7,20,0.9,cohesive_obstruction
parliamentary,polarized,8,20,0.7,cohesive_obstruction
parliamentary,polarized,9,20,0.85,cohesive_obstruction
parliamentary,polarized,10,20,0.95,cohesive_obstruction
parliamentary,polarized,11,20,0.9,cohesive_obstruction
parliamentary,polarized,12,20,1.0,cohesive_obstruction
parliamentary,polarized,13,20,0.9,cohesive_obstruction
parliamentary,polarized,14,20,0.95,cohesive_obstruction
parliamentary,polarized,15,20,0.95,cohesive_obstruction
parliamentary,polarized,16,20,0.9,cohesive_obstruction
parliamentary,polarized,17,20,0.9,cohesive_obstruction
parliamentary,polarized,18,20,0.9,cohesive_obstruction
parliamentary,polarized,19,20,0.9,cohesive_obstruction
parliamentary,polarized,20,20,0.8,cohesive_obstruction
parliamentary,polarized,21,20,0.85,cohesive_obstruction
parliamentary,polarized,22,20,0.9,cohesive_obstruction
parliamentary,polarized,23,20,0.85,cohesive_obstruction
parliamentary,polarized,24,20,0.9,cohesive_obstruction
parliamentary,polarized,25,20,0.85,cohesive_obstruction
parliamentary,polarized,26,20,0.95,cohesive_obstruction
parliamentary,polarized,27,20,1.0,cohesive_obstruction
parliamentary,polarized,28,20,1.0,cohesive_obstruction
parliamentary,polarized,29,20,0.95,cohesive_obstruction
parliamentary,polarized,30,20,0.85,cohesive_obstruction
parliamentary,polarized,31,20,0.9,cohesive_obstruction
parliamentary,polarized,32,20,0.85,cohesive_obstruction
parliamentary,polarized,33,20,0.95,cohesive_obstruction
parliamentary,polarized,34,20,0.85,cohesive_obstruction
parliamentary,polarized,35,20,0.9,cohesive_obstruction
parliamentary,polarized,36,20,0.8,cohesive_obstruction
parliamentary,polarized,37,20,0.95,cohesive_obstruction
parliamentary,polarized,38,20,0.85,cohesive_obstruction
parliamentary,polarized,39,20,0.8,cohesive_obstruction
parliamentary,polarized,40,20,0.9,cohesive_obstruction
parliamentary,polarized,41,20,0.9,cohesive_obstruction
parliamentary,polarized,42,20,0.9,cohesive_obstruction
parliamentary,polarized,43,20,0.85,cohesive_obstruction
parliamentary,polarized,44,20,0.9,cohesive_obstruction
parliamentary,polarized,45,20,0.95,cohesive_obstruction
parliamentary,polarized,46,20,1.0,cohesive_obstruction
parliamentary,polarized,47,20,0.9,cohesive_obstruction
parliamentary,polarized,48,20,0.95,cohesive_obstruction
parliamentary,polarized,49,20,0.9,cohesive_obstruction
parliamentary,polarized,50,20,0.8,cohesive_obstruction
parliamentary,polarized,51,20,1.0,cohesive_obstruction
parliamentary,polarized,52,20,0.95,cohesive_obstruction
parliamentary,polarized,53,20,0.75,cohesive_obstruction
parliamentary,polarized,54,20,0.9,cohesive_obstruction
parliamentary,polarized,55,20,0.95,cohesive_obstruction
parliamentary,polarized,56,20,0.9,cohesive_obstruction
parliamentary,polarized,57,20,0.85,cohesive_obstruction
parliamentary,polarized,58,20,0.8,cohesive_obstruction
parliamentary,polarized,59,20,0.8,cohesive_obstruction
parliamentary,polarized,60,20,0.8,cohesive_obstruction
parliamentary,polarized,61,20,0.9,cohesive_obstruction
parliamentary,polarized,62,20,0.9,cohesive_obstruction
parliamentary,polarized,63,20,0.95,cohesive_obstruction
parliamentary,polarized,64,20,0.95,cohesive_obstruction
parliamentary,polarized,65,20,0.85,cohesive_obstruction
parliamentary,polarized,66,20,0.95,cohesive_obstruction
parliamentary,polarized,67,20,0.9,cohesive_obstruction
parliamentary,polarized,68,20,0.85,cohesive_obstruction
parliamentary,polarized,69,20,0.85,cohesive_obstruction
parliamentary,polarized,70,20,0.8,cohesive_obstruction
parliamentary,polarized,71,20,0.9,cohesive_obstruction
parliamentary,polarized,72,20,0.95,cohesive_obstruction
parliamentary,polarized,73,20,1.0,cohesive_obstruction
parliamentary,polarized,74,20,0.9,cohesive_obstruction
parliamentary,polarized,75,20,0.9,cohesive_obstruction
parliamentary,polarized,76,20,0.95,cohesive_obstruction
parliamentary,polarized,77,20,0.9,cohesive_obstruction
parliamentary,polarized,78,20,0.9,cohesive_obstruction
parliamentary,polarized,79,20,0.8,cohesive_obstruction
parliamentary,polarized,80,20,0.9,cohesive_obstruction
parliamentary,polarized,81,20,0.9,cohesive_obstruction
parliamentary,polarized,82,20,0.8,cohesive_obstruction
parliamentary,polarized,83,20,0.8,cohesive_obstruction
parliamentary,polarized,84,20,0.85,cohesive_obstruction
parliamentary,polarized,85,20,0.8,cohesive_obstruction
parliamentary,polarized,86,20,0.9,cohesive_obstruction
parliamentary,polarized,87,20,0.85,cohesive_obstruction
parliamentary,polarized,88,20,0.8,cohesive_obstruction
parliamentary,polarized,89,20,0.95,cohesive_obstruction
parliamentary,polarized,90,20,0.75,cohesive_obstruction
parliamentary,polarized,91,20,0.8,cohesive_obstruction
parliamentary,polarized,92,20,0.85,cohesive_obstruction
parliamentary,polarized,93,20,0.85,cohesive_obstruction
parliamentary,polarized,94,20,0.8,cohesive_obstruction
parliamentary,polarized,95,20,0.75,cohesive_obstruction
parliamentary,polarized,96,20,0.85,cohesive_obstruction
parliamentary,polarized,97,20,0.95,cohesive_obstruction
parliamentary,polarized,98,20,0.8,cohesive_obstruction
parliamentary,polarized,99,20,0.9,cohesive_obstruction
parliamentary,polarized,100,20,0.95,cohesive_obstruction
parliamentary,polarized,101,20,0.9,cohesive_obstruction
parliamentary,polarized,102,20,0.7,cohesive_obstruction
parliamentary,polarized,103,20,0.85,cohesive_obstruction
parliamentary,polarized,104,20,1.0,cohesive_obstruction
parliamentary,polarized,105,20,0.95,cohesive_obstruction
parliamentary,polarized,106,20,0.95,cohesive_obstruction
parliamentary,polarized,107,20,0.8,cohesive_obstruction
parliamentary,polarized,108,20,0.8,cohesive_obstruction
parliamentary,polarized,109,20,0.8,cohesive_obstruction
parliamentary,polarized,110,20,0.9,cohesive_obstruction
parliamentary,polarized,111,20,0.9,cohesive_obstruction
parliamentary,polarized,112,20,0.7,cohesive_obstruction
parliamentary,polarized,113,20,0.9,cohesive_obstruction
parliamentary,polarized,114,20,0.75,cohesive_obstruction
parliamentary,polarized,115,20,0.9,cohesive_obstruction
parliamentary,polarized,116,20,0.9,cohesive_obstruction
parliamentary,polarized,117,20,0.85,cohesive_obstruction
parliamentary,polarized,118,20,0.85,cohesive_obstruction
parliamentary,polarized,119,20,0.95,cohesive_obstruction
parliamentary,polarized,120,20,0.9,cohesive_obstruction
parliamentary,polarized,121,20,0.85,cohesive_obstruction
parliamentary,polarized,122,20,1.0,cohesive_obstruction
parliamentary,polarized,123,20,0.95,cohesive_obstruction
parliamentary,polarized,124,20,0.85,cohesive_obstruction
parliamentary,polarized,125,20,0.95,cohesive_obstruction
parliamentary,polarized,126,20,0.85,cohesive_obstruction
parliamentary,polarized,127,20,0.95,cohesive_obstruction
parliamentary,polarized,128,20,0.75,cohesive_obstruction
parliamentary,polarized,129,20,0.85,cohesive_obstruction
parliamentary,polarized,130,20,0.85,cohesive_obstruction
parliamentary,polarized,131,20,0.85,cohesive_obstruction
parliamentary,polarized,132,20,0.9,cohesive_obstruction
parliamentary,polarized,133,20,0.85,cohesive_obstruction
parliamentary,polarized,134,20,0.95,cohesive_obstruction
parliamentary,polarized,135,20,0.8,cohesive_obstruction
parliamentary,polarized,136,20,0.95,cohesive_obstruction
parliamentary,polarized,137,20,1.0,cohesive_obstruction
parliamentary,polarized,138,20,0.95,cohesive_obstruction
parliamentary,polarized,139,20,0.9,cohesive_obstruction
parliamentary,polarized,140,20,0.95,cohesive_obstruction
parliamentary,polarized,141,20,0.85,cohesive_obstruction
parliamentary,polarized,142,20,0.9,cohesive_obstruction
parliamentary,polarized,143,20,0.8,cohesive_obstruction
parliamentary,polarized,144,20,0.7,cohesive_obstruction
parliamentary,polarized,145,20,0.9,cohesive_obstruction
parliamentary,polarized,146,20,0.85,cohesive_obstruction
parliamentary,polarized,147,20,0.95,cohesive_obstruction
parliamentary,polarized,148,20,0.95,cohesive_obstruction
parliamentary,polarized,149,20,0.8,cohesive_obstruction
parliamentary,polarized,150,20,1.0,cohesive_obstruction
parliamentary,polarized,151,20,0.75,cohesive_obstruction
parliamentary,polarized,152,20,0.7,cohesive_obstruction
parliamentary,polarized,153,20,0.95,cohesive_obstruction
parliamentary,polarized,154,20,0.9,cohesive_obstruction
parliamentary,polarized,155,20,0.95,cohesive_obstruction
parliamentary,polarized,156,20,0.9,cohesive_obstruction
parliamentary,polarized,157,20,0.85,cohesive_obstruction
parliamentary,polarized,158,20,0.9,cohesive_obstruction
parliamentary,polarized,159,20,0.85,cohesive_obstruction
parliamentary,polarized,160,20,0.8,cohesive_obstruction
parliamentary,polarized,161,20,0.9,cohesive_obstruction
parliamentary,polarized,162,20,0.95,cohesive_obstruction
parliamentary,polarized,163,20,0.95,cohesive_obstruction
parliamentary,polarized,164,20,0.85,cohesive_obstruction
parliamentary,polarized,165,20,1.0,cohesive_obstruction
parliamentary,polarized,166,20,0.85,cohesive_obstruction
parliamentary,polarized,167,20,0.85,cohesive_obstruction
parliamentary,polarized,168,20,0.85,cohesive_obstruction
parliamentary,polarized,169,20,0.95,cohesive_obstruction
parliamentary,polarized,170,20,0.9,cohesive_obstruction
parliamentary,polarized,171,20,0.95,cohesive_obstruction
parliamentary,polarized,172,20,0.9,cohesive_obstruction
parliamentary,polarized,173,20,0.85,cohesive_obstruction
parliamentary,polarized,174,20,0.9,cohesive_obstruction
parliamentary,polarized,175,20,0.8,cohesive_obstruction
parliamentary,polarized,176,20,0.95,cohesive_obstruction
parliamentary,polarized,177,20,0.75,cohesive_obstruction
parliamentary,polarized,178,20,0.95,cohesive_obstruction
parliamentary,polarized,179,20,0.95,cohesive_obstruction
parliamentary,polarized,180,20,0.9,cohesive_obstruction
parliamentary,polarized,181,20,0.9,cohesive_obstruction
parliamentary,polarized,182,20,0.8,cohesive_obstruction
parliamentary,polarized,183,20,0.8,cohesive_obstruction
parliamentary,polarized,184,20,0.7,cohesive_obstruction
parliamentary,polarized,185,20,0.85,cohesive_obstruction
parliamentary,polarized,186,20,0.85,cohesive_obstruction
parliamentary,polarized,187,20,0.95,cohesive_obstruction
parliamentary,polarized,188,20,0.8,cohesive_obstruction
parliamentary,polarized,189,20,0.95,cohesive_obstruction
parliamentary,polarized,190,20,0.8,cohesive_obstruction
parliamentary,polarized,191,20,0.9,cohesive_obstruction
parliamentary,polarized,192,20,0.95,cohesive_obstruction
parliamentary,polarized,193,20,0.85,cohesive_obstruction
parliamentary,polarized,194,20,0.85,cohesive_obstruction
parliamentary,polarized,195,20,0.9,cohesive_obstruction
parliamentary,polarized,196,20,0.95,cohesive_obstruction
parliamentary,polarized,197,20,0.9,cohesive_obstruction
parliamentary,polarized,198,20,0.9,cohesive_obstruction
parliamentary,polarized,199,20,0.75,cohesive_obstruction
parliamentary,polarized,0,20,0.95,personal_vote
parliamentary,polarized,1,20,0.9,personal_vote
parliamentary,polarized,2,20,0.9,personal_vote
parliamentary,polarized,3,20,0.9,personal_vote
parliamentary,polarized,4,20,0.9,personal_vote
parliamentary,polarized,5,20,0.95,personal_vote
parliamentary,polarized,6,20,0.8,personal_vote
parliamentary,polarized,7,20,0.9,personal_vote
parliamentary,polarized,8,20,0.7,personal_vote
parliamentary,polarized,9,20,0.85,personal_vote
parliamentary,polarized,10,20,0.95,personal_vote
parliamentary,polarized,11,20,0.9,personal_vote
parliamentary,polarized,12,20,1.0,personal_vote
parliamentary,polarized,13,20,0.9,personal_vote
parliamentary,polarized,14,20,0.95,personal_vote
parliamentary,polarized,15,20,0.95,personal_vote
parliamentary,polarized,16,20,0.9,personal_vote
parliamentary,polarized,17,20,0.9,personal_vote
parliamentary,polarized,18,20,0.9,personal_vote
parliamentary,polarized,19,20,0.9,personal_vote
parliamentary,polarized,20,20,0.8,personal_vote
parliamentary,polarized,21,20,0.85,personal_vote
parliamentary,polarized,22,20,0.9,personal_vote
parliamentary,polarized,23,20,0.85,personal_vote
parliamentary,polarized,24,20,0.9,personal_vote
parliamentary,polarized,25,20,0.85,personal_vote
parliamentary,polarized,26,20,0.95,personal_vote
parliamentary,polarized,27,20,1.0,personal_vote
parliamentary,polarized,28,20,1.0,personal_vote
parliamentary,polarized,29,20,0.95,personal_vote
parliamentary,polarized,30,20,0.85,personal_vote
parliamentary,polarized,31,20,0.9,personal_vote
parliamentary,polarized,32,20,0.85,personal_vote
parliamentary,polarized,33,20,0.95,personal_vote
parliamentary,polarized,34,20,0.85,personal_vote
parliamentary,polarized,35,20,0.9,personal_vote
parliamentary,polarized,36,20,0.8,personal_vote
parliamentary,polarized,37,20,0.95,personal_vote
parliamentary,polarized,38,20,0.85,personal_vote
parliamentary,polarized,39,20,0.8,personal_vote
parliamentary,polarized,40,20,0.9,personal_vote
parliamentary,polarized,41,20,0.9,personal_vote
parliamentary,polarized,42,20,0.9,personal_vote
parliamentary,polarized,43,20,0.85,personal_vote
parliamentary,polarized,44,20,0.9,personal_vote
parliamentary,polarized,45,20,0.95,personal_vote
parliamentary,polarized,46,20,1.0,personal_vote
parliamentary,polarized,47,20,0.9,personal_vote
parliamentary,polarized,48,20,0.95,personal_vote
parliamentary,polarized,49,20,0.9,personal_vote
parliamentary,polarized,50,20,0.8,personal_vote
parliamentary,polarized,51,20,1.0,personal_vote
parliamentary,polarized,52,20,0.95,personal_vote
parliamentary,polarized,53,20,0.75,personal_vote
parliamentary,polarized,54,20,0.9,personal_vote
parliamentary,polarized,55,20,0.95,personal_vote
parliamentary,polarized,56,20,0.9,personal_vote
parliamentary,polarized,57,20,0.85,personal_vote
parliamentary,polarized,58,20,0.8,personal_vote
parliamentary,polarized,59,20,0.8,personal_vote
parliamentary,polarized,60,20,0.8,personal_vote
parliamentary,polarized,61,20,0.9,personal_vote
parliamentary,polarized,62,20,0.9,personal_vote
parliamentary,polarized,63,20,0.95,personal_vote
parliamentary,polarized,64,20,0.95,personal_vote
parliamentary,polarized,65,20,0.85,personal_vote
parliamentary,polarized,66,20,0.95,personal_vote
parliamentary,polarized,67,20,0.9,personal_vote
parliamentary,polarized,68,20,0.85,personal_vote
parliamentary,polarized,69,20,0.85,personal_vote
parliamentary,polarized,70,20,0.8,personal_vote
parliamentary,polarized,71,20,0.9,personal_vote
parliamentary,polarized,72,20,0.95,personal_vote
parliamentary,polarized,73,20,1.0,personal_vote
parliamentary,polarized,74,20,0.9,personal_vote
parliamentary,polarized,75,20,0.9,personal_vote
parliamentary,polarized,76,20,0.95,personal_vote
parliamentary,polarized,77,20,0.9,personal_vote
parliamentary,polarized,78,20,0.9,personal_vote
parliamentary,polarized,79,20,0.8,personal_vote
parliamentary,polarized,80,20,0.9,personal_vote
parliamentary,polarized,81,20,0.9,personal_vote
parliamentary,polarized,82,20,0.8,personal_vote
parliamentary,polarized,83,20,0.8,personal_vote
parliamentary,polarized,84,20,0.85,personal_vote
parliamentary,polarized,85,20,0.8,personal_vote
parliamentary,polarized,86,20,0.9,personal_vote
parliamentary,polarized,87,20,0.85,personal_vote
parliamentary,polarized,88,20,0.8,personal_vote
parliamentary,polarized,89,20,0.95,personal_vote
parliamentary,polarized,90,20,0.75,personal_vote
parliamentary,polarized,91,20,0.8,personal_vote
parliamentary,polarized,92,20,0.85,personal_vote
parliamentary,polarized,93,20,0.85,personal_vote
parliamentary,polarized,94,20,0.8,personal_vote
parliamentary,polarized,95,20,0.75,personal_vote
parliamentary,polarized,96,20,0.85,personal_vote
parliamentary,polarized,97,20,0.95,personal_vote
parliamentary,polarized,98,20,0.8,personal_vote
parliamentary,polarized,99,20,0.9,personal_vote
parliamentary,polarized,100,20,0.95,personal_vote
parliamentary,polarized,101,20,0.9,personal_vote
parliamentary,polarized,102,20,0.7,personal_vote
parliamentary,polarized,103,20,0.85,personal_vote
parliamentary,polarized,104,20,1.0,personal_vote
parliamentary,polarized,105,20,0.95,personal_vote
parliamentary,polarized,106,20,0.95,personal_vote
parliamentary,polarized,107,20,0.8,personal_vote
parliamentary,polarized,108,20,0.8,personal_vote
parliamentary,polarized,109,20,0.8,personal_vote
parliamentary,polarized,110,20,0.9,personal_vote
parliamentary,polarized,111,20,0.9,personal_vote
parliamentary,polarized,112,20,0.7,personal_vote
parliamentary,polarized,113,20,0.9,personal_vote
parliamentary,polarized,114,20,0.75,personal_vote
parliamentary,polarized,115,20,0.9,personal_vote
parliamentary,polarized,116,20,0.9,personal_vote
parliamentary,polarized,117,20,0.85,personal_vote
parliamentary,polarized,118,20,0.85,personal_vote
parliamentary,polarized,119,20,0.95,personal_vote
parliamentary,polarized,120,20,0.9,personal_vote
parliamentary,polarized,121,20,0.85,personal_vote
parliamentary,polarized,122,20,1.0,personal_vote
parliamentary,polarized,123,20,0.95,personal_vote
parliamentary,polarized,124,20,0.85,personal_vote
parliamentary,polarized,125,20,0.95,personal_vote
parliamentary,polarized,126,20,0.85,personal_vote
parliamentary,polarized,127,20,0.95,personal_vote
parliamentary,polarized,128,20,0.75,personal_vote
parliamentary,polarized,129,20,0.85,personal_vote
parliamentary,polarized,130,20,0.85,personal_vote
parliamentary,polarized,131,20,0.85,personal_vote
parliamentary,polarized,132,20,0.9,personal_vote
parliamentary,polarized,133,20,0.85,personal_vote
parliamentary,polarized,134,20,0.95,personal_vote
parliamentary,polarized,135,20,0.8,personal_vote
parliamentary,polarized,136,20,0.95,personal_vote
parliamentary,polarized,137,20,1.0,personal_vote
parliamentary,polarized,138,20,0.95,personal_vote
parliamentary,polarized,139,20,0.9,personal_vote
parliamentary,polarized,140,20,0.95,personal_vote
parliamentary,polarized,141,20,0.85,personal_vote
parliamentary,polarized,142,20,0.9,personal_vote
parliamentary,polarized,143,20,0.8,personal_vote
parliamentary,polarized,144,20,0.7,personal_vote
parliamentary,polarized,145,20,0.9,personal_vote
parliamentary,polarized,146,20,0.85,personal_vote
parliamentary,polarized,147,20,0.95,personal_vote
parliamentary,polarized,148,20,0.95,personal_vote
parliamentary,polarized,149,20,0.8,personal_vote
parliamentary,polarized,150,20,1.0,personal_vote
parliamentary,polarized,151,20,0.75,personal_vote
parliamentary,polarized,152,20,0.7,personal_vote
parliamentary,polarized,153,20,0.95,personal_vote
parliamentary,polarized,154,20,0.9,personal_vote
parliamentary,polarized,155,20,0.95,personal_vote
parliamentary,polarized,156,20,0.9,personal_vote
parliamentary,polarized,157,20,0.85,personal_vote
parliamentary,polarized,158,20,0.9,personal_vote
parliamentary,polarized,159,20,0.85,personal_vote
parliamentary,polarized,160,20,0.8,personal_vote
parliamentary,polarized,161,20,0.9,personal_vote
parliamentary,polarized,162,20,0.95,personal_vote
parliamentary,polarized,163,20,0.95,personal_vote
parliamentary,polarized,164,20,0.85,personal_vote
parliamentary,polarized,165,20,1.0,personal_vote
parliamentary,polarized,166,20,0.85,personal_vote
parliamentary,polarized,167,20,0.85,personal_vote
parliamentary,polarized,168,20,0.85,personal_vote
parliamentary,polarized,169,20,0.95,personal_vote
parliamentary,polarized,170,20,0.9,personal_vote
parliamentary,polarized,171,20,0.95,personal_vote
parliamentary,polarized,172,20,0.9,personal_vote
parliamentary,polarized,173,20,0.85,personal_vote
parliamentary,polarized,174,20,0.9,personal_vote
parliamentary,polarized,175,20,0.8,personal_vote
parliamentary,polarized,176,20,0.95,personal_vote
parliamentary,polarized,177,20,0.75,personal_vote
parliamentary,polarized,178,20,0.95,personal_vote
parliamentary,polarized,179,20,0.95,personal_vote
parliamentary,polarized,180,20,0.9,personal_vote
parliamentary,polarized,181,20,0.9,personal_vote
parliamentary,polarized,182,20,0.8,personal_vote
parliamentary,polarized,183,20,0.8,personal_vote
parliamentary,polarized,184,20,0.7,personal_vote
parliamentary,polarized,185,20,0.85,personal_vote
parliamentary,polarized,186,20,0.85,personal_vote
parliamentary,polarized,187,20,0.95,personal_vote
parliamentary,polarized,188,20,0.8,personal_vote
parliamentary,polarized,189,20,0.95,personal_vote
parliamentary,polarized,190,20,0.8,personal_vote
parliamentary,polarized,191,20,0.9,personal_vote
parliamentary,polarized,192,20,0.95,personal_vote
parliamentary,polarized,193,20,0.85,personal_vote
parliamentary,polarized,194,20,0.85,personal_vote
parliamentary,polarized,195,20,0.9,personal_vote
parliamentary,polarized,196,20,0.95,personal_vote
parliamentary,polarized,197,20,0.9,personal_vote
parliamentary,polarized,198,20,0.9,personal_vote
parliamentary,polarized,199,20,0.75,personal_vote
republican,polarized,0,20,0.2,cohesive_obstruction
republican,polarized,1,20,0.45,cohesive_obstruction
republican,polarized,2,20,0.35,cohesive_obstruction
republican,polarized,3,20,0.2,cohesive_obstruction
republican,polarized,4,20,0.2,cohesive_obstruction
republican,polarized,5,20,0.25,cohesive_obstruction
republican,polarized,6,20,0.25,cohesive_obstruction
republican,polarized,7,20,0.2,cohesive_obstruction
republican,polarized,8,20,0.3,cohesive_obstruction
republican,polarized,9,20,0.15,cohesive_obstruction
republican,polarized,10,20,0.15,cohesive_obstruction
republican,polarized,11,20,0.15,cohesive_obstruction
republican,polarized,12,20,0.15,cohesive_obstruction
republican,polarized,13,20,0.35,cohesive_obstruction
republican,polarized,14,20,0.5,cohesive_obstruction
republican,polarized,15,20,0.25,cohesive_obstruction
republican,polarized,16,20,0.25,cohesive_obstruction
republican,polarized,17,20,0.25,cohesive_obstruction
republican,polarized,18,20,0.3,cohesive_obstruction
republican,polarized,19,20,0.2,cohesive_obstruction
republican,polarized,20,20,0.15,cohesive_obstruction
republican,polarized,21,20,0.1,cohesive_obstruction
republican,polarized,22,20,0.15,cohesive_obstruction
republican,polarized,23,20,0.3,cohesive_obstruction
republican,polarized,24,20,0.2,cohesive_obstruction
republican,polarized,25,20,0.2,cohesive_obstruction
republican,polarized,26,20,0.15,cohesive_obstruction
republican,polarized,27,20,0.2,cohesive_obstruction
republican,polarized,28,20,0.1,cohesive_obstruction
republican,polarized,29,20,0.25,cohesive_obstruction
republican,polarized,30,20,0.35,cohesive_obstruction
republican,polarized,31,20,0.1,cohesive_obstruction
republican,polarized,32,20,0.15,cohesive_obstruction
republican,polarized,33,20,0.25,cohesive_obstruction
republican,polarized,34,20,0.2,cohesive_obstruction
republican,polarized,35,20,0.3,cohesive_obstruction
republican,polarized,36,20,0.1,cohesive_obstruction
republican,polarized,37,20,0.05,cohesive_obstruction
republican,polarized,38,20,0.2,cohesive_obstruction
republican,polarized,39,20,0.15,cohesive_obstruction
republican,polarized,40,20,0.3,cohesive_obstruction
republican,polarized,41,20,0.1,cohesive_obstruction
republican,polarized,42,20,0.25,cohesive_obstruction
republican,polarized,43,20,0.25,cohesive_obstruction
republican,polarized,44,20,0.2,cohesive_obstruction
republican,polarized,45,20,0.4,cohesive_obstruction
republican,polarized,46,20,0.2,cohesive_obstruction
republican,polarized,47,20,0.3,cohesive_obstruction
republican,polarized,48,20,0.2,cohesive_obstruction
republican,polarized,49,20,0.35,cohesive_obstruction
republican,polarized,50,20,0.2,cohesive_obstruction
republican,polarized,51,20,0.15,cohesive_obstruction
republican,polarized,52,20,0.25,cohesive_obstruction
republican,polarized,53,20,0.25,cohesive_obstruction
republican,polarized,54,20,0.35,cohesive_obstruction
republican,polarized,55,20,0.25,cohesive_obstruction
republican,polarized,56,20,0.3,cohesive_obstruction
republican,polarized,57,20,0.15,cohesive_obstruction
republican,polarized,58,20,0.25,cohesive_obstruction
republican,polarized,59,20,0.2,cohesive_obstruction
republican,polarized,60,20,0.25,cohesive_obstruction
republican,polarized,61,20,0.15,cohesive_obstruction
republican,polarized,62,20,0.15,cohesive_obstruction
republican,polarized,63,20,0.25,cohesive_obstruction
republican,polarized,64,20,0.2,cohesive_obstruction
republican,polarized,65,20,0.4,cohesive_obstruction
republican,polarized,66,20,0.25,cohesive_obstruction
republican,polarized,67,20,0.15,cohesive_obstruction
republican,polarized,68,20,0.35,cohesive_obstruction
republican,polarized,69,20,0.3,cohesive_obstruction
republican,polarized,70,20,0.2,cohesive_obstruction
republican,polarized,71,20,0.2,cohesive_obstruction
republican,polarized,72,20,0.3,cohesive_obstruction
republican,polarized,73,20,0.15,cohesive_obstruction
republican,polarized,74,20,0.3,cohesive_obstruction
republican,polarized,75,20,0.35,cohesive_obstruction
republican,polarized,76,20,0.05,cohesive_obstruction
republican,polarized,77,20,0.0,cohesive_obstruction
republican,polarized,78,20,0.2,cohesive_obstruction
republican,polarized,79,20,0.2,cohesive_obstruction
republican,polarized,80,20,0.15,cohesive_obstruction
republican,polarized,81,20,0.15,cohesive_obstruction
republican,polarized,82,20,0.25,cohesive_obstruction
republican,polarized,83,20,0.35,cohesive_obstruction
republican,polarized,84,20,0.35,cohesive_obstruction
republican,polarized,85,20,0.25,cohesive_obstruction
republican,polarized,86,20,0.25,cohesive_obstruction
republican,polarized,87,20,0.25,cohesive_obstruction
republican,polarized,88,20,0.3,cohesive_obstruction
republican,polarized,89,20,0.15,cohesive_obstruction
republican,polarized,90,20,0.25,cohesive_obstruction
republican,polarized,91,20,0.15,cohesive_obstruction
republican,polarized,92,20,0.4,cohesive_obstruction
republican,polarized,93,20,0.1,cohesive_obstruction
republican,polarized,94,20,0.15,cohesive_obstruction
republican,polarized,95,20,0.3,cohesive_obstruction
republican,polarized,96,20,0.1,cohesive_obstruction
republican,polarized,97,20,0.15,cohesive_obstruction
republican,polarized,98,20,0.15,cohesive_obstruction
republican,polarized,99,20,0.2,cohesive_obstruction
republican,polarized,100,20,0.15,cohesive_obstruction
republican,polarized,101,20,0.2,cohesive_obstruction
republican,polarized,102,20,0.55,cohesive_obstruction
republican,polarized,103,20,0.15,cohesive_obstruction
republican,polarized,104,20,0.1,cohesive_obstruction
republican,polarized,105,20,0.15,cohesive_obstruction
republican,polarized,106,20,0.3,cohesive_obstruction
republican,polarized,107,20,0.1,cohesive_obstruction
republican,polarized,108,20,0.3,cohesive_obstruction
republican,polarized,109,20,0.25,cohesive_obstruction
republican,polarized,110,20,0.2,cohesive_obstruction
republican,polarized,111,20,0.1,cohesive_obstruction
republican,polarized,112,20,0.4,cohesive_obstruction
republican,polarized,113,20,0.3,cohesive_obstruction
republican,polarized,114,20,0.3,cohesive_obstruction
republican,polarized,115,20,0.15,cohesive_obstruction
republican,polarized,116,20,0.2,cohesive_obstruction
republican,polarized,117,20,0.2,cohesive_obstruction
republican,polarized,118,20,0.05,cohesive_obstruction
republican,polarized,119,20,0.3,cohesive_obstruction
republican,polarized,120,20,0.15,cohesive_obstruction
republican,polarized,121,20,0.25,cohesive_obstruction
republican,polarized,122,20,0.25,cohesive_obstruction
republican,polarized,123,20,0.25,cohesive_obstruction
republican,polarized,124,20,0.1,cohesive_obstruction
republican,polarized,125,20,0.3,cohesive_obstruction
republican,polarized,126,20,0.45,cohesive_obstruction
republican,polarized,127,20,0.25,cohesive_obstruction
republican,polarized,128,20,0.25,cohesive_obstruction
republican,polarized,129,20,0.15,cohesive_obstruction
republican,polarized,130,20,0.2,cohesive_obstruction
republican,polarized,131,20,0.2,cohesive_obstruction
republican,polarized,132,20,0.1,cohesive_obstruction
republican,polarized,133,20,0.3,cohesive_obstruction
republican,polarized,134,20,0.1,cohesive_obstruction
republican,polarized,135,20,0.15,cohesive_obstruction
republican,polarized,136,20,0.05,cohesive_obstruction
republican,polarized,137,20,0.25,cohesive_obstruction
republican,polarized,138,20,0.2,cohesive_obstruction
republican,polarized,139,20,0.35,cohesive_obstruction
republican,polarized,140,20,0.1,cohesive_obstruction
republican,polarized,141,20,0.25,cohesive_obstruction
republican,polarized,142,20,0.2,cohesive_obstruction
republican,polarized,143,20,0.1,cohesive_obstruction
republican,polarized,144,20,0.35,cohesive_obstruction
republican,polarized,145,20,0.25,cohesive_obstruction
republican,polarized,146,20,0.25,cohesive_obstruction
republican,polarized,147,20,0.1,cohesive_obstruction
republican,polarized,148,20,0.25,cohesive_obstruction
republican,polarized,149,20,0.05,cohesive_obstruction
republican,polarized,150,20,0.1,cohesive_obstruction
republican,polarized,151,20,0.45,cohesive_obstruction
republican,polarized,152,20,0.1,cohesive_obstruction
republican,polarized,153,20,0.2,cohesive_obstruction
republican,polarized,154,20,0.2,cohesive_obstruction
republican,polarized,155,20,0.25,cohesive_obstruction
republican,polarized,156,20,0.15,cohesive_obstruction
republican,polarized,157,20,0.25,cohesive_obstruction
republican,polarized,158,20,0.1,cohesive_obstruction
republican,polarized,159,20,0.25,cohesive_obstruction
republican,polarized,160,20,0.25,cohesive_obstruction
republican,polarized,161,20,0.25,cohesive_obstruction
republican,polarized,162,20,0.25,cohesive_obstruction
republican,polarized,163,20,0.2,cohesive_obstruction
republican,polarized,164,20,0.3,cohesive_obstruction
republican,polarized,165,20,0.0,cohesive_obstruction
republican,polarized,166,20,0.15,cohesive_obstruction
republican,polarized,167,20,0.1,cohesive_obstruction
republican,polarized,168,20,0.1,cohesive_obstruction
republican,polarized,169,20,0.2,cohesive_obstruction
republican,polarized,170,20,0.2,cohesive_obstruction
republican,polarized,171,20,0.2,cohesive_obstruction
republican,polarized,172,20,0.45,cohesive_obstruction
republican,polarized,173,20,0.2,cohesive_obstruction
republican,polarized,174,20,0.2,cohesive_obstruction
republican,polarized,175,20,0.3,cohesive_obstruction
republican,polarized,176,20,0.45,cohesive_obstruction
republican,polarized,177,20,0.25,cohesive_obstruction
republican,polarized,178,20,0.2,cohesive_obstruction
republican,polarized,179,20,0.2,cohesive_obstruction
republican,polarized,180,20,0.2,cohesive_obstruction
republican,polarized,181,20,0.15,cohesive_obstruction
republican,polarized,182,20,0.35,cohesive_obstruction
republican,polarized,183,20,0.15,cohesive_obstruction
republican,polarized,184,20,0.25,cohesive_obstruction
republican,polarized,185,20,0.1,cohesive_obstruction
republican,polarized,186,20,0.2,cohesive_obstruction
republican,polarized,187,20,0.3,cohesive_obstruction
republican,polarized,188,20,0.25,cohesive_obstruction
republican,polarized,189,20,0.45,cohesive_obstruction
republican,polarized,190,20,0.3,cohesive_obstruction
republican,polarized,191,20,0.35,cohesive_obstruction
republican,polarized,192,20,0.25,cohesive_obstruction
republican,polarized,193,20,0.3,cohesive_obstruction
republican,polarized,194,20,0.15,cohesive_obstruction
republican,polarized,195,20,0.3,cohesive_obstruction
republican,polarized,196,20,0.35,cohesive_obstruction
republican,polarized,197,20,0.15,cohesive_obstruction
republican,polarized,198,20,0.2,cohesive_obstruction
republican,polarized,199,20,0.55,cohesive_obstruction
republican,polarized,0,20,0.2,personal_vote
republican,polarized,1,20,0.45,personal_vote
republican,polarized,2,20,0.35,personal_vote
republican,polarized,3,20,0.2,personal_vote
republican,polarized,4,20,0.2,personal_vote
republican,polarized,5,20,0.25,personal_vote
republican,polarized,6,20,0.25,personal_vote
republican,polarized,7,20,0.2,personal_vote
republican,polarized,8,20,0.3,personal_vote
republican,polarized,9,20,0.15,personal_vote
republican,polarized,10,20,0.15,personal_vote
republican,polarized,11,20,0.15,personal_vote
republican,polarized,12,20,0.15,personal_vote
republican,polarized,13,20,0.35,personal_vote
republican,polarized,14,20,0.5,personal_vote
republican,polarized,15,20,0.25,personal_vote
republican,polarized,16,20,0.25,personal_vote
republican,polarized,17,20,0.25,personal_vote
republican,polarized,18,20,0.3,personal_vote
republican,polarized,19,20,0.2,personal_vote
republican,polarized,20,20,0.15,personal_vote
republican,polarized,21,20,0.1,personal_vote
republican,polarized,22,20,0.15,personal_vote
republican,polarized,23,20,0.3,personal_vote
republican,polarized,24,20,0.2,personal_vote
republican,polarized,25,20,0.2,personal_vote
republican,polarized,26,20,0.15,personal_vote
republican,polarized,27,20,0.2,personal_vote
republican,polarized,28,20,0.1,personal_vote
republican,polarized,29,20,0.25,personal_vote
republican,polarized,30,20,0.35,personal_vote
republican,polarized,31,20,0.1,personal_vote
republican,polarized,32,20,0.15,personal_vote
republican,polarized,33,20,0.25,personal_vote
republican,polarized,34,20,0.2,personal_vote
republican,polarized,35,20,0.3,personal_vote
republican,polarized,36,20,0.1,personal_vote
republican,polarized,37,20,0.05,personal_vote
republican,polarized,38,20,0.2,personal_vote
republican,polarized,39,20,0.15,personal_vote
republican,polarized,40,20,0.3,personal_vote
republican,polarized,41,20,0.1,personal_vote
republican,polarized,42,20,0.25,personal_vote
republican,polarized,43,20,0.25,personal_vote
republican,polarized,44,20,0.2,personal_vote
republican,polarized,45,20,0.4,personal_vote
republican,polarized,46,20,0.2,personal_vote
republican,polarized,47,20,0.3,personal_vote
republican,polarized,48,20,0.2,personal_vote
republican,polarized,49,20,0.35,personal_vote
republican,polarized,50,20,0.2,personal_vote
republican,polarized,51,20,0.15,personal_vote
republican,polarized,52,20,0.25,personal_vote
republican,polarized,53,20,0.25,personal_vote
republican,polarized,54,20,0.35,personal_vote
republican,polarized,55,20,0.25,personal_vote
republican,polarized,56,20,0.3,personal_vote
republican,polarized,57,20,0.15,personal_vote
republican,polarized,58,20,0.25,personal_vote
republican,polarized,59,20,0.2,personal_vote
republican,polarized,60,20,0.25,personal_vote
republican,polarized,61,20,0.15,personal_vote
republican,polarized,62,20,0.15,personal_vote
republican,polarized,63,20,0.25,personal_vote
republican,polarized,64,20,0.2,personal_vote
republican,polarized,65,20,0.4,personal_vote
republican,polarized,66,20,0.25,personal_vote
republican,polarized,67,20,0.15,personal_vote
republican,polarized,68,20,0.35,personal_vote
republican,polarized,69,20,0.3,personal_vote
republican,polarized,70,20,0.2,personal_vote
republican,polarized,71,20,0.2,personal_vote
republican,polarized,72,20,0.3,personal_vote
republican,polarized,73,20,0.15,personal_vote
republican,polarized,74,20,0.3,personal_vote
republican,polarized,75,20,0.35,personal_vote
republican,polarized,76,20,0.05,personal_vote
republican,polarized,77,20,0.0,personal_vote
republican,polarized,78,20,0.2,personal_vote
republican,polarized,79,20,0.2,personal_vote
republican,polarized,80,20,0.15,personal_vote
republican,polarized,81,20,0.15,personal_vote
republican,polarized,82,20,0.25,personal_vote
republican,polarized,83,20,0.35,personal_vote
republican,polarized,84,20,0.35,personal_vote
republican,polarized,85,20,0.25,personal_vote
republican,polarized,86,20,0.25,personal_vote
republican,polarized,87,20,0.25,personal_vote
republican,polarized,88,20,0.3,personal_vote
republican,polarized,89,20,0.15,personal_vote
republican,polarized,90,20,0.25,personal_vote
republican,polarized,91,20,0.15,personal_vote
republican,polarized,92,20,0.4,personal_vote
republican,polarized,93,20,0.1,personal_vote
republican,polarized,94,20,0.15,personal_vote
republican,polarized,95,20,0.3,personal_vote
republican,polarized,96,20,0.1,personal_vote
republican,polarized,97,20,0.15,personal_vote
republican,polarized,98,20,0.15,personal_vote
republican,polarized,99,20,0.2,personal_vote
republican,polarized,100,20,0.15,personal_vote
republican,polarized,101,20,0.2,personal_vote
republican,polarized,102,20,0.55,personal_vote
republican,polarized,103,20,0.15,personal_vote
republican,polarized,104,20,0.1,personal_vote
republican,polarized,105,20,0.15,personal_vote
republican,polarized,106,20,0.3,personal_vote
republican,polarized,107,20,0.1,personal_vote
republican,polarized,108,20,0.3,personal_vote
republican,polarized,109,20,0.25,personal_vote
republican,polarized,110,20,0.2,personal_vote
republican,polarized,111,20,0.1,personal_vote
republican,polarized,112,20,0.4,personal_vote
republican,polarized,113,20,0.3,personal_vote
republican,polarized,114,20,0.3,personal_vote
republican,polarized,115,20,0.15,personal_vote
republican,polarized,116,20,0.2,personal_vote
republican,polarized,117,20,0.2,personal_vote
republican,polarized,118,20,0.05,personal_vote
republican,polarized,119,20,0.3,personal_vote
republican,polarized,120,20,0.15,personal_vote
republican,polarized,121,20,0.25,personal_vote
republican,polarized,122,20,0.25,personal_vote
republican,polarized,123,20,0.25,personal_vote
republican,polarized,124,20,0.1,personal_vote
republican,polarized,125,20,0.3,personal_vote
republican,polarized,126,20,0.45,personal_vote
republican,polarized,127,20,0.25,personal_vote
republican,polarized,128,20,0.25,personal_vote
republican,polarized,129,20,0.15,personal_vote
republican,polarized,130,20,0.2,personal_vote
republican,polarized,131,20,0.2,personal_vote
republican,polarized,132,20,0.1,personal_vote
republican,polarized,133,20,0.3,personal_vote
republican,polarized,134,20,0.1,personal_vote
republican,polarized,135,20,0.15,personal_vote
republican,polarized,136,20,0.05,personal_vote
republican,polarized,137,20,0.25,personal_vote
republican,polarized,138,20,0.2,personal_vote
republican,polarized,139,20,0.35,personal_vote
republican,polarized,140,20,0.1,personal_vote
republican,polarized,141,20,0.25,personal_vote
republican,polarized,142,20,0.2,personal_vote
republican,polarized,143,20,0.1,personal_vote
republican,polarized,144,20,0.35,personal_vote
republican,polarized,145,20,0.25,personal_vote
republican,polarized,146,20,0.25,personal_vote
republican,polarized,147,20,0.1,personal_vote
republican,polarized,148,20,0.25,personal_vote
republican,polarized,149,20,0.05,personal_vote
republican,polarized,150,20,0.1,personal_vote
republican,polarized,151,20,0.45,personal_vote
republican,polarized,152,20,0.1,personal_vote
republican,polarized,153,20,0.2,personal_vote
republican,polarized,154,20,0.2,personal_vote
republican,polarized,155,20,0.25,personal_vote
republican,polarized,156,20,0.15,personal_vote
republican,polarized,157,20,0.25,personal_vote
republican,polarized,158,20,0.1,personal_vote
republican,polarized,159,20,0.25,personal_vote
republican,polarized,160,20,0.25,personal_vote
republican,polarized,161,20,0.25,personal_vote
republican,polarized,162,20,0.25,personal_vote
republican,polarized,163,20,0.2,personal_vote
republican,polarized,164,20,0.3,personal_vote
republican,polarized,165,20,0.0,personal_vote
republican,polarized,166,20,0.15,personal_vote
republican,polarized,167,20,0.1,personal_vote
republican,polarized,168,20,0.1,personal_vote
republican,polarized,169,20,0.2,personal_vote
republican,polarized,170,20,0.2,personal_vote
republican,polarized,171,20,0.2,personal_vote
republican,polarized,172,20,0.45,personal_vote
republican,polarized,173,20,0.2,personal_vote
republican,polarized,174,20,0.2,personal_vote
republican,polarized,175,20,0.3,personal_vote
republican,polarized,176,20,0.45,personal_vote
republican,polarized,177,20,0.25,personal_vote
republican,polarized,178,20,0.2,personal_vote
republican,polarized,179,20,0.2,personal_vote
republican,polarized,180,20,0.2,personal_vote
republican,polarized,181,20,0.15,personal_vote
republican,polarized,182,20,0.35,personal_vote
republican,polarized,183,20,0.15,personal_vote
republican,polarized,184,20,0.25,personal_vote
republican,polarized,185,20,0.1,personal_vote
republican,polarized,186,20,0.2,personal_vote
republican,polarized,187,20,0.3,personal_vote
republican,polarized,188,20,0.25,personal_vote
republican,polarized,189,20,0.45,personal_vote
republican,polarized,190,20,0.3,personal_vote
republican,polarized,191,20,0.35,personal_vote
republican,polarized,192,20,0.25,personal_vote
republican,polarized,193,20,0.3,personal_vote
republican,polarized,194,20,0.15,personal_vote
republican,polarized,195,20,0.3,personal_vote
republican,polarized,196,20,0.35,personal_vote
republican,polarized,197,20,0.15,personal_vote
republican,polarized,198,20,0.2,personal_vote
republican,polarized,199,20,0.55,personal_vote
premier_presidential,polarized,0,20,0.75,cohesive_obstruction
premier_presidential,polarized,1,20,0.65,cohesive_obstruction
premier_presidential,polarized,2,20,0.65,cohesive_obstruction
premier_presidential,polarized,3,20,0.75,cohesive_obstruction
premier_presidential,polarized,4,20,0.8,cohesive_obstruction
premier_presidential,polarized,5,20,0.65,cohesive_obstruction
premier_presidential,polarized,6,20,0.7,cohesive_obstruction
premier_presidential,polarized,7,20,0.85,cohesive_obstruction
premier_presidential,polarized,8,20,0.75,cohesive_obstruction
premier_presidential,polarized,9,20,0.7,cohesive_obstruction
premier_presidential,polarized,10,20,0.6,cohesive_obstruction
premier_presidential,polarized,11,20,0.65,cohesive_obstruction
premier_presidential,polarized,12,20,0.85,cohesive_obstruction
premier_presidential,polarized,13,20,0.9,cohesive_obstruction
premier_presidential,polarized,14,20,0.7,cohesive_obstruction
premier_presidential,polarized,15,20,0.8,cohesive_obstruction
premier_presidential,polarized,16,20,0.65,cohesive_obstruction
premier_presidential,polarized,17,20,0.7,cohesive_obstruction
premier_presidential,polarized,18,20,0.5,cohesive_obstruction
premier_presidential,polarized,19,20,0.75,cohesive_obstruction
premier_presidential,polarized,20,20,0.7,cohesive_obstruction
premier_presidential,polarized,21,20,0.85,cohesive_obstruction
premier_presidential,polarized,22,20,0.75,cohesive_obstruction
premier_presidential,polarized,23,20,0.85,cohesive_obstruction
premier_presidential,polarized,24,20,0.6,cohesive_obstruction
premier_presidential,polarized,25,20,0.85,cohesive_obstruction
premier_presidential,polarized,26,20,0.6,cohesive_obstruction
premier_presidential,polarized,27,20,0.8,cohesive_obstruction
premier_presidential,polarized,28,20,0.7,cohesive_obstruction
premier_presidential,polarized,29,20,0.75,cohesive_obstruction
premier_presidential,polarized,30,20,0.85,cohesive_obstruction
premier_presidential,polarized,31,20,0.7,cohesive_obstruction
premier_presidential,polarized,32,20,0.65,cohesive_obstruction
premier_presidential,polarized,33,20,0.7,cohesive_obstruction
premier_presidential,polarized,34,20,0.9,cohesive_obstruction
premier_presidential,polarized,35,20,0.8,cohesive_obstruction
premier_presidential,polarized,36,20,0.85,cohesive_obstruction
premier_presidential,polarized,37,20,0.8,cohesive_obstruction
premier_presidential,polarized,38,20,0.8,cohesive_obstruction
premier_presidential,polarized,39,20,0.75,cohesive_obstruction
premier_presidential,polarized,40,20,0.7,cohesive_obstruction
premier_presidential,polarized,41,20,0.75,cohesive_obstruction
premier_presidential,polarized,42,20,0.8,cohesive_obstruction
premier_presidential,polarized,43,20,0.7,cohesive_obstruction
premier_presidential,polarized,44,20,0.95,cohesive_obstruction
premier_presidential,polarized,45,20,0.7,cohesive_obstruction
premier_presidential,polarized,46,20,0.8,cohesive_obstruction
premier_presidential,polarized,47,20,0.8,cohesive_obstruction
premier_presidential,polarized,48,20,0.9,cohesive_obstruction
premier_presidential,polarized,49,20,0.55,cohesive_obstruction
premier_presidential,polarized,50,20,0.5,cohesive_obstruction
premier_presidential,polarized,51,20,0.75,cohesive_obstruction
premier_presidential,polarized,52,20,0.9,cohesive_obstruction
premier_presidential,polarized,53,20,0.65,cohesive_obstruction
premier_presidential,polarized,54,20,0.7,cohesive_obstruction
premier_presidential,polarized,55,20,0.7,cohesive_obstruction
premier_presidential,polarized,56,20,0.7,cohesive_obstruction
premier_presidential,polarized,57,20,0.65,cohesive_obstruction
premier_presidential,polarized,58,20,0.85,cohesive_obstruction
premier_presidential,polarized,59,20,0.85,cohesive_obstruction
premier_presidential,polarized,60,20,0.6,cohesive_obstruction
premier_presidential,polarized,61,20,0.8,cohesive_obstruction
premier_presidential,polarized,62,20,0.5,cohesive_obstruction
premier_presidential,polarized,63,20,0.8,cohesive_obstruction
premier_presidential,polarized,64,20,0.65,cohesive_obstruction
premier_presidential,polarized,65,20,0.75,cohesive_obstruction
premier_presidential,polarized,66,20,0.8,cohesive_obstruction
premier_presidential,polarized,67,20,0.7,cohesive_obstruction
premier_presidential,polarized,68,20,0.65,cohesive_obstruction
premier_presidential,polarized,69,20,0.75,cohesive_obstruction
premier_presidential,polarized,70,20,0.7,cohesive_obstruction
premier_presidential,polarized,71,20,0.6,cohesive_obstruction
premier_presidential,polarized,72,20,0.65,cohesive_obstruction
premier_presidential,polarized,73,20,0.55,cohesive_obstruction
premier_presidential,polarized,74,20,0.8,cohesive_obstruction
premier_presidential,polarized,75,20,0.7,cohesive_obstruction
premier_presidential,polarized,76,20,0.6,cohesive_obstruction
premier_presidential,polarized,77,20,0.7,cohesive_obstruction
premier_presidential,polarized,78,20,0.75,cohesive_obstruction
premier_presidential,polarized,79,20,0.7,cohesive_obstruction
premier_presidential,polarized,80,20,0.75,cohesive_obstruction
premier_presidential,polarized,81,20,0.65,cohesive_obstruction
premier_presidential,polarized,82,20,0.75,cohesive_obstruction
premier_presidential,polarized,83,20,0.75,cohesive_obstruction
premier_presidential,polarized,84,20,0.7,cohesive_obstruction
premier_presidential,polarized,85,20,0.75,cohesive_obstruction
premier_presidential,polarized,86,20,0.75,cohesive_obstruction
premier_presidential,polarized,87,20,0.7,cohesive_obstruction
premier_presidential,polarized,88,20,0.55,cohesive_obstruction
premier_presidential,polarized,89,20,0.7,cohesive_obstruction
premier_presidential,polarized,90,20,0.8,cohesive_obstruction
premier_presidential,polarized,91,20,0.8,cohesive_obstruction
premier_presidential,polarized,92,20,0.9,cohesive_obstruction
premier_presidential,polarized,93,20,0.75,cohesive_obstruction
premier_presidential,polarized,94,20,0.7,cohesive_obstruction
premier_presidential,polarized,95,20,0.65,cohesive_obstruction
premier_presidential,polarized,96,20,0.9,cohesive_obstruction
premier_presidential,polarized,97,20,0.7,cohesive_obstruction
premier_presidential,polarized,98,20,0.8,cohesive_obstruction
premier_presidential,polarized,99,20,0.7,cohesive_obstruction
premier_presidential,polarized,100,20,0.9,cohesive_obstruction
premier_presidential,polarized,101,20,0.65,cohesive_obstruction
premier_presidential,polarized,102,20,0.65,cohesive_obstruction
premier_presidential,polarized,103,20,0.8,cohesive_obstruction
premier_presidential,polarized,104,20,0.7,cohesive_obstruction
premier_presidential,polarized,105,20,0.5,cohesive_obstruction
premier_presidential,polarized,106,20,0.65,cohesive_obstruction
premier_presidential,polarized,107,20,0.8,cohesive_obstruction
premier_presidential,polarized,108,20,0.75,cohesive_obstruction
premier_presidential,polarized,109,20,0.7,cohesive_obstruction
premier_presidential,polarized,110,20,0.9,cohesive_obstruction
premier_presidential,polarized,111,20,0.65,cohesive_obstruction
premier_presidential,polarized,112,20,0.6,cohesive_obstruction
premier_presidential,polarized,113,20,0.8,cohesive_obstruction
premier_presidential,polarized,114,20,0.8,cohesive_obstruction
premier_presidential,polarized,115,20,0.7,cohesive_obstruction
premier_presidential,polarized,116,20,0.8,cohesive_obstruction
premier_presidential,polarized,117,20,0.65,cohesive_obstruction
premier_presidential,polarized,118,20,0.8,cohesive_obstruction
premier_presidential,polarized,119,20,0.85,cohesive_obstruction
premier_presidential,polarized,120,20,0.7,cohesive_obstruction
premier_presidential,polarized,121,20,0.55,cohesive_obstruction
premier_presidential,polarized,122,20,0.55,cohesive_obstruction
premier_presidential,polarized,123,20,0.75,cohesive_obstruction
premier_presidential,polarized,124,20,0.75,cohesive_obstruction
premier_presidential,polarized,125,20,0.85,cohesive_obstruction
premier_presidential,polarized,126,20,0.8,cohesive_obstruction
premier_presidential,polarized,127,20,0.75,cohesive_obstruction
premier_presidential,polarized,128,20,0.8,cohesive_obstruction
premier_presidential,polarized,129,20,0.85,cohesive_obstruction
premier_presidential,polarized,130,20,0.9,cohesive_obstruction
premier_presidential,polarized,131,20,0.75,cohesive_obstruction
premier_presidential,polarized,132,20,0.65,cohesive_obstruction
premier_presidential,polarized,133,20,0.8,cohesive_obstruction
premier_presidential,polarized,134,20,0.85,cohesive_obstruction
premier_presidential,polarized,135,20,0.65,cohesive_obstruction
premier_presidential,polarized,136,20,0.65,cohesive_obstruction
premier_presidential,polarized,137,20,0.65,cohesive_obstruction
premier_presidential,polarized,138,20,0.8,cohesive_obstruction
premier_presidential,polarized,139,20,0.7,cohesive_obstruction
premier_presidential,polarized,140,20,0.75,cohesive_obstruction
premier_presidential,polarized,141,20,0.65,cohesive_obstruction
premier_presidential,polarized,142,20,0.95,cohesive_obstruction
premier_presidential,polarized,143,20,0.65,cohesive_obstruction
premier_presidential,polarized,144,20,0.75,cohesive_obstruction
premier_presidential,polarized,145,20,0.8,cohesive_obstruction
premier_presidential,polarized,146,20,0.65,cohesive_obstruction
premier_presidential,polarized,147,20,0.7,cohesive_obstruction
premier_presidential,polarized,148,20,0.7,cohesive_obstruction
premier_presidential,polarized,149,20,0.85,cohesive_obstruction
premier_presidential,polarized,150,20,0.85,cohesive_obstruction
premier_presidential,polarized,151,20,0.8,cohesive_obstruction
premier_presidential,polarized,152,20,0.75,cohesive_obstruction
premier_presidential,polarized,153,20,0.7,cohesive_obstruction
premier_presidential,polarized,154,20,0.55,cohesive_obstruction
premier_presidential,polarized,155,20,0.55,cohesive_obstruction
premier_presidential,polarized,156,20,0.75,cohesive_obstruction
premier_presidential,polarized,157,20,0.65,cohesive_obstruction
premier_presidential,polarized,158,20,0.8,cohesive_obstruction
premier_presidential,polarized,159,20,0.8,cohesive_obstruction
premier_presidential,polarized,160,20,0.75,cohesive_obstruction
premier_presidential,polarized,161,20,0.65,cohesive_obstruction
premier_presidential,polarized,162,20,0.7,cohesive_obstruction
premier_presidential,polarized,163,20,0.9,cohesive_obstruction
premier_presidential,polarized,164,20,0.6,cohesive_obstruction
premier_presidential,polarized,165,20,0.7,cohesive_obstruction
premier_presidential,polarized,166,20,0.85,cohesive_obstruction
premier_presidential,polarized,167,20,0.7,cohesive_obstruction
premier_presidential,polarized,168,20,0.6,cohesive_obstruction
premier_presidential,polarized,169,20,0.9,cohesive_obstruction
premier_presidential,polarized,170,20,0.75,cohesive_obstruction
premier_presidential,polarized,171,20,0.75,cohesive_obstruction
premier_presidential,polarized,172,20,0.5,cohesive_obstruction
premier_presidential,polarized,173,20,0.65,cohesive_obstruction
premier_presidential,polarized,174,20,0.8,cohesive_obstruction
premier_presidential,polarized,175,20,0.8,cohesive_obstruction
premier_presidential,polarized,176,20,0.7,cohesive_obstruction
premier_presidential,polarized,177,20,0.7,cohesive_obstruction
premier_presidential,polarized,178,20,0.75,cohesive_obstruction
premier_presidential,polarized,179,20,0.65,cohesive_obstruction
premier_presidential,polarized,180,20,0.75,cohesive_obstruction
premier_presidential,polarized,181,20,0.8,cohesive_obstruction
premier_presidential,polarized,182,20,0.7,cohesive_obstruction
premier_presidential,polarized,183,20,0.85,cohesive_obstruction
premier_presidential,polarized,184,20,0.75,cohesive_obstruction
premier_presidential,polarized,185,20,0.65,cohesive_obstruction
premier_presidential,polarized,186,20,0.55,cohesive_obstruction
premier_presidential,polarized,187,20,0.75,cohesive_obstruction
premier_presidential,polarized,188,20,0.7,cohesive_obstruction
premier_presidential,polarized,189,20,0.8,cohesive_obstruction
premier_presidential,polarized,190,20,0.7,cohesive_obstruction
premier_presidential,polarized,191,20,0.5,cohesive_obstruction
premier_presidential,polarized,192,20,0.65,cohesive_obstruction
premier_presidential,polarized,193,20,0.75,cohesive_obstruction
premier_presidential,polarized,194,20,0.7,cohesive_obstruction
premier_presidential,polarized,195,20,0.6,cohesive_obstruction
premier_presidential,polarized,196,20,0.8,cohesive_obstruction
premier_presidential,polarized,197,20,0.75,cohesive_obstruction
premier_presidential,polarized,198,20,0.75,cohesive_obstruction
premier_presidential,polarized,199,20,0.55,cohesive_obstruction
premier_presidential,polarized,0,20,0.75,personal_vote
premier_presidential,polarized,1,20,0.65,personal_vote
premier_presidential,polarized,2,20,0.65,personal_vote
premier_presidential,polarized,3,20,0.75,personal_vote
premier_presidential,polarized,4,20,0.8,personal_vote
premier_presidential,polarized,5,20,0.65,personal_vote
premier_presidential,polarized,6,20,0.7,personal_vote
premier_presidential,polarized,7,20,0.85,personal_vote
premier_presidential,polarized,8,20,0.75,personal_vote
premier_presidential,polarized,9,20,0.7,personal_vote
premier_presidential,polarized,10,20,0.6,personal_vote
premier_presidential,polarized,11,20,0.65,personal_vote
premier_presidential,polarized,12,20,0.85,personal_vote
premier_presidential,polarized,13,20,0.9,personal_vote
premier_presidential,polarized,14,20,0.7,personal_vote
premier_presidential,polarized,15,20,0.8,personal_vote
premier_presidential,polarized,16,20,0.65,personal_vote
premier_presidential,polarized,17,20,0.7,personal_vote
premier_presidential,polarized,18,20,0.5,personal_vote
premier_presidential,polarized,19,20,0.75,personal_vote
premier_presidential,polarized,20,20,0.7,personal_vote
premier_presidential,polarized,21,20,0.85,personal_vote
premier_presidential,polarized,22,20,0.75,personal_vote
premier_presidential,polarized,23,20,0.85,personal_vote
premier_presidential,polarized,24,20,0.6,personal_vote
premier_presidential,polarized,25,20,0.85,personal_vote
premier_presidential,polarized,26,20,0.6,personal_vote
premier_presidential,polarized,27,20,0.8,personal_vote
premier_presidential,polarized,28,20,0.7,personal_vote
premier_presidential,polarized,29,20,0.75,personal_vote
premier_presidential,polarized,30,20,0.85,personal_vote
premier_presidential,polarized,31,20,0.7,personal_vote
premier_presidential,polarized,32,20,0.65,personal_vote
premier_presidential,polarized,33,20,0.7,personal_vote
premier_presidential,polarized,34,20,0.9,personal_vote
premier_presidential,polarized,35,20,0.8,personal_vote
premier_presidential,polarized,36,20,0.85,personal_vote
premier_presidential,polarized,37,20,0.8,personal_vote
premier_presidential,polarized,38,20,0.8,personal_vote
premier_presidential,polarized,39,20,0.75,personal_vote
premier_presidential,polarized,40,20,0.7,personal_vote
premier_presidential,polarized,41,20,0.75,personal_vote
premier_presidential,polarized,42,20,0.8,personal_vote
premier_presidential,polarized,43,20,0.7,personal_vote
premier_presidential,polarized,44,20,0.95,personal_vote
premier_presidential,polarized,45,20,0.7,personal_vote
premier_presidential,polarized,46,20,0.8,personal_vote
premier_presidential,polarized,47,20,0.8,personal_vote
premier_presidential,polarized,48,20,0.9,personal_vote
premier_presidential,polarized,49,20,0.55,personal_vote
premier_presidential,polarized,50,20,0.5,personal_vote
premier_presidential,polarized,51,20,0.75,personal_vote
premier_presidential,polarized,52,20,0.9,personal_vote
premier_presidential,polarized,53,20,0.65,personal_vote
premier_presidential,polarized,54,20,0.7,personal_vote
premier_presidential,polarized,55,20,0.7,personal_vote
premier_presidential,polarized,56,20,0.7,personal_vote
premier_presidential,polarized,57,20,0.65,personal_vote
premier_presidential,polarized,58,20,0.85,personal_vote
premier_presidential,polarized,59,20,0.85,personal_vote
premier_presidential,polarized,60,20,0.6,personal_vote
premier_presidential,polarized,61,20,0.8,personal_vote
premier_presidential,polarized,62,20,0.5,personal_vote
premier_presidential,polarized,63,20,0.8,personal_vote
premier_presidential,polarized,64,20,0.65,personal_vote
premier_presidential,polarized,65,20,0.75,personal_vote
premier_presidential,polarized,66,20,0.8,personal_vote
premier_presidential,polarized,67,20,0.7,personal_vote
premier_presidential,polarized,68,20,0.65,personal_vote
premier_presidential,polarized,69,20,0.75,personal_vote
premier_presidential,polarized,70,20,0.7,personal_vote
premier_presidential,polarized,71,20,0.6,personal_vote
premier_presidential,polarized,72,20,0.65,personal_vote
premier_presidential,polarized,73,20,0.55,personal_vote
premier_presidential,polarized,74,20,0.8,personal_vote
premier_presidential,polarized,75,20,0.7,personal_vote
premier_presidential,polarized,76,20,0.6,personal_vote
premier_presidential,polarized,77,20,0.7,personal_vote
premier_presidential,polarized,78,20,0.75,personal_vote
premier_presidential,polarized,79,20,0.7,personal_vote
premier_presidential,polarized,80,20,0.75,personal_vote
premier_presidential,polarized,81,20,0.65,personal_vote
premier_presidential,polarized,82,20,0.75,personal_vote
premier_presidential,polarized,83,20,0.75,personal_vote
premier_presidential,polarized,84,20,0.7,personal_vote
premier_presidential,polarized,85,20,0.75,personal_vote
premier_presidential,polarized,86,20,0.75,personal_vote
premier_presidential,polarized,87,20,0.7,personal_vote
premier_presidential,polarized,88,20,0.55,personal_vote
premier_presidential,polarized,89,20,0.7,personal_vote
premier_presidential,polarized,90,20,0.8,personal_vote
premier_presidential,polarized,91,20,0.8,personal_vote
premier_presidential,polarized,92,20,0.9,personal_vote
premier_presidential,polarized,93,20,0.75,personal_vote
premier_presidential,polarized,94,20,0.7,personal_vote
premier_presidential,polarized,95,20,0.65,personal_vote
premier_presidential,polarized,96,20,0.9,personal_vote
premier_presidential,polarized,97,20,0.7,personal_vote
premier_presidential,polarized,98,20,0.8,personal_vote
premier_presidential,polarized,99,20,0.7,personal_vote
premier_presidential,polarized,100,20,0.9,personal_vote
premier_presidential,polarized,101,20,0.65,personal_vote
premier_presidential,polarized,102,20,0.65,personal_vote
premier_presidential,polarized,103,20,0.8,personal_vote
premier_presidential,polarized,104,20,0.7,personal_vote
premier_presidential,polarized,105,20,0.5,personal_vote
premier_presidential,polarized,106,20,0.65,personal_vote
premier_presidential,polarized,107,20,0.8,personal_vote
premier_presidential,polarized,108,20,0.75,personal_vote
premier_presidential,polarized,109,20,0.7,personal_vote
premier_presidential,polarized,110,20,0.9,personal_vote
premier_presidential,polarized,111,20,0.65,personal_vote
premier_presidential,polarized,112,20,0.6,personal_vote
premier_presidential,polarized,113,20,0.8,personal_vote
premier_presidential,polarized,114,20,0.8,personal_vote
premier_presidential,polarized,115,20,0.7,personal_vote
premier_presidential,polarized,116,20,0.8,personal_vote
premier_presidential,polarized,117,20,0.65,personal_vote
premier_presidential,polarized,118,20,0.8,personal_vote
premier_presidential,polarized,119,20,0.85,personal_vote
premier_presidential,polarized,120,20,0.7,personal_vote
premier_presidential,polarized,121,20,0.55,personal_vote
premier_presidential,polarized,122,20,0.55,personal_vote
premier_presidential,polarized,123,20,0.75,personal_vote
premier_presidential,polarized,124,20,0.75,personal_vote
premier_presidential,polarized,125,20,0.85,personal_vote
premier_presidential,polarized,126,20,0.8,personal_vote
premier_presidential,polarized,127,20,0.75,personal_vote
premier_presidential,polarized,128,20,0.8,personal_vote
premier_presidential,polarized,129,20,0.85,personal_vote
premier_presidential,polarized,130,20,0.9,personal_vote
premier_presidential,polarized,131,20,0.75,personal_vote
premier_presidential,polarized,132,20,0.65,personal_vote
premier_presidential,polarized,133,20,0.8,personal_vote
premier_presidential,polarized,134,20,0.85,personal_vote
premier_presidential,polarized,135,20,0.65,personal_vote
premier_presidential,polarized,136,20,0.65,personal_vote
premier_presidential,polarized,137,20,0.65,personal_vote
premier_presidential,polarized,138,20,0.8,personal_vote
premier_presidential,polarized,139,20,0.7,personal_vote
premier_presidential,polarized,140,20,0.75,personal_vote
premier_presidential,polarized,141,20,0.65,personal_vote
premier_presidential,polarized,142,20,0.95,personal_vote
premier_presidential,polarized,143,20,0.65,personal_vote
premier_presidential,polarized,144,20,0.75,personal_vote
premier_presidential,polarized,145,20,0.8,personal_vote
premier_presidential,polarized,146,20,0.65,personal_vote
premier_presidential,polarized,147,20,0.7,personal_vote
premier_presidential,polarized,148,20,0.7,personal_vote
premier_presidential,polarized,149,20,0.85,personal_vote
premier_presidential,polarized,150,20,0.85,personal_vote
premier_presidential,polarized,151,20,0.8,personal_vote
premier_presidential,polarized,152,20,0.75,personal_vote
premier_presidential,polarized,153,20,0.7,personal_vote
premier_presidential,polarized,154,20,0.55,personal_vote
premier_presidential,polarized,155,20,0.55,personal_vote
premier_presidential,polarized,156,20,0.75,personal_vote
premier_presidential,polarized,157,20,0.65,personal_vote
premier_presidential,polarized,158,20,0.8,personal_vote
premier_presidential,polarized,159,20,0.8,personal_vote
premier_presidential,polarized,160,20,0.75,personal_vote
premier_presidential,polarized,161,20,0.65,personal_vote
premier_presidential,polarized,162,20,0.7,personal_vote
premier_presidential,polarized,163,20,0.9,personal_vote
premier_presidential,polarized,164,20,0.6,personal_vote
premier_presidential,polarized,165,20,0.7,personal_vote
premier_presidential,polarized,166,20,0.85,personal_vote
premier_presidential,polarized,167,20,0.7,personal_vote
premier_presidential,polarized,168,20,0.6,personal_vote
premier_presidential,polarized,169,20,0.9,personal_vote
premier_presidential,polarized,170,20,0.75,personal_vote
premier_presidential,polarized,171,20,0.75,personal_vote
premier_presidential,polarized,172,20,0.5,personal_vote
premier_presidential,polarized,173,20,0.65,personal_vote
premier_presidential,polarized,174,20,0.8,personal_vote
premier_presidential,polarized,175,20,0.8,personal_vote
premier_presidential,polarized,176,20,0.7,personal_vote
premier_presidential,polarized,177,20,0.7,personal_vote
premier_presidential,polarized,178,20,0.75,personal_vote
premier_presidential,polarized,179,20,0.65,personal_vote
premier_presidential,polarized,180,20,0.75,personal_vote
premier_presidential,polarized,181,20,0.8,personal_vote
premier_presidential,polarized,182,20,0.7,personal_vote
premier_presidential,polarized,183,20,0.85,personal_vote
premier_presidential,polarized,184,20,0.75,personal_vote
premier_presidential,polarized,185,20,0.65,personal_vote
premier_presidential,polarized,186,20,0.55,personal_vote
premier_presidential,polarized,187,20,0.75,personal_vote
premier_presidential,polarized,188,20,0.7,personal_vote
premier_presidential,polarized,189,20,0.8,personal_vote
premier_presidential,polarized,190,20,0.7,personal_vote
premier_presidential,polarized,191,20,0.5,personal_vote
premier_presidential,polarized,192,20,0.65,personal_vote
premier_presidential,polarized,193,20,0.75,personal_vote
premier_presidential,polarized,194,20,0.7,personal_vote
premier_presidential,polarized,195,20,0.6,personal_vote
premier_presidential,polarized,196,20,0.8,personal_vote
premier_presidential,polarized,197,20,0.75,personal_vote
premier_presidential,polarized,198,20,0.75,personal_vote
premier_presidential,polarized,199,20,0.55,personal_vote
president_parliamentary,polarized,0,20,0.6,cohesive_obstruction
president_parliamentary,polarized,1,20,0.7,cohesive_obstruction
president_parliamentary,polarized,2,20,0.65,cohesive_obstruction
president_parliamentary,polarized,3,20,0.65,cohesive_obstruction
president_parliamentary,polarized,4,20,0.9,cohesive_obstruction
president_parliamentary,polarized,5,20,0.8,cohesive_obstruction
president_parliamentary,polarized,6,20,0.55,cohesive_obstruction
president_parliamentary,polarized,7,20,0.7,cohesive_obstruction
president_parliamentary,polarized,8,20,0.75,cohesive_obstruction
president_parliamentary,polarized,9,20,0.7,cohesive_obstruction
president_parliamentary,polarized,10,20,0.6,cohesive_obstruction
president_parliamentary,polarized,11,20,0.65,cohesive_obstruction
president_parliamentary,polarized,12,20,0.85,cohesive_obstruction
president_parliamentary,polarized,13,20,0.9,cohesive_obstruction
president_parliamentary,polarized,14,20,0.7,cohesive_obstruction
president_parliamentary,polarized,15,20,0.75,cohesive_obstruction
president_parliamentary,polarized,16,20,0.75,cohesive_obstruction
president_parliamentary,polarized,17,20,0.7,cohesive_obstruction
president_parliamentary,polarized,18,20,0.7,cohesive_obstruction
president_parliamentary,polarized,19,20,0.75,cohesive_obstruction
president_parliamentary,polarized,20,20,0.75,cohesive_obstruction
president_parliamentary,polarized,21,20,0.6,cohesive_obstruction
president_parliamentary,polarized,22,20,0.75,cohesive_obstruction
president_parliamentary,polarized,23,20,0.85,cohesive_obstruction
president_parliamentary,polarized,24,20,0.6,cohesive_obstruction
president_parliamentary,polarized,25,20,0.9,cohesive_obstruction
president_parliamentary,polarized,26,20,0.75,cohesive_obstruction
president_parliamentary,polarized,27,20,0.8,cohesive_obstruction
president_parliamentary,polarized,28,20,0.7,cohesive_obstruction
president_parliamentary,polarized,29,20,0.75,cohesive_obstruction
president_parliamentary,polarized,30,20,0.9,cohesive_obstruction
president_parliamentary,polarized,31,20,0.8,cohesive_obstruction
president_parliamentary,polarized,32,20,0.65,cohesive_obstruction
president_parliamentary,polarized,33,20,0.7,cohesive_obstruction
president_parliamentary,polarized,34,20,0.5,cohesive_obstruction
president_parliamentary,polarized,35,20,0.75,cohesive_obstruction
president_parliamentary,polarized,36,20,0.7,cohesive_obstruction
president_parliamentary,polarized,37,20,1.0,cohesive_obstruction
president_parliamentary,polarized,38,20,0.8,cohesive_obstruction
president_parliamentary,polarized,39,20,0.65,cohesive_obstruction
president_parliamentary,polarized,40,20,0.7,cohesive_obstruction
president_parliamentary,polarized,41,20,0.75,cohesive_obstruction
president_parliamentary,polarized,42,20,0.8,cohesive_obstruction
president_parliamentary,polarized,43,20,0.85,cohesive_obstruction
president_parliamentary,polarized,44,20,0.95,cohesive_obstruction
president_parliamentary,polarized,45,20,0.65,cohesive_obstruction
president_parliamentary,polarized,46,20,0.7,cohesive_obstruction
president_parliamentary,polarized,47,20,0.8,cohesive_obstruction
president_parliamentary,polarized,48,20,0.8,cohesive_obstruction
president_parliamentary,polarized,49,20,0.65,cohesive_obstruction
president_parliamentary,polarized,50,20,0.5,cohesive_obstruction
president_parliamentary,polarized,51,20,0.75,cohesive_obstruction
president_parliamentary,polarized,52,20,0.65,cohesive_obstruction
president_parliamentary,polarized,53,20,0.65,cohesive_obstruction
president_parliamentary,polarized,54,20,0.7,cohesive_obstruction
president_parliamentary,polarized,55,20,0.7,cohesive_obstruction
president_parliamentary,polarized,56,20,0.75,cohesive_obstruction
president_parliamentary,polarized,57,20,0.85,cohesive_obstruction
president_parliamentary,polarized,58,20,0.75,cohesive_obstruction
president_parliamentary,polarized,59,20,0.8,cohesive_obstruction
president_parliamentary,polarized,60,20,0.7,cohesive_obstruction
president_parliamentary,polarized,61,20,0.7,cohesive_obstruction
president_parliamentary,polarized,62,20,0.65,cohesive_obstruction
president_parliamentary,polarized,63,20,0.8,cohesive_obstruction
president_parliamentary,polarized,64,20,0.6,cohesive_obstruction
president_parliamentary,polarized,65,20,0.75,cohesive_obstruction
president_parliamentary,polarized,66,20,0.8,cohesive_obstruction
president_parliamentary,polarized,67,20,0.65,cohesive_obstruction
president_parliamentary,polarized,68,20,0.7,cohesive_obstruction
president_parliamentary,polarized,69,20,0.75,cohesive_obstruction
president_parliamentary,polarized,70,20,0.7,cohesive_obstruction
president_parliamentary,polarized,71,20,0.65,cohesive_obstruction
president_parliamentary,polarized,72,20,0.6,cohesive_obstruction
president_parliamentary,polarized,73,20,0.65,cohesive_obstruction
president_parliamentary,polarized,74,20,0.6,cohesive_obstruction
president_parliamentary,polarized,75,20,0.7,cohesive_obstruction
president_parliamentary,polarized,76,20,0.65,cohesive_obstruction
president_parliamentary,polarized,77,20,0.85,cohesive_obstruction
president_parliamentary,polarized,78,20,0.75,cohesive_obstruction
president_parliamentary,polarized,79,20,0.8,cohesive_obstruction
president_parliamentary,polarized,80,20,0.75,cohesive_obstruction
president_parliamentary,polarized,81,20,0.6,cohesive_obstruction
president_parliamentary,polarized,82,20,0.55,cohesive_obstruction
president_parliamentary,polarized,83,20,0.7,cohesive_obstruction
president_parliamentary,polarized,84,20,0.6,cohesive_obstruction
president_parliamentary,polarized,85,20,0.65,cohesive_obstruction
president_parliamentary,polarized,86,20,0.65,cohesive_obstruction
president_parliamentary,polarized,87,20,0.65,cohesive_obstruction
president_parliamentary,polarized,88,20,0.75,cohesive_obstruction
president_parliamentary,polarized,89,20,0.75,cohesive_obstruction
president_parliamentary,polarized,90,20,0.8,cohesive_obstruction
president_parliamentary,polarized,91,20,0.8,cohesive_obstruction
president_parliamentary,polarized,92,20,0.75,cohesive_obstruction
president_parliamentary,polarized,93,20,0.75,cohesive_obstruction
president_parliamentary,polarized,94,20,0.7,cohesive_obstruction
president_parliamentary,polarized,95,20,0.65,cohesive_obstruction
president_parliamentary,polarized,96,20,0.75,cohesive_obstruction
president_parliamentary,polarized,97,20,0.65,cohesive_obstruction
president_parliamentary,polarized,98,20,0.65,cohesive_obstruction
president_parliamentary,polarized,99,20,0.7,cohesive_obstruction
president_parliamentary,polarized,100,20,0.85,cohesive_obstruction
president_parliamentary,polarized,101,20,0.7,cohesive_obstruction
president_parliamentary,polarized,102,20,0.6,cohesive_obstruction
president_parliamentary,polarized,103,20,0.75,cohesive_obstruction
president_parliamentary,polarized,104,20,0.65,cohesive_obstruction
president_parliamentary,polarized,105,20,0.5,cohesive_obstruction
president_parliamentary,polarized,106,20,0.6,cohesive_obstruction
president_parliamentary,polarized,107,20,0.8,cohesive_obstruction
president_parliamentary,polarized,108,20,0.65,cohesive_obstruction
president_parliamentary,polarized,109,20,0.7,cohesive_obstruction
president_parliamentary,polarized,110,20,0.8,cohesive_obstruction
president_parliamentary,polarized,111,20,0.65,cohesive_obstruction
president_parliamentary,polarized,112,20,0.75,cohesive_obstruction
president_parliamentary,polarized,113,20,0.8,cohesive_obstruction
president_parliamentary,polarized,114,20,0.6,cohesive_obstruction
president_parliamentary,polarized,115,20,0.7,cohesive_obstruction
president_parliamentary,polarized,116,20,0.9,cohesive_obstruction
president_parliamentary,polarized,117,20,0.65,cohesive_obstruction
president_parliamentary,polarized,118,20,0.7,cohesive_obstruction
president_parliamentary,polarized,119,20,0.75,cohesive_obstruction
president_parliamentary,polarized,120,20,0.85,cohesive_obstruction
president_parliamentary,polarized,121,20,0.75,cohesive_obstruction
president_parliamentary,polarized,122,20,0.75,cohesive_obstruction
president_parliamentary,polarized,123,20,0.9,cohesive_obstruction
president_parliamentary,polarized,124,20,0.75,cohesive_obstruction
president_parliamentary,polarized,125,20,0.8,cohesive_obstruction
president_parliamentary,polarized,126,20,0.8,cohesive_obstruction
president_parliamentary,polarized,127,20,0.75,cohesive_obstruction
president_parliamentary,polarized,128,20,0.8,cohesive_obstruction
president_parliamentary,polarized,129,20,0.65,cohesive_obstruction
president_parliamentary,polarized,130,20,0.8,cohesive_obstruction
president_parliamentary,polarized,131,20,0.55,cohesive_obstruction
president_parliamentary,polarized,132,20,0.7,cohesive_obstruction
president_parliamentary,polarized,133,20,0.85,cohesive_obstruction
president_parliamentary,polarized,134,20,0.85,cohesive_obstruction
president_parliamentary,polarized,135,20,0.85,cohesive_obstruction
president_parliamentary,polarized,136,20,0.95,cohesive_obstruction
president_parliamentary,polarized,137,20,0.65,cohesive_obstruction
president_parliamentary,polarized,138,20,0.8,cohesive_obstruction
president_parliamentary,polarized,139,20,0.8,cohesive_obstruction
president_parliamentary,polarized,140,20,0.75,cohesive_obstruction
president_parliamentary,polarized,141,20,0.75,cohesive_obstruction
president_parliamentary,polarized,142,20,0.75,cohesive_obstruction
president_parliamentary,polarized,143,20,0.7,cohesive_obstruction
president_parliamentary,polarized,144,20,0.9,cohesive_obstruction
president_parliamentary,polarized,145,20,0.8,cohesive_obstruction
president_parliamentary,polarized,146,20,0.9,cohesive_obstruction
president_parliamentary,polarized,147,20,0.7,cohesive_obstruction
president_parliamentary,polarized,148,20,0.75,cohesive_obstruction
president_parliamentary,polarized,149,20,0.7,cohesive_obstruction
president_parliamentary,polarized,150,20,0.85,cohesive_obstruction
president_parliamentary,polarized,151,20,0.8,cohesive_obstruction
president_parliamentary,polarized,152,20,0.65,cohesive_obstruction
president_parliamentary,polarized,153,20,0.75,cohesive_obstruction
president_parliamentary,polarized,154,20,0.55,cohesive_obstruction
president_parliamentary,polarized,155,20,0.7,cohesive_obstruction
president_parliamentary,polarized,156,20,0.7,cohesive_obstruction
president_parliamentary,polarized,157,20,0.65,cohesive_obstruction
president_parliamentary,polarized,158,20,0.8,cohesive_obstruction
president_parliamentary,polarized,159,20,0.65,cohesive_obstruction
president_parliamentary,polarized,160,20,0.75,cohesive_obstruction
president_parliamentary,polarized,161,20,0.65,cohesive_obstruction
president_parliamentary,polarized,162,20,0.7,cohesive_obstruction
president_parliamentary,polarized,163,20,0.8,cohesive_obstruction
president_parliamentary,polarized,164,20,0.6,cohesive_obstruction
president_parliamentary,polarized,165,20,0.6,cohesive_obstruction
president_parliamentary,polarized,166,20,0.85,cohesive_obstruction
president_parliamentary,polarized,167,20,0.7,cohesive_obstruction
president_parliamentary,polarized,168,20,0.8,cohesive_obstruction
president_parliamentary,polarized,169,20,0.9,cohesive_obstruction
president_parliamentary,polarized,170,20,0.85,cohesive_obstruction
president_parliamentary,polarized,171,20,0.8,cohesive_obstruction
president_parliamentary,polarized,172,20,0.5,cohesive_obstruction
president_parliamentary,polarized,173,20,0.6,cohesive_obstruction
president_parliamentary,polarized,174,20,0.75,cohesive_obstruction
president_parliamentary,polarized,175,20,0.8,cohesive_obstruction
president_parliamentary,polarized,176,20,0.7,cohesive_obstruction
president_parliamentary,polarized,177,20,0.75,cohesive_obstruction
president_parliamentary,polarized,178,20,0.65,cohesive_obstruction
president_parliamentary,polarized,179,20,0.65,cohesive_obstruction
president_parliamentary,polarized,180,20,0.7,cohesive_obstruction
president_parliamentary,polarized,181,20,0.8,cohesive_obstruction
president_parliamentary,polarized,182,20,0.7,cohesive_obstruction
president_parliamentary,polarized,183,20,0.8,cohesive_obstruction
president_parliamentary,polarized,184,20,0.6,cohesive_obstruction
president_parliamentary,polarized,185,20,0.65,cohesive_obstruction
president_parliamentary,polarized,186,20,0.55,cohesive_obstruction
president_parliamentary,polarized,187,20,0.8,cohesive_obstruction
president_parliamentary,polarized,188,20,0.75,cohesive_obstruction
president_parliamentary,polarized,189,20,0.65,cohesive_obstruction
president_parliamentary,polarized,190,20,0.7,cohesive_obstruction
president_parliamentary,polarized,191,20,0.5,cohesive_obstruction
president_parliamentary,polarized,192,20,0.65,cohesive_obstruction
president_parliamentary,polarized,193,20,0.8,cohesive_obstruction
president_parliamentary,polarized,194,20,0.7,cohesive_obstruction
president_parliamentary,polarized,195,20,0.85,cohesive_obstruction
president_parliamentary,polarized,196,20,0.8,cohesive_obstruction
president_parliamentary,polarized,197,20,0.75,cohesive_obstruction
president_parliamentary,polarized,198,20,0.6,cohesive_obstruction
president_parliamentary,polarized,199,20,0.5,cohesive_obstruction
president_parliamentary,polarized,0,20,0.6,personal_vote
president_parliamentary,polarized,1,20,0.7,personal_vote
president_parliamentary,polarized,2,20,0.65,personal_vote
president_parliamentary,polarized,3,20,0.65,personal_vote
president_parliamentary,polarized,4,20,0.9,personal_vote
president_parliamentary,polarized,5,20,0.8,personal_vote
president_parliamentary,polarized,6,20,0.55,personal_vote
president_parliamentary,polarized,7,20,0.7,personal_vote
president_parliamentary,polarized,8,20,0.75,personal_vote
president_parliamentary,polarized,9,20,0.7,personal_vote
president_parliamentary,polarized,10,20,0.6,personal_vote
president_parliamentary,polarized,11,20,0.65,personal_vote
president_parliamentary,polarized,12,20,0.85,personal_vote
president_parliamentary,polarized,13,20,0.9,personal_vote
president_parliamentary,polarized,14,20,0.7,personal_vote
president_parliamentary,polarized,15,20,0.75,personal_vote
president_parliamentary,polarized,16,20,0.75,personal_vote
president_parliamentary,polarized,17,20,0.7,personal_vote
president_parliamentary,polarized,18,20,0.7,personal_vote
president_parliamentary,polarized,19,20,0.75,personal_vote
president_parliamentary,polarized,20,20,0.75,personal_vote
president_parliamentary,polarized,21,20,0.6,personal_vote
president_parliamentary,polarized,22,20,0.75,personal_vote
president_parliamentary,polarized,23,20,0.85,personal_vote
president_parliamentary,polarized,24,20,0.6,personal_vote
president_parliamentary,polarized,25,20,0.9,personal_vote
president_parliamentary,polarized,26,20,0.75,personal_vote
president_parliamentary,polarized,27,20,0.8,personal_vote
president_parliamentary,polarized,28,20,0.7,personal_vote
president_parliamentary,polarized,29,20,0.75,personal_vote
president_parliamentary,polarized,30,20,0.9,personal_vote
president_parliamentary,polarized,31,20,0.8,personal_vote
president_parliamentary,polarized,32,20,0.65,personal_vote
president_parliamentary,polarized,33,20,0.7,personal_vote
president_parliamentary,polarized,34,20,0.5,personal_vote
president_parliamentary,polarized,35,20,0.75,personal_vote
president_parliamentary,polarized,36,20,0.7,personal_vote
president_parliamentary,polarized,37,20,1.0,personal_vote
president_parliamentary,polarized,38,20,0.8,personal_vote
president_parliamentary,polarized,39,20,0.65,personal_vote
president_parliamentary,polarized,40,20,0.7,personal_vote
president_parliamentary,polarized,41,20,0.75,personal_vote
president_parliamentary,polarized,42,20,0.8,personal_vote
president_parliamentary,polarized,43,20,0.85,personal_vote
president_parliamentary,polarized,44,20,0.95,personal_vote
president_parliamentary,polarized,45,20,0.65,personal_vote
president_parliamentary,polarized,46,20,0.7,personal_vote
president_parliamentary,polarized,47,20,0.8,personal_vote
president_parliamentary,polarized,48,20,0.8,personal_vote
president_parliamentary,polarized,49,20,0.65,personal_vote
president_parliamentary,polarized,50,20,0.5,personal_vote
president_parliamentary,polarized,51,20,0.75,personal_vote
president_parliamentary,polarized,52,20,0.65,personal_vote
president_parliamentary,polarized,53,20,0.65,personal_vote
president_parliamentary,polarized,54,20,0.7,personal_vote
president_parliamentary,polarized,55,20,0.7,personal_vote
president_parliamentary,polarized,56,20,0.75,personal_vote
president_parliamentary,polarized,57,20,0.85,personal_vote
president_parliamentary,polarized,58,20,0.75,personal_vote
president_parliamentary,polarized,59,20,0.8,personal_vote
president_parliamentary,polarized,60,20,0.7,personal_vote
president_parliamentary,polarized,61,20,0.7,personal_vote
president_parliamentary,polarized,62,20,0.65,personal_vote
president_parliamentary,polarized,63,20,0.8,personal_vote
president_parliamentary,polarized,64,20,0.6,personal_vote
president_parliamentary,polarized,65,20,0.75,personal_vote
president_parliamentary,polarized,66,20,0.8,personal_vote
president_parliamentary,polarized,67,20,0.65,personal_vote
president_parliamentary,polarized,68,20,0.7,personal_vote
president_parliamentary,polarized,69,20,0.75,personal_vote
president_parliamentary,polarized,70,20,0.7,personal_vote
president_parliamentary,polarized,71,20,0.65,personal_vote
president_parliamentary,polarized,72,20,0.6,personal_vote
president_parliamentary,polarized,73,20,0.65,personal_vote
president_parliamentary,polarized,74,20,0.6,personal_vote
president_parliamentary,polarized,75,20,0.7,personal_vote
president_parliamentary,polarized,76,20,0.65,personal_vote
president_parliamentary,polarized,77,20,0.85,personal_vote
president_parliamentary,polarized,78,20,0.75,personal_vote
president_parliamentary,polarized,79,20,0.8,personal_vote
president_parliamentary,polarized,80,20,0.75,personal_vote
president_parliamentary,polarized,81,20,0.6,personal_vote
president_parliamentary,polarized,82,20,0.55,personal_vote
president_parliamentary,polarized,83,20,0.7,personal_vote
president_parliamentary,polarized,84,20,0.6,personal_vote
president_parliamentary,polarized,85,20,0.65,personal_vote
president_parliamentary,polarized,86,20,0.65,personal_vote
president_parliamentary,polarized,87,20,0.65,personal_vote
president_parliamentary,polarized,88,20,0.75,personal_vote
president_parliamentary,polarized,89,20,0.75,personal_vote
president_parliamentary,polarized,90,20,0.8,personal_vote
president_parliamentary,polarized,91,20,0.8,personal_vote
president_parliamentary,polarized,92,20,0.75,personal_vote
president_parliamentary,polarized,93,20,0.75,personal_vote
president_parliamentary,polarized,94,20,0.7,personal_vote
president_parliamentary,polarized,95,20,0.65,personal_vote
president_parliamentary,polarized,96,20,0.75,personal_vote
president_parliamentary,polarized,97,20,0.65,personal_vote
president_parliamentary,polarized,98,20,0.65,personal_vote
president_parliamentary,polarized,99,20,0.7,personal_vote
president_parliamentary,polarized,100,20,0.85,personal_vote
president_parliamentary,polarized,101,20,0.7,personal_vote
president_parliamentary,polarized,102,20,0.6,personal_vote
president_parliamentary,polarized,103,20,0.75,personal_vote
president_parliamentary,polarized,104,20,0.65,personal_vote
president_parliamentary,polarized,105,20,0.5,personal_vote
president_parliamentary,polarized,106,20,0.6,personal_vote
president_parliamentary,polarized,107,20,0.8,personal_vote
president_parliamentary,polarized,108,20,0.65,personal_vote
president_parliamentary,polarized,109,20,0.7,personal_vote
president_parliamentary,polarized,110,20,0.8,personal_vote
president_parliamentary,polarized,111,20,0.65,personal_vote
president_parliamentary,polarized,112,20,0.75,personal_vote
president_parliamentary,polarized,113,20,0.8,personal_vote
president_parliamentary,polarized,114,20,0.6,personal_vote
president_parliamentary,polarized,115,20,0.7,personal_vote
president_parliamentary,polarized,116,20,0.9,personal_vote
president_parliamentary,polarized,117,20,0.65,personal_vote
president_parliamentary,polarized,118,20,0.7,personal_vote
president_parliamentary,polarized,119,20,0.75,personal_vote
president_parliamentary,polarized,120,20,0.85,personal_vote
president_parliamentary,polarized,121,20,0.75,personal_vote
president_parliamentary,polarized,122,20,0.75,personal_vote
president_parliamentary,polarized,123,20,0.9,personal_vote
president_parliamentary,polarized,124,20,0.75,personal_vote
president_parliamentary,polarized,125,20,0.8,personal_vote
president_parliamentary,polarized,126,20,0.8,personal_vote
president_parliamentary,polarized,127,20,0.75,personal_vote
president_parliamentary,polarized,128,20,0.8,personal_vote
president_parliamentary,polarized,129,20,0.65,personal_vote
president_parliamentary,polarized,130,20,0.8,personal_vote
president_parliamentary,polarized,131,20,0.55,personal_vote
president_parliamentary,polarized,132,20,0.7,personal_vote
president_parliamentary,polarized,133,20,0.85,personal_vote
president_parliamentary,polarized,134,20,0.85,personal_vote
president_parliamentary,polarized,135,20,0.85,personal_vote
president_parliamentary,polarized,136,20,0.95,personal_vote
president_parliamentary,polarized,137,20,0.65,personal_vote
president_parliamentary,polarized,138,20,0.8,personal_vote
president_parliamentary,polarized,139,20,0.8,personal_vote
president_parliamentary,polarized,140,20,0.75,personal_vote
president_parliamentary,polarized,141,20,0.75,personal_vote
president_parliamentary,polarized,142,20,0.75,personal_vote
president_parliamentary,polarized,143,20,0.7,personal_vote
president_parliamentary,polarized,144,20,0.9,personal_vote
president_parliamentary,polarized,145,20,0.8,personal_vote
president_parliamentary,polarized,146,20,0.9,personal_vote
president_parliamentary,polarized,147,20,0.7,personal_vote
president_parliamentary,polarized,148,20,0.75,personal_vote
president_parliamentary,polarized,149,20,0.7,personal_vote
president_parliamentary,polarized,150,20,0.85,personal_vote
president_parliamentary,polarized,151,20,0.8,personal_vote
president_parliamentary,polarized,152,20,0.65,personal_vote
president_parliamentary,polarized,153,20,0.75,personal_vote
president_parliamentary,polarized,154,20,0.55,personal_vote
president_parliamentary,polarized,155,20,0.7,personal_vote
president_parliamentary,polarized,156,20,0.7,personal_vote
president_parliamentary,polarized,157,20,0.65,personal_vote
president_parliamentary,polarized,158,20,0.8,personal_vote
president_parliamentary,polarized,159,20,0.65,personal_vote
president_parliamentary,polarized,160,20,0.75,personal_vote
president_parliamentary,polarized,161,20,0.65,personal_vote
president_parliamentary,polarized,162,20,0.7,personal_vote
president_parliamentary,polarized,163,20,0.8,personal_vote
president_parliamentary,polarized,164,20,0.6,personal_vote
president_parliamentary,polarized,165,20,0.6,personal_vote
president_parliamentary,polarized,166,20,0.85,personal_vote
president_parliamentary,polarized,167,20,0.7,personal_vote
president_parliamentary,polarized,168,20,0.8,personal_vote
president_parliamentary,polarized,169,20,0.9,personal_vote
president_parliamentary,polarized,170,20,0.85,personal_vote
president_parliamentary,polarized,171,20,0.8,personal_vote
president_parliamentary,polarized,172,20,0.5,personal_vote
president_parliamentary,polarized,173,20,0.6,personal_vote
president_parliamentary,polarized,174,20,0.75,personal_vote
president_parliamentary,polarized,175,20,0.8,personal_vote
president_parliamentary,polarized,176,20,0.7,personal_vote
president_parliamentary,polarized,177,20,0.75,personal_vote
president_parliamentary,polarized,178,20,0.65,personal_vote
president_parliamentary,polarized,179,20,0.65,personal_vote
president_parliamentary,polarized,180,20,0.7,personal_vote
president_parliamentary,polarized,181,20,0.8,personal_vote
president_parliamentary,polarized,182,20,0.7,personal_vote
president_parliamentary,polarized,183,20,0.8,personal_vote
president_parliamentary,polarized,184,20,0.6,personal_vote
president_parliamentary,polarized,185,20,0.65,personal_vote
president_parliamentary,polarized,186,20,0.55,personal_vote
president_parliamentary,polarized,187,20,0.8,personal_vote
president_parliamentary,polarized,188,20,0.75,personal_vote
president_parliamentary,polarized,189,20,0.65,personal_vote
president_parliamentary,polarized,190,20,0.7,personal_vote
president_parliamentary,polarized,191,20,0.5,personal_vote
president_parliamentary,polarized,192,20,0.65,personal_vote
president_parliamentary,polarized,193,20,0.8,personal_vote
president_parliamentary,polarized,194,20,0.7,personal_vote
president_parliamentary,polarized,195,20,0.85,personal_vote
president_parliamentary,polarized,196,20,0.8,personal_vote
president_parliamentary,polarized,197,20,0.75,personal_vote
president_parliamentary,polarized,198,20,0.6,personal_vote
president_parliamentary,polarized,199,20,0.5,personal_vote
parliamentary,small_system,0,15,0.8666666666666667,cohesive_obstruction
parliamentary,small_system,1,15,0.6,cohesive_obstruction
parliamentary,small_system,2,15,0.7333333333333333,cohesive_obstruction
parliamentary,small_system,3,15,0.6666666666666666,cohesive_obstruction
parliamentary,small_system,4,15,0.8,cohesive_obstruction
parliamentary,small_system,5,15,0.6,cohesive_obstruction
parliamentary,small_system,6,15,0.7333333333333333,cohesive_obstruction
parliamentary,small_system,7,15,0.7333333333333333,cohesive_obstruction
parliamentary,small_system,8,15,0.7333333333333333,cohesive_obstruction
parliamentary,small_system,9,15,0.6666666666666666,cohesive_obstruction
parliamentary,small_system,10,15,0.9333333333333333,cohesive_obstruction
parliamentary,small_system,11,15,0.8666666666666667,cohesive_obstruction
parliamentary,small_system,12,15,0.8,cohesive_obstruction
parliamentary,small_system,13,15,0.8,cohesive_obstruction
parliamentary,small_system,14,15,0.8,cohesive_obstruction
parliamentary,small_system,15,15,0.6666666666666666,cohesive_obstruction
parliamentary,small_system,16,15,0.8666666666666667,cohesive_obstruction
parliamentary,small_system,17,15,0.9333333333333333,cohesive_obstruction
parliamentary,small_system,18,15,0.8666666666666667,cohesive_obstruction
parliamentary,small_system,19,15,0.7333333333333333,cohesive_obstruction
parliamentary,small_system,20,15,0.7333333333333333,cohesive_obstruction
parliamentary,small_system,21,15,0.7333333333333333,cohesive_obstruction
parliamentary,small_system,22,15,0.4666666666666667,cohesive_obstruction
parliamentary,small_system,23,15,0.8666666666666667,cohesive_obstruction
parliamentary,small_system,24,15,0.9333333333333333,cohesive_obstruction
parliamentary,small_system,25,15,0.7333333333333333,cohesive_obstruction
parliamentary,small_system,26,15,1.0,cohesive_obstruction
parliamentary,small_system,27,15,0.7333333333333333,cohesive_obstruction
parliamentary,small_system,28,15,0.5333333333333333,cohesive_obstruction
parliamentary,small_system,29,15,0.6666666666666666,cohesive_obstruction
parliamentary,small_system,30,15,0.8666666666666667,cohesive_obstruction
parliamentary,small_system,31,15,0.6,cohesive_obstruction
parliamentary,small_system,32,15,0.8,cohesive_obstruction
parliamentary,small_system,33,15,0.7333333333333333,cohesive_obstruction
parliamentary,small_system,34,15,0.8666666666666667,cohesive_obstruction
parliamentary,small_system,35,15,0.8,cohesive_obstruction
parliamentary,small_system,36,15,0.5333333333333333,cohesive_obstruction
parliamentary,small_system,37,15,0.7333333333333333,cohesive_obstruction
parliamentary,small_system,38,15,0.8666666666666667,cohesive_obstruction
parliamentary,small_system,39,15,0.6666666666666666,cohesive_obstruction
parliamentary,small_system,40,15,0.8,cohesive_obstruction
parliamentary,small_system,41,15,0.8666666666666667,cohesive_obstruction
parliamentary,small_system,42,15,0.7333333333333333,cohesive_obstruction
parliamentary,small_system,43,15,0.7333333333333333,cohesive_obstruction
parliamentary,small_system,44,15,0.7333333333333333,cohesive_obstruction
parliamentary,small_system,45,15,0.8666666666666667,cohesive_obstruction
parliamentary,small_system,46,15,0.8,cohesive_obstruction
parliamentary,small_system,47,15,0.8,cohesive_obstruction
parliamentary,small_system,48,15,0.7333333333333333,cohesive_obstruction
parliamentary,small_system,49,15,0.8666666666666667,cohesive_obstruction
parliamentary,small_system,50,15,0.9333333333333333,cohesive_obstruction
parliamentary,small_system,51,15,0.9333333333333333,cohesive_obstruction
parliamentary,small_system,52,15,0.8,cohesive_obstruction
parliamentary,small_system,53,15,0.8666666666666667,cohesive_obstruction
parliamentary,small_system,54,15,0.8666666666666667,cohesive_obstruction
parliamentary,small_system,55,15,0.9333333333333333,cohesive_obstruction
parliamentary,small_system,56,15,0.8666666666666667,cohesive_obstruction
parliamentary,small_system,57,15,1.0,cohesive_obstruction
parliamentary,small_system,58,15,0.6666666666666666,cohesive_obstruction
parliamentary,small_system,59,15,0.6666666666666666,cohesive_obstruction
parliamentary,small_system,60,15,0.6666666666666666,cohesive_obstruction
parliamentary,small_system,61,15,0.7333333333333333,cohesive_obstruction
parliamentary,small_system,62,15,0.8,cohesive_obstruction
parliamentary,small_system,63,15,0.7333333333333333,cohesive_obstruction
parliamentary,small_system,64,15,0.8,cohesive_obstruction
parliamentary,small_system,65,15,0.6,cohesive_obstruction
parliamentary,small_system,66,15,1.0,cohesive_obstruction
parliamentary,small_system,67,15,0.8666666666666667,cohesive_obstruction
parliamentary,small_system,68,15,0.7333333333333333,cohesive_obstruction
parliamentary,small_system,69,15,0.8666666666666667,cohesive_obstruction
parliamentary,small_system,70,15,0.6666666666666666,cohesive_obstruction
parliamentary,small_system,71,15,0.6666666666666666,cohesive_obstruction
parliamentary,small_system,72,15,0.8,cohesive_obstruction
parliamentary,small_system,73,15,0.8666666666666667,cohesive_obstruction
parliamentary,small_system,74,15,0.7333333333333333,cohesive_obstruction
parliamentary,small_system,75,15,0.6666666666666666,cohesive_obstruction
parliamentary,small_system,76,15,0.6,cohesive_obstruction
parliamentary,small_system,77,15,0.8666666666666667,cohesive_obstruction
parliamentary,small_system,78,15,0.8666666666666667,cohesive_obstruction
parliamentary,small_system,79,15,0.9333333333333333,cohesive_obstruction
parliamentary,small_system,80,15,0.9333333333333333,cohesive_obstruction
parliamentary,small_system,81,15,0.8666666666666667,cohesive_obstruction
parliamentary,small_system,82,15,0.8666666666666667,cohesive_obstruction
parliamentary,small_system,83,15,0.9333333333333333,cohesive_obstruction
parliamentary,small_system,84,15,0.8,cohesive_obstruction
parliamentary,small_system,85,15,0.6,cohesive_obstruction
parliamentary,small_system,86,15,0.8666666666666667,cohesive_obstruction
parliamentary,small_system,87,15,0.8,cohesive_obstruction
parliamentary,small_system,88,15,0.8666666666666667,cohesive_obstruction
parliamentary,small_system,89,15,0.8666666666666667,cohesive_obstruction
parliamentary,small_system,90,15,0.8,cohesive_obstruction
parliamentary,small_system,91,15,0.8666666666666667,cohesive_obstruction
parliamentary,small_system,92,15,0.8,cohesive_obstruction
parliamentary,small_system,93,15,0.7333333333333333,cohesive_obstruction
parliamentary,small_system,94,15,0.8,cohesive_obstruction
parliamentary,small_system,95,15,0.7333333333333333,cohesive_obstruction
parliamentary,small_system,96,15,0.8,cohesive_obstruction
parliamentary,small_system,97,15,0.6,cohesive_obstruction
parliamentary,small_system,98,15,0.6,cohesive_obstruction
parliamentary,small_system,99,15,0.8,cohesive_obstruction
parliamentary,small_system,100,15,0.8,cohesive_obstruction
parliamentary,small_system,101,15,0.8,cohesive_obstruction
parliamentary,small_system,102,15,0.8666666666666667,cohesive_obstruction
parliamentary,small_system,103,15,0.9333333333333333,cohesive_obstruction
parliamentary,small_system,104,15,0.8,cohesive_obstruction
parliamentary,small_system,105,15,0.6666666666666666,cohesive_obstruction
parliamentary,small_system,106,15,0.7333333333333333,cohesive_obstruction
parliamentary,small_system,107,15,0.8666666666666667,cohesive_obstruction
parliamentary,small_system,108,15,0.6666666666666666,cohesive_obstruction
parliamentary,small_system,109,15,0.7333333333333333,cohesive_obstruction
parliamentary,small_system,110,15,0.8,cohesive_obstruction
parliamentary,small_system,111,15,0.8666666666666667,cohesive_obstruction
parliamentary,small_system,112,15,0.8,cohesive_obstruction
parliamentary,small_system,113,15,0.8666666666666667,cohesive_obstruction
parliamentary,small_system,114,15,0.7333333333333333,cohesive_obstruction
parliamentary,small_system,115,15,0.7333333333333333,cohesive_obstruction
parliamentary,small_system,116,15,0.8,cohesive_obstruction
parliamentary,small_system,117,15,0.8666666666666667,cohesive_obstruction
parliamentary,small_system,118,15,0.9333333333333333,cohesive_obstruction
parliamentary,small_system,119,15,0.8,cohesive_obstruction
parliamentary,small_system,120,15,0.7333333333333333,cohesive_obstruction
parliamentary,small_system,121,15,0.8666666666666667,cohesive_obstruction
parliamentary,small_system,122,15,0.8,cohesive_obstruction
parliamentary,small_system,123,15,0.9333333333333333,cohesive_obstruction
parliamentary,small_system,124,15,0.8,cohesive_obstruction
parliamentary,small_system,125,15,0.9333333333333333,cohesive_obstruction
parliamentary,small_system,126,15,0.8,cohesive_obstruction
parliamentary,small_system,127,15,0.9333333333333333,cohesive_obstruction
parliamentary,small_system,128,15,0.8,cohesive_obstruction
parliamentary,small_system,129,15,0.8,cohesive_obstruction
parliamentary,small_system,130,15,0.8,cohesive_obstruction
parliamentary,small_system,131,15,1.0,cohesive_obstruction
parliamentary,small_system,132,15,0.6666666666666666,cohesive_obstruction
parliamentary,small_system,133,15,0.8,cohesive_obstruction
parliamentary,small_system,134,15,0.8666666666666667,cohesive_obstruction
parliamentary,small_system,135,15,0.8,cohesive_obstruction
parliamentary,small_system,136,15,0.9333333333333333,cohesive_obstruction
parliamentary,small_system,137,15,0.9333333333333333,cohesive_obstruction
parliamentary,small_system,138,15,0.9333333333333333,cohesive_obstruction
parliamentary,small_system,139,15,0.9333333333333333,cohesive_obstruction
parliamentary,small_system,140,15,0.8,cohesive_obstruction
parliamentary,small_system,141,15,0.8,cohesive_obstruction
parliamentary,small_system,142,15,1.0,cohesive_obstruction
parliamentary,small_system,143,15,0.6666666666666666,cohesive_obstruction
parliamentary,small_system,144,15,0.8,cohesive_obstruction
parliamentary,small_system,145,15,0.6666666666666666,cohesive_obstruction
parliamentary,small_system,146,15,0.8666666666666667,cohesive_obstruction
parliamentary,small_system,147,15,0.8,cohesive_obstruction
parliamentary,small_system,148,15,0.7333333333333333,cohesive_obstruction
parliamentary,small_system,149,15,0.9333333333333333,cohesive_obstruction
parliamentary,small_system,150,15,0.8666666666666667,cohesive_obstruction
parliamentary,small_system,151,15,0.7333333333333333,cohesive_obstruction
parliamentary,small_system,152,15,0.8,cohesive_obstruction
parliamentary,small_system,153,15,0.6,cohesive_obstruction
parliamentary,small_system,154,15,0.8,cohesive_obstruction
parliamentary,small_system,155,15,0.9333333333333333,cohesive_obstruction
parliamentary,small_system,156,15,0.8666666666666667,cohesive_obstruction
parliamentary,small_system,157,15,0.8666666666666667,cohesive_obstruction
parliamentary,small_system,158,15,0.6,cohesive_obstruction
parliamentary,small_system,159,15,0.9333333333333333,cohesive_obstruction
parliamentary,small_system,160,15,0.8,cohesive_obstruction
parliamentary,small_system,161,15,0.6,cohesive_obstruction
parliamentary,small_system,162,15,0.6666666666666666,cohesive_obstruction
parliamentary,small_system,163,15,0.6,cohesive_obstruction
parliamentary,small_system,164,15,0.8666666666666667,cohesive_obstruction
parliamentary,small_system,165,15,0.7333333333333333,cohesive_obstruction
parliamentary,small_system,166,15,0.8666666666666667,cohesive_obstruction
parliamentary,small_system,167,15,0.7333333333333333,cohesive_obstruction
parliamentary,small_system,168,15,0.8,cohesive_obstruction
parliamentary,small_system,169,15,0.8666666666666667,cohesive_obstruction
parliamentary,small_system,170,15,0.7333333333333333,cohesive_obstruction
parliamentary,small_system,171,15,0.6666666666666666,cohesive_obstruction
parliamentary,small_system,172,15,0.8,cohesive_obstruction
parliamentary,small_system,173,15,0.7333333333333333,cohesive_obstruction
parliamentary,small_system,174,15,0.8666666666666667,cohesive_obstruction
parliamentary,small_system,175,15,0.8,cohesive_obstruction
parliamentary,small_system,176,15,0.8,cohesive_obstruction
parliamentary,small_system,177,15,0.7333333333333333,cohesive_obstruction
parliamentary,small_system,178,15,0.8,cohesive_obstruction
parliamentary,small_system,179,15,0.7333333333333333,cohesive_obstruction
parliamentary,small_system,180,15,0.8666666666666667,cohesive_obstruction
parliamentary,small_system,181,15,0.8,cohesive_obstruction
parliamentary,small_system,182,15,0.6666666666666666,cohesive_obstruction
parliamentary,small_system,183,15,0.8,cohesive_obstruction
parliamentary,small_system,184,15,0.8,cohesive_obstruction
parliamentary,small_system,185,15,0.4666666666666667,cohesive_obstruction
parliamentary,small_system,186,15,0.6666666666666666,cohesive_obstruction
parliamentary,small_system,187,15,0.8,cohesive_obstruction
parliamentary,small_system,188,15,0.8666666666666667,cohesive_obstruction
parliamentary,small_system,189,15,0.8666666666666667,cohesive_obstruction
parliamentary,small_system,190,15,0.9333333333333333,cohesive_obstruction
parliamentary,small_system,191,15,0.7333333333333333,cohesive_obstruction
parliamentary,small_system,192,15,0.8666666666666667,cohesive_obstruction
parliamentary,small_system,193,15,0.8666666666666667,cohesive_obstruction
parliamentary,small_system,194,15,0.8666666666666667,cohesive_obstruction
parliamentary,small_system,195,15,0.6666666666666666,cohesive_obstruction
parliamentary,small_system,196,15,0.7333333333333333,cohesive_obstruction
parliamentary,small_system,197,15,0.8,cohesive_obstruction
parliamentary,small_system,198,15,0.8666666666666667,cohesive_obstruction
parliamentary,small_system,199,15,1.0,cohesive_obstruction
parliamentary,small_system,0,15,0.8666666666666667,personal_vote
parliamentary,small_system,1,15,0.6,personal_vote
parliamentary,small_system,2,15,0.7333333333333333,personal_vote
parliamentary,small_system,3,15,0.6666666666666666,personal_vote
parliamentary,small_system,4,15,0.8,personal_vote
parliamentary,small_system,5,15,0.6,personal_vote
parliamentary,small_system,6,15,0.7333333333333333,personal_vote
parliamentary,small_system,7,15,0.7333333333333333,personal_vote
parliamentary,small_system,8,15,0.7333333333333333,personal_vote
parliamentary,small_system,9,15,0.6666666666666666,personal_vote
parliamentary,small_system,10,15,0.9333333333333333,personal_vote
parliamentary,small_system,11,15,0.8666666666666667,personal_vote
parliamentary,small_system,12,15,0.8,personal_vote
parliamentary,small_system,13,15,0.8,personal_vote
parliamentary,small_system,14,15,0.8,personal_vote
parliamentary,small_system,15,15,0.6666666666666666,personal_vote
parliamentary,small_system,16,15,0.8666666666666667,personal_vote
parliamentary,small_system,17,15,0.9333333333333333,personal_vote
parliamentary,small_system,18,15,0.8666666666666667,personal_vote
parliamentary,small_system,19,15,0.7333333333333333,personal_vote
parliamentary,small_system,20,15,0.7333333333333333,personal_vote
parliamentary,small_system,21,15,0.7333333333333333,personal_vote
parliamentary,small_system,22,15,0.4666666666666667,personal_vote
parliamentary,small_system,23,15,0.8666666666666667,personal_vote
parliamentary,small_system,24,15,0.9333333333333333,personal_vote
parliamentary,small_system,25,15,0.7333333333333333,personal_vote
parliamentary,small_system,26,15,1.0,personal_vote
parliamentary,small_system,27,15,0.7333333333333333,personal_vote
parliamentary,small_system,28,15,0.5333333333333333,personal_vote
parliamentary,small_system,29,15,0.6666666666666666,personal_vote
parliamentary,small_system,30,15,0.8666666666666667,personal_vote
parliamentary,small_system,31,15,0.6,personal_vote
parliamentary,small_system,32,15,0.8,personal_vote
parliamentary,small_system,33,15,0.7333333333333333,personal_vote
parliamentary,small_system,34,15,0.8666666666666667,personal_vote
parliamentary,small_system,35,15,0.8,personal_vote
parliamentary,small_system,36,15,0.5333333333333333,personal_vote
parliamentary,small_system,37,15,0.7333333333333333,personal_vote
parliamentary,small_system,38,15,0.8666666666666667,personal_vote
parliamentary,small_system,39,15,0.6666666666666666,personal_vote
parliamentary,small_system,40,15,0.8,personal_vote
parliamentary,small_system,41,15,0.8666666666666667,personal_vote
parliamentary,small_system,42,15,0.7333333333333333,personal_vote
parliamentary,small_system,43,15,0.7333333333333333,personal_vote
parliamentary,small_system,44,15,0.7333333333333333,personal_vote
parliamentary,small_system,45,15,0.8666666666666667,personal_vote
parliamentary,small_system,46,15,0.8,personal_vote
parliamentary,small_system,47,15,0.8,personal_vote
parliamentary,small_system,48,15,0.7333333333333333,personal_vote
parliamentary,small_system,49,15,0.8666666666666667,personal_vote
parliamentary,small_system,50,15,0.9333333333333333,personal_vote
parliamentary,small_system,51,15,0.9333333333333333,personal_vote
parliamentary,small_system,52,15,0.8,personal_vote
parliamentary,small_system,53,15,0.8666666666666667,personal_vote
parliamentary,small_system,54,15,0.8666666666666667,personal_vote
parliamentary,small_system,55,15,0.9333333333333333,personal_vote
parliamentary,small_system,56,15,0.8666666666666667,personal_vote
parliamentary,small_system,57,15,1.0,personal_vote
parliamentary,small_system,58,15,0.6666666666666666,personal_vote
parliamentary,small_system,59,15,0.6666666666666666,personal_vote
parliamentary,small_system,60,15,0.6666666666666666,personal_vote
parliamentary,small_system,61,15,0.7333333333333333,personal_vote
parliamentary,small_system,62,15,0.8,personal_vote
parliamentary,small_system,63,15,0.7333333333333333,personal_vote
parliamentary,small_system,64,15,0.8,personal_vote
parliamentary,small_system,65,15,0.6,personal_vote
parliamentary,small_system,66,15,1.0,personal_vote
parliamentary,small_system,67,15,0.8666666666666667,personal_vote
parliamentary,small_system,68,15,0.7333333333333333,personal_vote
parliamentary,small_system,69,15,0.8666666666666667,personal_vote
parliamentary,small_system,70,15,0.6666666666666666,personal_vote
parliamentary,small_system,71,15,0.6666666666666666,personal_vote
parliamentary,small_system,72,15,0.8,personal_vote
parliamentary,small_system,73,15,0.8666666666666667,personal_vote
parliamentary,small_system,74,15,0.7333333333333333,personal_vote
parliamentary,small_system,75,15,0.6666666666666666,personal_vote
parliamentary,small_system,76,15,0.6,personal_vote
parliamentary,small_system,77,15,0.8666666666666667,personal_vote
parliamentary,small_system,78,15,0.8666666666666667,personal_vote
parliamentary,small_system,79,15,0.9333333333333333,personal_vote
parliamentary,small_system,80,15,0.9333333333333333,personal_vote
parliamentary,small_system,81,15,0.8666666666666667,personal_vote
parliamentary,small_system,82,15,0.8666666666666667,personal_vote
parliamentary,small_system,83,15,0.9333333333333333,personal_vote
parliamentary,small_system,84,15,0.8,personal_vote
parliamentary,small_system,85,15,0.6,personal_vote
parliamentary,small_system,86,15,0.8666666666666667,personal_vote
parliamentary,small_system,87,15,0.8,personal_vote
parliamentary,small_system,88,15,0.8666666666666667,personal_vote
parliamentary,small_system,89,15,0.8666666666666667,personal_vote
parliamentary,small_system,90,15,0.8,personal_vote
parliamentary,small_system,91,15,0.8666666666666667,personal_vote
parliamentary,small_system,92,15,0.8,personal_vote
parliamentary,small_system,93,15,0.7333333333333333,personal_vote
parliamentary,small_system,94,15,0.8,personal_vote
parliamentary,small_system,95,15,0.7333333333333333,personal_vote
parliamentary,small_system,96,15,0.8,personal_vote
parliamentary,small_system,97,15,0.6,personal_vote
parliamentary,small_system,98,15,0.6,personal_vote
parliamentary,small_system,99,15,0.8,personal_vote
parliamentary,small_system,100,15,0.8,personal_vote
parliamentary,small_system,101,15,0.8,personal_vote
parliamentary,small_system,102,15,0.8666666666666667,personal_vote
parliamentary,small_system,103,15,0.9333333333333333,personal_vote
parliamentary,small_system,104,15,0.8,personal_vote
parliamentary,small_system,105,15,0.6666666666666666,personal_vote
parliamentary,small_system,106,15,0.7333333333333333,personal_vote
parliamentary,small_system,107,15,0.8666666666666667,personal_vote
parliamentary,small_system,108,15,0.6666666666666666,personal_vote
parliamentary,small_system,109,15,0.7333333333333333,personal_vote
parliamentary,small_system,110,15,0.8,personal_vote
parliamentary,small_system,111,15,0.8666666666666667,personal_vote
parliamentary,small_system,112,15,0.8,personal_vote
parliamentary,small_system,113,15,0.8666666666666667,personal_vote
parliamentary,small_system,114,15,0.7333333333333333,personal_vote
parliamentary,small_system,115,15,0.7333333333333333,personal_vote
parliamentary,small_system,116,15,0.8,personal_vote
parliamentary,small_system,117,15,0.8666666666666667,personal_vote
parliamentary,small_system,118,15,0.9333333333333333,personal_vote
parliamentary,small_system,119,15,0.8,personal_vote
parliamentary,small_system,120,15,0.7333333333333333,personal_vote
parliamentary,small_system,121,15,0.8666666666666667,personal_vote
parliamentary,small_system,122,15,0.8,personal_vote
parliamentary,small_system,123,15,0.9333333333333333,personal_vote
parliamentary,small_system,124,15,0.8,personal_vote
parliamentary,small_system,125,15,0.9333333333333333,personal_vote
parliamentary,small_system,126,15,0.8,personal_vote
parliamentary,small_system,127,15,0.9333333333333333,personal_vote
parliamentary,small_system,128,15,0.8,personal_vote
parliamentary,small_system,129,15,0.8,personal_vote
parliamentary,small_system,130,15,0.8,personal_vote
parliamentary,small_system,131,15,1.0,personal_vote
parliamentary,small_system,132,15,0.6666666666666666,personal_vote
parliamentary,small_system,133,15,0.8,personal_vote
parliamentary,small_system,134,15,0.8666666666666667,personal_vote
parliamentary,small_system,135,15,0.8,personal_vote
parliamentary,small_system,136,15,0.9333333333333333,personal_vote
parliamentary,small_system,137,15,0.9333333333333333,personal_vote
parliamentary,small_system,138,15,0.9333333333333333,personal_vote
parliamentary,small_system,139,15,0.9333333333333333,personal_vote
parliamentary,small_system,140,15,0.8,personal_vote
parliamentary,small_system,141,15,0.8,personal_vote
parliamentary,small_system,142,15,1.0,personal_vote
parliamentary,small_system,143,15,0.6666666666666666,personal_vote
parliamentary,small_system,144,15,0.8,personal_vote
parliamentary,small_system,145,15,0.6666666666666666,personal_vote
parliamentary,small_system,146,15,0.8666666666666667,personal_vote
parliamentary,small_system,147,15,0.8,personal_vote
parliamentary,small_system,148,15,0.7333333333333333,personal_vote
parliamentary,small_system,149,15,0.9333333333333333,personal_vote
parliamentary,small_system,150,15,0.8666666666666667,personal_vote
parliamentary,small_system,151,15,0.7333333333333333,personal_vote
parliamentary,small_system,152,15,0.8,personal_vote
parliamentary,small_system,153,15,0.6,personal_vote
parliamentary,small_system,154,15,0.8,personal_vote
parliamentary,small_system,155,15,0.9333333333333333,personal_vote
parliamentary,small_system,156,15,0.8666666666666667,personal_vote
parliamentary,small_system,157,15,0.8666666666666667,personal_vote
parliamentary,small_system,158,15,0.6,personal_vote
parliamentary,small_system,159,15,0.9333333333333333,personal_vote
parliamentary,small_system,160,15,0.8,personal_vote
parliamentary,small_system,161,15,0.6,personal_vote
parliamentary,small_system,162,15,0.6666666666666666,personal_vote
parliamentary,small_system,163,15,0.6,personal_vote
parliamentary,small_system,164,15,0.8666666666666667,personal_vote
parliamentary,small_system,165,15,0.7333333333333333,personal_vote
parliamentary,small_system,166,15,0.8666666666666667,personal_vote
parliamentary,small_system,167,15,0.7333333333333333,personal_vote
parliamentary,small_system,168,15,0.8,personal_vote
parliamentary,small_system,169,15,0.8666666666666667,personal_vote
parliamentary,small_system,170,15,0.7333333333333333,personal_vote
parliamentary,small_system,171,15,0.6666666666666666,personal_vote
parliamentary,small_system,172,15,0.8,personal_vote
parliamentary,small_system,173,15,0.7333333333333333,personal_vote
parliamentary,small_system,174,15,0.8666666666666667,personal_vote
parliamentary,small_system,175,15,0.8,personal_vote
parliamentary,small_system,176,15,0.8,personal_vote
parliamentary,small_system,177,15,0.7333333333333333,personal_vote
parliamentary,small_system,178,15,0.8,personal_vote
parliamentary,small_system,179,15,0.7333333333333333,personal_vote
parliamentary,small_system,180,15,0.8666666666666667,personal_vote
parliamentary,small_system,181,15,0.8,personal_vote
parliamentary,small_system,182,15,0.6666666666666666,personal_vote
parliamentary,small_system,183,15,0.8,personal_vote
parliamentary,small_system,184,15,0.8,personal_vote
parliamentary,small_system,185,15,0.4666666666666667,personal_vote
parliamentary,small_system,186,15,0.6666666666666666,personal_vote
parliamentary,small_system,187,15,0.8,personal_vote
parliamentary,small_system,188,15,0.8666666666666667,personal_vote
parliamentary,small_system,189,15,0.8666666666666667,personal_vote
parliamentary,small_system,190,15,0.9333333333333333,personal_vote
parliamentary,small_system,191,15,0.7333333333333333,personal_vote
parliamentary,small_system,192,15,0.8666666666666667,personal_vote
parliamentary,small_system,193,15,0.8666666666666667,personal_vote
parliamentary,small_system,194,15,0.8666666666666667,personal_vote
parliamentary,small_system,195,15,0.6666666666666666,personal_vote
parliamentary,small_system,196,15,0.7333333333333333,personal_vote
parliamentary,small_system,197,15,0.8,personal_vote
parliamentary,small_system,198,15,0.8666666666666667,personal_vote
parliamentary,small_system,199,15,1.0,personal_vote
republican,small_system,0,15,0.6666666666666666,cohesive_obstruction
republican,small_system,1,15,0.4666666666666667,cohesive_obstruction
republican,small_system,2,15,0.6666666666666666,cohesive_obstruction
republican,small_system,3,15,0.6,cohesive_obstruction
republican,small_system,4,15,0.6,cohesive_obstruction
republican,small_system,5,15,0.4666666666666667,cohesive_obstruction
republican,small_system,6,15,0.6666666666666666,cohesive_obstruction
republican,small_system,7,15,0.6,cohesive_obstruction
republican,small_system,8,15,0.7333333333333333,cohesive_obstruction
republican,small_system,9,15,0.5333333333333333,cohesive_obstruction
republican,small_system,10,15,0.5333333333333333,cohesive_obstruction
republican,small_system,11,15,0.7333333333333333,cohesive_obstruction
republican,small_system,12,15,0.5333333333333333,cohesive_obstruction
republican,small_system,13,15,0.6666666666666666,cohesive_obstruction
republican,small_system,14,15,0.4666666666666667,cohesive_obstruction
republican,small_system,15,15,0.7333333333333333,cohesive_obstruction
republican,small_system,16,15,0.8,cohesive_obstruction
republican,small_system,17,15,0.6666666666666666,cohesive_obstruction
republican,small_system,18,15,0.7333333333333333,cohesive_obstruction
republican,small_system,19,15,0.4,cohesive_obstruction
republican,small_system,20,15,0.6666666666666666,cohesive_obstruction
republican,small_system,21,15,0.7333333333333333,cohesive_obstruction
republican,small_system,22,15,0.5333333333333333,cohesive_obstruction
republican,small_system,23,15,0.7333333333333333,cohesive_obstruction
republican,small_system,24,15,0.7333333333333333,cohesive_obstruction
republican,small_system,25,15,0.4666666666666667,cohesive_obstruction
republican,small_system,26,15,0.6,cohesive_obstruction
republican,small_system,27,15,0.7333333333333333,cohesive_obstruction
republican,small_system,28,15,0.4666666666666667,cohesive_obstruction
republican,small_system,29,15,0.4666666666666667,cohesive_obstruction
republican,small_system,30,15,0.6,cohesive_obstruction
republican,small_system,31,15,0.5333333333333333,cohesive_obstruction
republican,small_system,32,15,0.8666666666666667,cohesive_obstruction
republican,small_system,33,15,0.4666666666666667,cohesive_obstruction
republican,small_system,34,15,0.6,cohesive_obstruction
republican,small_system,35,15,0.4666666666666667,cohesive_obstruction
republican,small_system,36,15,0.7333333333333333,cohesive_obstruction
republican,small_system,37,15,0.6666666666666666,cohesive_obstruction
republican,small_system,38,15,0.4666666666666667,cohesive_obstruction
republican,small_system,39,15,0.5333333333333333,cohesive_obstruction
republican,small_system,40,15,0.6,cohesive_obstruction
republican,small_system,41,15,0.6666666666666666,cohesive_obstruction
republican,small_system,42,15,0.7333333333333333,cohesive_obstruction
republican,small_system,43,15,0.7333333333333333,cohesive_obstruction
republican,small_system,44,15,0.6666666666666666,cohesive_obstruction
republican,small_system,45,15,0.6,cohesive_obstruction
republican,small_system,46,15,0.6666666666666666,cohesive_obstruction
republican,small_system,47,15,0.5333333333333333,cohesive_obstruction
republican,small_system,48,15,0.7333333333333333,cohesive_obstruction
republican,small_system,49,15,0.5333333333333333,cohesive_obstruction
republican,small_system,50,15,0.5333333333333333,cohesive_obstruction
republican,small_system,51,15,0.6666666666666666,cohesive_obstruction
republican,small_system,52,15,0.4666666666666667,cohesive_obstruction
republican,small_system,53,15,0.3333333333333333,cohesive_obstruction
republican,small_system,54,15,0.4666666666666667,cohesive_obstruction
republican,small_system,55,15,0.6666666666666666,cohesive_obstruction
republican,small_system,56,15,0.5333333333333333,cohesive_obstruction
republican,small_system,57,15,0.6,cohesive_obstruction
republican,small_system,58,15,0.6666666666666666,cohesive_obstruction
republican,small_system,59,15,0.5333333333333333,cohesive_obstruction
republican,small_system,60,15,0.5333333333333333,cohesive_obstruction
republican,small_system,61,15,0.6666666666666666,cohesive_obstruction
republican,small_system,62,15,0.4666666666666667,cohesive_obstruction
republican,small_system,63,15,0.6666666666666666,cohesive_obstruction
republican,small_system,64,15,0.7333333333333333,cohesive_obstruction
republican,small_system,65,15,0.6666666666666666,cohesive_obstruction
republican,small_system,66,15,0.6666666666666666,cohesive_obstruction
republican,small_system,67,15,0.5333333333333333,cohesive_obstruction
republican,small_system,68,15,0.8,cohesive_obstruction
republican,small_system,69,15,0.4,cohesive_obstruction
republican,small_system,70,15,0.6666666666666666,cohesive_obstruction
republican,small_system,71,15,0.6666666666666666,cohesive_obstruction
republican,small_system,72,15,0.6,cohesive_obstruction
republican,small_system,73,15,0.6,cohesive_obstruction
republican,small_system,74,15,0.5333333333333333,cohesive_obstruction
republican,small_system,75,15,0.6,cohesive_obstruction
republican,small_system,76,15,0.8666666666666667,cohesive_obstruction
republican,small_system,77,15,0.4666666666666667,cohesive_obstruction
republican,small_system,78,15,0.6666666666666666,cohesive_obstruction
republican,small_system,79,15,0.6666666666666666,cohesive_obstruction
republican,small_system,80,15,0.5333333333333333,cohesive_obstruction
republican,small_system,81,15,0.6,cohesive_obstruction
republican,small_system,82,15,0.6666666666666666,cohesive_obstruction
republican,small_system,83,15,0.6666666666666666,cohesive_obstruction
republican,small_system,84,15,0.8,cohesive_obstruction
republican,small_system,85,15,0.5333333333333333,cohesive_obstruction
republican,small_system,86,15,0.8666666666666667,cohesive_obstruction
republican,small_system,87,15,0.4,cohesive_obstruction
republican,small_system,88,15,0.6,cohesive_obstruction
republican,small_system,89,15,0.6,cohesive_obstruction
republican,small_system,90,15,0.6,cohesive_obstruction
republican,small_system,91,15,0.6,cohesive_obstruction
republican,small_system,92,15,0.6,cohesive_obstruction
republican,small_system,93,15,0.6,cohesive_obstruction
republican,small_system,94,15,0.4,cohesive_obstruction
republican,small_system,95,15,0.5333333333333333,cohesive_obstruction
republican,small_system,96,15,0.4666666666666667,cohesive_obstruction
republican,small_system,97,15,0.4666666666666667,cohesive_obstruction
republican,small_system,98,15,0.7333333333333333,cohesive_obstruction
republican,small_system,99,15,0.5333333333333333,cohesive_obstruction
republican,small_system,100,15,0.8,cohesive_obstruction
republican,small_system,101,15,0.6666666666666666,cohesive_obstruction
republican,small_system,102,15,0.4666666666666667,cohesive_obstruction
republican,small_system,103,15,0.5333333333333333,cohesive_obstruction
republican,small_system,104,15,0.6,cohesive_obstruction
republican,small_system,105,15,0.5333333333333333,cohesive_obstruction
republican,small_system,106,15,0.6666666666666666,cohesive_obstruction
republican,small_system,107,15,0.6,cohesive_obstruction
republican,small_system,108,15,0.6,cohesive_obstruction
republican,small_system,109,15,0.6666666666666666,cohesive_obstruction
republican,small_system,110,15,0.6666666666666666,cohesive_obstruction
republican,small_system,111,15,0.4,cohesive_obstruction
republican,small_system,112,15,0.6,cohesive_obstruction
republican,small_system,113,15,0.7333333333333333,cohesive_obstruction
republican,small_system,114,15,0.6666666666666666,cohesive_obstruction
republican,small_system,115,15,0.8666666666666667,cohesive_obstruction
republican,small_system,116,15,0.5333333333333333,cohesive_obstruction
republican,small_system,117,15,0.8666666666666667,cohesive_obstruction
republican,small_system,118,15,0.4666666666666667,cohesive_obstruction
republican,small_system,119,15,0.6666666666666666,cohesive_obstruction
republican,small_system,120,15,0.7333333333333333,cohesive_obstruction
republican,small_system,121,15,0.2,cohesive_obstruction
republican,small_system,122,15,0.7333333333333333,cohesive_obstruction
republican,small_system,123,15,0.5333333333333333,cohesive_obstruction
republican,small_system,124,15,0.6666666666666666,cohesive_obstruction
republican,small_system,125,15,0.6,cohesive_obstruction
republican,small_system,126,15,0.6,cohesive_obstruction
republican,small_system,127,15,0.6666666666666666,cohesive_obstruction
republican,small_system,128,15,0.6666666666666666,cohesive_obstruction
republican,small_system,129,15,0.6666666666666666,cohesive_obstruction
republican,small_system,130,15,0.6666666666666666,cohesive_obstruction
republican,small_system,131,15,0.7333333333333333,cohesive_obstruction
republican,small_system,132,15,0.6666666666666666,cohesive_obstruction
republican,small_system,133,15,0.7333333333333333,cohesive_obstruction
republican,small_system,134,15,0.4,cohesive_obstruction
republican,small_system,135,15,0.8,cohesive_obstruction
republican,small_system,136,15,0.4666666666666667,cohesive_obstruction
republican,small_system,137,15,0.7333333333333333,cohesive_obstruction
republican,small_system,138,15,0.4666666666666667,cohesive_obstruction
republican,small_system,139,15,0.5333333333333333,cohesive_obstruction
republican,small_system,140,15,0.7333333333333333,cohesive_obstruction
republican,small_system,141,15,0.4,cohesive_obstruction
republican,small_system,142,15,0.7333333333333333,cohesive_obstruction
republican,small_system,143,15,0.4666666666666667,cohesive_obstruction
republican,small_system,144,15,0.7333333333333333,cohesive_obstruction
republican,small_system,145,15,0.6666666666666666,cohesive_obstruction
republican,small_system,146,15,0.5333333333333333,cohesive_obstruction
republican,small_system,147,15,0.5333333333333333,cohesive_obstruction
republican,small_system,148,15,0.8,cohesive_obstruction
republican,small_system,149,15,0.6,cohesive_obstruction
republican,small_system,150,15,0.5333333333333333,cohesive_obstruction
republican,small_system,151,15,0.4666666666666667,cohesive_obstruction
republican,small_system,152,15,0.5333333333333333,cohesive_obstruction
republican,small_system,153,15,0.4,cohesive_obstruction
republican,small_system,154,15,0.5333333333333333,cohesive_obstruction
republican,small_system,155,15,0.6,cohesive_obstruction
republican,small_system,156,15,0.8,cohesive_obstruction
republican,small_system,157,15,0.4666666666666667,cohesive_obstruction
republican,small_system,158,15,0.6666666666666666,cohesive_obstruction
republican,small_system,159,15,0.7333333333333333,cohesive_obstruction
republican,small_system,160,15,0.5333333333333333,cohesive_obstruction
republican,small_system,161,15,0.6666666666666666,cohesive_obstruction
republican,small_system,162,15,0.4666666666666667,cohesive_obstruction
republican,small_system,163,15,0.8,cohesive_obstruction
republican,small_system,164,15,0.6,cohesive_obstruction
republican,small_system,165,15,0.6666666666666666,cohesive_obstruction
republican,small_system,166,15,0.4666666666666667,cohesive_obstruction
republican,small_system,167,15,0.5333333333333333,cohesive_obstruction
republican,small_system,168,15,0.5333333333333333,cohesive_obstruction
republican,small_system,169,15,0.5333333333333333,cohesive_obstruction
republican,small_system,170,15,0.6666666666666666,cohesive_obstruction
republican,small_system,171,15,0.6,cohesive_obstruction
republican,small_system,172,15,0.8,cohesive_obstruction
republican,small_system,173,15,0.7333333333333333,cohesive_obstruction
republican,small_system,174,15,0.5333333333333333,cohesive_obstruction
republican,small_system,175,15,0.6,cohesive_obstruction
republican,small_system,176,15,0.5333333333333333,cohesive_obstruction
republican,small_system,177,15,0.6666666666666666,cohesive_obstruction
republican,small_system,178,15,0.7333333333333333,cohesive_obstruction
republican,small_system,179,15,0.6666666666666666,cohesive_obstruction
republican,small_system,180,15,0.2,cohesive_obstruction
republican,small_system,181,15,0.7333333333333333,cohesive_obstruction
republican,small_system,182,15,0.6666666666666666,cohesive_obstruction
republican,small_system,183,15,0.8,cohesive_obstruction
republican,small_system,184,15,0.4666666666666667,cohesive_obstruction
republican,small_system,185,15,0.5333333333333333,cohesive_obstruction
republican,small_system,186,15,0.4666666666666667,cohesive_obstruction
republican,small_system,187,15,0.6,cohesive_obstruction
republican,small_system,188,15,0.5333333333333333,cohesive_obstruction
republican,small_system,189,15,0.8,cohesive_obstruction
republican,small_system,190,15,0.4,cohesive_obstruction
republican,small_system,191,15,0.6,cohesive_obstruction
republican,small_system,192,15,0.6666666666666666,cohesive_obstruction
republican,small_system,193,15,0.8,cohesive_obstruction
republican,small_system,194,15,0.6666666666666666,cohesive_obstruction
republican,small_system,195,15,0.6,cohesive_obstruction
republican,small_system,196,15,0.6666666666666666,cohesive_obstruction
republican,small_system,197,15,0.6,cohesive_obstruction
republican,small_system,198,15,0.4,cohesive_obstruction
republican,small_system,199,15,0.7333333333333333,cohesive_obstruction
republican,small_system,0,15,0.6666666666666666,personal_vote
republican,small_system,1,15,0.4666666666666667,personal_vote
republican,small_system,2,15,0.6666666666666666,personal_vote
republican,small_system,3,15,0.6,personal_vote
republican,small_system,4,15,0.6,personal_vote
republican,small_system,5,15,0.4666666666666667,personal_vote
republican,small_system,6,15,0.6666666666666666,personal_vote
republican,small_system,7,15,0.6,personal_vote
republican,small_system,8,15,0.7333333333333333,personal_vote
republican,small_system,9,15,0.5333333333333333,personal_vote
republican,small_system,10,15,0.5333333333333333,personal_vote
republican,small_system,11,15,0.7333333333333333,personal_vote
republican,small_system,12,15,0.5333333333333333,personal_vote
republican,small_system,13,15,0.6666666666666666,personal_vote
republican,small_system,14,15,0.4666666666666667,personal_vote
republican,small_system,15,15,0.7333333333333333,personal_vote
republican,small_system,16,15,0.8,personal_vote
republican,small_system,17,15,0.6666666666666666,personal_vote
republican,small_system,18,15,0.7333333333333333,personal_vote
republican,small_system,19,15,0.4,personal_vote
republican,small_system,20,15,0.6666666666666666,personal_vote
republican,small_system,21,15,0.7333333333333333,personal_vote
republican,small_system,22,15,0.5333333333333333,personal_vote
republican,small_system,23,15,0.7333333333333333,personal_vote
republican,small_system,24,15,0.7333333333333333,personal_vote
republican,small_system,25,15,0.4666666666666667,personal_vote
republican,small_system,26,15,0.6,personal_vote
republican,small_system,27,15,0.7333333333333333,personal_vote
republican,small_system,28,15,0.4666666666666667,personal_vote
republican,small_system,29,15,0.4666666666666667,personal_vote
republican,small_system,30,15,0.6,personal_vote
republican,small_system,31,15,0.5333333333333333,personal_vote
republican,small_system,32,15,0.8666666666666667,personal_vote
republican,small_system,33,15,0.4666666666666667,personal_vote
republican,small_system,34,15,0.6,personal_vote
republican,small_system,35,15,0.4666666666666667,personal_vote
republican,small_system,36,15,0.7333333333333333,personal_vote
republican,small_system,37,15,0.6666666666666666,personal_vote
republican,small_system,38,15,0.4666666666666667,personal_vote
republican,small_system,39,15,0.5333333333333333,personal_vote
republican,small_system,40,15,0.6,personal_vote
republican,small_system,41,15,0.6666666666666666,personal_vote
republican,small_system,42,15,0.7333333333333333,personal_vote
republican,small_system,43,15,0.7333333333333333,personal_vote
republican,small_system,44,15,0.6666666666666666,personal_vote
republican,small_system,45,15,0.6,personal_vote
republican,small_system,46,15,0.6666666666666666,personal_vote
republican,small_system,47,15,0.5333333333333333,personal_vote
republican,small_system,48,15,0.7333333333333333,personal_vote
republican,small_system,49,15,0.5333333333333333,personal_vote
republican,small_system,50,15,0.5333333333333333,personal_vote
republican,small_system,51,15,0.6666666666666666,personal_vote
republican,small_system,52,15,0.4666666666666667,personal_vote
republican,small_system,53,15,0.3333333333333333,personal_vote
republican,small_system,54,15,0.4666666666666667,personal_vote
republican,small_system,55,15,0.6666666666666666,personal_vote
republican,small_system,56,15,0.5333333333333333,personal_vote
republican,small_system,57,15,0.6,personal_vote
republican,small_system,58,15,0.6666666666666666,personal_vote
republican,small_system,59,15,0.5333333333333333,personal_vote
republican,small_system,60,15,0.5333333333333333,personal_vote
republican,small_system,61,15,0.6666666666666666,personal_vote
republican,small_system,62,15,0.4666666666666667,personal_vote
republican,small_system,63,15,0.6666666666666666,personal_vote
republican,small_system,64,15,0.7333333333333333,personal_vote
republican,small_system,65,15,0.6666666666666666,personal_vote
republican,small_system,66,15,0.6666666666666666,personal_vote
republican,small_system,67,15,0.5333333333333333,personal_vote
republican,small_system,68,15,0.8,personal_vote
republican,small_system,69,15,0.4,personal_vote
republican,small_system,70,15,0.6666666666666666,personal_vote
republican,small_system,71,15,0.6666666666666666,personal_vote
republican,small_system,72,15,0.6,personal_vote
republican,small_system,73,15,0.6,personal_vote
republican,small_system,74,15,0.5333333333333333,personal_vote
republican,small_system,75,15,0.6,personal_vote
republican,small_system,76,15,0.8666666666666667,personal_vote
republican,small_system,77,15,0.4666666666666667,personal_vote
republican,small_system,78,15,0.6666666666666666,personal_vote
republican,small_system,79,15,0.6666666666666666,personal_vote
republican,small_system,80,15,0.5333333333333333,personal_vote
republican,small_system,81,15,0.6,personal_vote
republican,small_system,82,15,0.6666666666666666,personal_vote
republican,small_system,83,15,0.6666666666666666,personal_vote
republican,small_system,84,15,0.8,personal_vote
republican,small_system,85,15,0.5333333333333333,personal_vote
republican,small_system,86,15,0.8666666666666667,personal_vote
republican,small_system,87,15,0.4,personal_vote
republican,small_system,88,15,0.6,personal_vote
republican,small_system,89,15,0.6,personal_vote
republican,small_system,90,15,0.6,personal_vote
republican,small_system,91,15,0.6,personal_vote
republican,small_system,92,15,0.6,personal_vote
republican,small_system,93,15,0.6,personal_vote
republican,small_system,94,15,0.4,personal_vote
republican,small_system,95,15,0.5333333333333333,personal_vote
republican,small_system,96,15,0.4666666666666667,personal_vote
republican,small_system,97,15,0.4666666666666667,personal_vote
republican,small_system,98,15,0.7333333333333333,personal_vote
republican,small_system,99,15,0.5333333333333333,personal_vote
republican,small_system,100,15,0.8,personal_vote
republican,small_system,101,15,0.6666666666666666,personal_vote
republican,small_system,102,15,0.4666666666666667,personal_vote
republican,small_system,103,15,0.5333333333333333,personal_vote
republican,small_system,104,15,0.6,personal_vote
republican,small_system,105,15,0.5333333333333333,personal_vote
republican,small_system,106,15,0.6666666666666666,personal_vote
republican,small_system,107,15,0.6,personal_vote
republican,small_system,108,15,0.6,personal_vote
republican,small_system,109,15,0.6666666666666666,personal_vote
republican,small_system,110,15,0.6666666666666666,personal_vote
republican,small_system,111,15,0.4,personal_vote
republican,small_system,112,15,0.6,personal_vote
republican,small_system,113,15,0.7333333333333333,personal_vote
republican,small_system,114,15,0.6666666666666666,personal_vote
republican,small_system,115,15,0.8666666666666667,personal_vote
republican,small_system,116,15,0.5333333333333333,personal_vote
republican,small_system,117,15,0.8666666666666667,personal_vote
republican,small_system,118,15,0.4666666666666667,personal_vote
republican,small_system,119,15,0.6666666666666666,personal_vote
republican,small_system,120,15,0.7333333333333333,personal_vote
republican,small_system,121,15,0.2,personal_vote
republican,small_system,122,15,0.7333333333333333,personal_vote
republican,small_system,123,15,0.5333333333333333,personal_vote
republican,small_system,124,15,0.6666666666666666,personal_vote
republican,small_system,125,15,0.6,personal_vote
republican,small_system,126,15,0.6,personal_vote
republican,small_system,127,15,0.6666666666666666,personal_vote
republican,small_system,128,15,0.6666666666666666,personal_vote
republican,small_system,129,15,0.6666666666666666,personal_vote
republican,small_system,130,15,0.6666666666666666,personal_vote
republican,small_system,131,15,0.7333333333333333,personal_vote
republican,small_system,132,15,0.6666666666666666,personal_vote
republican,small_system,133,15,0.7333333333333333,personal_vote
republican,small_system,134,15,0.4,personal_vote
republican,small_system,135,15,0.8,personal_vote
republican,small_system,136,15,0.4666666666666667,personal_vote
republican,small_system,137,15,0.7333333333333333,personal_vote
republican,small_system,138,15,0.4666666666666667,personal_vote
republican,small_system,139,15,0.5333333333333333,personal_vote
republican,small_system,140,15,0.7333333333333333,personal_vote
republican,small_system,141,15,0.4,personal_vote
republican,small_system,142,15,0.7333333333333333,personal_vote
republican,small_system,143,15,0.4666666666666667,personal_vote
republican,small_system,144,15,0.7333333333333333,personal_vote
republican,small_system,145,15,0.6666666666666666,personal_vote
republican,small_system,146,15,0.5333333333333333,personal_vote
republican,small_system,147,15,0.5333333333333333,personal_vote
republican,small_system,148,15,0.8,personal_vote
republican,small_system,149,15,0.6,personal_vote
republican,small_system,150,15,0.5333333333333333,personal_vote
republican,small_system,151,15,0.4666666666666667,personal_vote
republican,small_system,152,15,0.5333333333333333,personal_vote
republican,small_system,153,15,0.4,personal_vote
republican,small_system,154,15,0.5333333333333333,personal_vote
republican,small_system,155,15,0.6,personal_vote
republican,small_system,156,15,0.8,personal_vote
republican,small_system,157,15,0.4666666666666667,personal_vote
republican,small_system,158,15,0.6666666666666666,personal_vote
republican,small_system,159,15,0.7333333333333333,personal_vote
republican,small_system,160,15,0.5333333333333333,personal_vote
republican,small_system,161,15,0.6666666666666666,personal_vote
republican,small_system,162,15,0.4666666666666667,personal_vote
republican,small_system,163,15,0.8,personal_vote
republican,small_system,164,15,0.6,personal_vote
republican,small_system,165,15,0.6666666666666666,personal_vote
republican,small_system,166,15,0.4666666666666667,personal_vote
republican,small_system,167,15,0.5333333333333333,personal_vote
republican,small_system,168,15,0.5333333333333333,personal_vote
republican,small_system,169,15,0.5333333333333333,personal_vote
republican,small_system,170,15,0.6666666666666666,personal_vote
republican,small_system,171,15,0.6,personal_vote
republican,small_system,172,15,0.8,personal_vote
republican,small_system,173,15,0.7333333333333333,personal_vote
republican,small_system,174,15,0.5333333333333333,personal_vote
republican,small_system,175,15,0.6,personal_vote
republican,small_system,176,15,0.5333333333333333,personal_vote
republican,small_system,177,15,0.6666666666666666,personal_vote
republican,small_system,178,15,0.7333333333333333,personal_vote
republican,small_system,179,15,0.6666666666666666,personal_vote
republican,small_system,180,15,0.2,personal_vote
republican,small_system,181,15,0.7333333333333333,personal_vote
republican,small_system,182,15,0.6666666666666666,personal_vote
republican,small_system,183,15,0.8,personal_vote
republican,small_system,184,15,0.4666666666666667,personal_vote
republican,small_system,185,15,0.5333333333333333,personal_vote
republican,small_system,186,15,0.4666666666666667,personal_vote
republican,small_system,187,15,0.6,personal_vote
republican,small_system,188,15,0.5333333333333333,personal_vote
republican,small_system,189,15,0.8,personal_vote
republican,small_system,190,15,0.4,personal_vote
republican,small_system,191,15,0.6,personal_vote
republican,small_system,192,15,0.6666666666666666,personal_vote
republican,small_system,193,15,0.8,personal_vote
republican,small_system,194,15,0.6666666666666666,personal_vote
republican,small_system,195,15,0.6,personal_vote
republican,small_system,196,15,0.6666666666666666,personal_vote
republican,small_system,197,15,0.6,personal_vote
republican,small_system,198,15,0.4,personal_vote
republican,small_system,199,15,0.7333333333333333,personal_vote
premier_presidential,small_system,0,15,0.8,cohesive_obstruction
premier_presidential,small_system,1,15,0.6666666666666666,cohesive_obstruction
premier_presidential,small_system,2,15,0.6666666666666666,cohesive_obstruction
premier_presidential,small_system,3,15,0.6666666666666666,cohesive_obstruction
premier_presidential,small_system,4,15,0.6666666666666666,cohesive_obstruction
premier_presidential,small_system,5,15,0.8,cohesive_obstruction
premier_presidential,small_system,6,15,1.0,cohesive_obstruction
premier_presidential,small_system,7,15,0.8,cohesive_obstruction
premier_presidential,small_system,8,15,0.4666666666666667,cohesive_obstruction
premier_presidential,small_system,9,15,0.6666666666666666,cohesive_obstruction
premier_presidential,small_system,10,15,0.7333333333333333,cohesive_obstruction
premier_presidential,small_system,11,15,0.6,cohesive_obstruction
premier_presidential,small_system,12,15,0.6666666666666666,cohesive_obstruction
premier_presidential,small_system,13,15,0.8,cohesive_obstruction
premier_presidential,small_system,14,15,0.8,cohesive_obstruction
premier_presidential,small_system,15,15,0.6,cohesive_obstruction
premier_presidential,small_system,16,15,0.6666666666666666,cohesive_obstruction
premier_presidential,small_system,17,15,0.7333333333333333,cohesive_obstruction
premier_presidential,small_system,18,15,0.6,cohesive_obstruction
premier_presidential,small_system,19,15,0.6666666666666666,cohesive_obstruction
premier_presidential,small_system,20,15,0.5333333333333333,cohesive_obstruction
premier_presidential,small_system,21,15,0.6666666666666666,cohesive_obstruction
premier_presidential,small_system,22,15,0.8,cohesive_obstruction
premier_presidential,small_system,23,15,0.7333333333333333,cohesive_obstruction
premier_presidential,small_system,24,15,0.4,cohesive_obstruction
premier_presidential,small_system,25,15,0.7333333333333333,cohesive_obstruction
premier_presidential,small_system,26,15,0.7333333333333333,cohesive_obstruction
premier_presidential,small_system,27,15,0.6666666666666666,cohesive_obstruction
premier_presidential,small_system,28,15,0.5333333333333333,cohesive_obstruction
premier_presidential,small_system,29,15,0.6666666666666666,cohesive_obstruction
premier_presidential,small_system,30,15,0.6,cohesive_obstruction
premier_presidential,small_system,31,15,0.6666666666666666,cohesive_obstruction
premier_presidential,small_system,32,15,0.6666666666666666,cohesive_obstruction
premier_presidential,small_system,33,15,0.6666666666666666,cohesive_obstruction
premier_presidential,small_system,34,15,0.8,cohesive_obstruction
premier_presidential,small_system,35,15,0.7333333333333333,cohesive_obstruction
premier_presidential,small_system,36,15,0.6,cohesive_obstruction
premier_presidential,small_system,37,15,0.7333333333333333,cohesive_obstruction
premier_presidential,small_system,38,15,0.7333333333333333,cohesive_obstruction
premier_presidential,small_system,39,15,0.6,cohesive_obstruction
premier_presidential,small_system,40,15,0.8666666666666667,cohesive_obstruction
premier_presidential,small_system,41,15,0.6666666666666666,cohesive_obstruction
premier_presidential,small_system,42,15,0.9333333333333333,cohesive_obstruction
premier_presidential,small_system,43,15,0.8,cohesive_obstruction
premier_presidential,small_system,44,15,0.8,cohesive_obstruction
premier_presidential,small_system,45,15,0.8,cohesive_obstruction
premier_presidential,small_system,46,15,0.8,cohesive_obstruction
premier_presidential,small_system,47,15,0.8,cohesive_obstruction
premier_presidential,small_system,48,15,0.9333333333333333,cohesive_obstruction
premier_presidential,small_system,49,15,0.8666666666666667,cohesive_obstruction
premier_presidential,small_system,50,15,0.8666666666666667,cohesive_obstruction
premier_presidential,small_system,51,15,0.8,cohesive_obstruction
premier_presidential,small_system,52,15,0.8666666666666667,cohesive_obstruction
premier_presidential,small_system,53,15,0.8,cohesive_obstruction
premier_presidential,small_system,54,15,0.8666666666666667,cohesive_obstruction
premier_presidential,small_system,55,15,0.7333333333333333,cohesive_obstruction
premier_presidential,small_system,56,15,0.8666666666666667,cohesive_obstruction
premier_presidential,small_system,57,15,0.7333333333333333,cohesive_obstruction
premier_presidential,small_system,58,15,0.6666666666666666,cohesive_obstruction
premier_presidential,small_system,59,15,0.7333333333333333,cohesive_obstruction
premier_presidential,small_system,60,15,0.6,cohesive_obstruction
premier_presidential,small_system,61,15,0.7333333333333333,cohesive_obstruction
premier_presidential,small_system,62,15,0.8666666666666667,cohesive_obstruction
premier_presidential,small_system,63,15,0.7333333333333333,cohesive_obstruction
premier_presidential,small_system,64,15,0.8666666666666667,cohesive_obstruction
premier_presidential,small_system,65,15,0.7333333333333333,cohesive_obstruction
premier_presidential,small_system,66,15,0.8,cohesive_obstruction
premier_presidential,small_system,67,15,0.7333333333333333,cohesive_obstruction
premier_presidential,small_system,68,15,0.8666666666666667,cohesive_obstruction
premier_presidential,small_system,69,15,0.7333333333333333,cohesive_obstruction
premier_presidential,small_system,70,15,0.8666666666666667,cohesive_obstruction
premier_presidential,small_system,71,15,0.6666666666666666,cohesive_obstruction
premier_presidential,small_system,72,15,0.9333333333333333,cohesive_obstruction
premier_presidential,small_system,73,15,0.6,cohesive_obstruction
premier_presidential,small_system,74,15,0.6666666666666666,cohesive_obstruction
premier_presidential,small_system,75,15,0.6666666666666666,cohesive_obstruction
premier_presidential,small_system,76,15,0.7333333333333333,cohesive_obstruction
premier_presidential,small_system,77,15,0.6666666666666666,cohesive_obstruction
premier_presidential,small_system,78,15,0.8,cohesive_obstruction
premier_presidential,small_system,79,15,0.8,cohesive_obstruction
premier_presidential,small_system,80,15,0.8,cohesive_obstruction
premier_presidential,small_system,81,15,0.9333333333333333,cohesive_obstruction
premier_presidential,small_system,82,15,0.7333333333333333,cohesive_obstruction
premier_presidential,small_system,83,15,0.6,cohesive_obstruction
premier_presidential,small_system,84,15,0.7333333333333333,cohesive_obstruction
premier_presidential,small_system,85,15,0.8,cohesive_obstruction
premier_presidential,small_system,86,15,0.8,cohesive_obstruction
premier_presidential,small_system,87,15,0.4666666666666667,cohesive_obstruction
premier_presidential,small_system,88,15,0.8666666666666667,cohesive_obstruction
premier_presidential,small_system,89,15,0.8666666666666667,cohesive_obstruction
premier_presidential,small_system,90,15,0.6666666666666666,cohesive_obstruction
premier_presidential,small_system,91,15,0.6,cohesive_obstruction
premier_presidential,small_system,92,15,0.6666666666666666,cohesive_obstruction
premier_presidential,small_system,93,15,0.6666666666666666,cohesive_obstruction
premier_presidential,small_system,94,15,0.9333333333333333,cohesive_obstruction
premier_presidential,small_system,95,15,0.6,cohesive_obstruction
premier_presidential,small_system,96,15,0.7333333333333333,cohesive_obstruction
premier_presidential,small_system,97,15,0.8,cohesive_obstruction
premier_presidential,small_system,98,15,0.7333333333333333,cohesive_obstruction
premier_presidential,small_system,99,15,0.8666666666666667,cohesive_obstruction
premier_presidential,small_system,100,15,0.9333333333333333,cohesive_obstruction
premier_presidential,small_system,101,15,0.8,cohesive_obstruction
premier_presidential,small_system,102,15,0.8,cohesive_obstruction
premier_presidential,small_system,103,15,0.6,cohesive_obstruction
premier_presidential,small_system,104,15,0.8666666666666667,cohesive_obstruction
premier_presidential,small_system,105,15,0.7333333333333333,cohesive_obstruction
premier_presidential,small_system,106,15,0.6666666666666666,cohesive_obstruction
premier_presidential,small_system,107,15,0.6,cohesive_obstruction
premier_presidential,small_system,108,15,0.8,cohesive_obstruction
premier_presidential,small_system,109,15,0.5333333333333333,cohesive_obstruction
premier_presidential,small_system,110,15,0.6666666666666666,cohesive_obstruction
premier_presidential,small_system,111,15,0.8666666666666667,cohesive_obstruction
premier_presidential,small_system,112,15,0.8666666666666667,cohesive_obstruction
premier_presidential,small_system,113,15,0.8666666666666667,cohesive_obstruction
premier_presidential,small_system,114,15,0.7333333333333333,cohesive_obstruction
premier_presidential,small_system,115,15,0.8,cohesive_obstruction
premier_presidential,small_system,116,15,0.9333333333333333,cohesive_obstruction
premier_presidential,small_system,117,15,0.6,cohesive_obstruction
premier_presidential,small_system,118,15,0.8,cohesive_obstruction
premier_presidential,small_system,119,15,0.7333333333333333,cohesive_obstruction
premier_presidential,small_system,120,15,0.7333333333333333,cohesive_obstruction
premier_presidential,small_system,121,15,0.7333333333333333,cohesive_obstruction
premier_presidential,small_system,122,15,0.7333333333333333,cohesive_obstruction
premier_presidential,small_system,123,15,1.0,cohesive_obstruction
premier_presidential,small_system,124,15,0.7333333333333333,cohesive_obstruction
premier_presidential,small_system,125,15,0.9333333333333333,cohesive_obstruction
premier_presidential,small_system,126,15,0.7333333333333333,cohesive_obstruction
premier_presidential,small_system,127,15,0.5333333333333333,cohesive_obstruction
premier_presidential,small_system,128,15,0.8,cohesive_obstruction
premier_presidential,small_system,129,15,0.7333333333333333,cohesive_obstruction
premier_presidential,small_system,130,15,0.8666666666666667,cohesive_obstruction
premier_presidential,small_system,131,15,0.9333333333333333,cohesive_obstruction
premier_presidential,small_system,132,15,0.7333333333333333,cohesive_obstruction
premier_presidential,small_system,133,15,0.8,cohesive_obstruction
premier_presidential,small_system,134,15,0.5333333333333333,cohesive_obstruction
premier_presidential,small_system,135,15,0.6,cohesive_obstruction
premier_presidential,small_system,136,15,0.7333333333333333,cohesive_obstruction
premier_presidential,small_system,137,15,0.8,cohesive_obstruction
premier_presidential,small_system,138,15,0.8666666666666667,cohesive_obstruction
premier_presidential,small_system,139,15,0.7333333333333333,cohesive_obstruction
premier_presidential,small_system,140,15,0.5333333333333333,cohesive_obstruction
premier_presidential,small_system,141,15,0.5333333333333333,cohesive_obstruction
premier_presidential,small_system,142,15,0.6666666666666666,cohesive_obstruction
premier_presidential,small_system,143,15,0.6666666666666666,cohesive_obstruction
premier_presidential,small_system,144,15,0.8,cohesive_obstruction
premier_presidential,small_system,145,15,0.6666666666666666,cohesive_obstruction
premier_presidential,small_system,146,15,0.8,cohesive_obstruction
premier_presidential,small_system,147,15,0.6,cohesive_obstruction
premier_presidential,small_system,148,15,0.7333333333333333,cohesive_obstruction
premier_presidential,small_system,149,15,0.9333333333333333,cohesive_obstruction
premier_presidential,small_system,150,15,0.8666666666666667,cohesive_obstruction
premier_presidential,small_system,151,15,0.6,cohesive_obstruction
premier_presidential,small_system,152,15,0.7333333333333333,cohesive_obstruction
premier_presidential,small_system,153,15,0.8666666666666667,cohesive_obstruction
premier_presidential,small_system,154,15,0.7333333333333333,cohesive_obstruction
premier_presidential,small_system,155,15,0.6666666666666666,cohesive_obstruction
premier_presidential,small_system,156,15,0.6666666666666666,cohesive_obstruction
premier_presidential,small_system,157,15,0.8666666666666667,cohesive_obstruction
premier_presidential,small_system,158,15,0.6,cohesive_obstruction
premier_presidential,small_system,159,15,0.6,cohesive_obstruction
premier_presidential,small_system,160,15,0.7333333333333333,cohesive_obstruction
premier_presidential,small_system,161,15,0.6666666666666666,cohesive_obstruction
premier_presidential,small_system,162,15,0.8,cohesive_obstruction
premier_presidential,small_system,163,15,0.8,cohesive_obstruction
premier_presidential,small_system,164,15,0.6666666666666666,cohesive_obstruction
premier_presidential,small_system,165,15,0.7333333333333333,cohesive_obstruction
premier_presidential,small_system,166,15,0.8,cohesive_obstruction
premier_presidential,small_system,167,15,0.6666666666666666,cohesive_obstruction
premier_presidential,small_system,168,15,0.6666666666666666,cohesive_obstruction
premier_presidential,small_system,169,15,0.9333333333333333,cohesive_obstruction
premier_presidential,small_system,170,15,0.8,cohesive_obstruction
premier_presidential,small_system,171,15,0.7333333333333333,cohesive_obstruction
premier_presidential,small_system,172,15,0.8666666666666667,cohesive_obstruction
premier_presidential,small_system,173,15,0.6666666666666666,cohesive_obstruction
premier_presidential,small_system,174,15,0.6,cohesive_obstruction
premier_presidential,small_system,175,15,0.8,cohesive_obstruction
premier_presidential,small_system,176,15,0.8,cohesive_obstruction
premier_presidential,small_system,177,15,0.5333333333333333,cohesive_obstruction
premier_presidential,small_system,178,15,0.7333333333333333,cohesive_obstruction
premier_presidential,small_system,179,15,0.6,cohesive_obstruction
premier_presidential,small_system,180,15,0.8,cohesive_obstruction
premier_presidential,small_system,181,15,0.8,cohesive_obstruction
premier_presidential,small_system,182,15,0.4666666666666667,cohesive_obstruction
premier_presidential,small_system,183,15,0.7333333333333333,cohesive_obstruction
premier_presidential,small_system,184,15,0.6666666666666666,cohesive_obstruction
premier_presidential,small_system,185,15,0.6666666666666666,cohesive_obstruction
premier_presidential,small_system,186,15,1.0,cohesive_obstruction
premier_presidential,small_system,187,15,0.6,cohesive_obstruction
premier_presidential,small_system,188,15,0.6666666666666666,cohesive_obstruction
premier_presidential,small_system,189,15,0.6666666666666666,cohesive_obstruction
premier_presidential,small_system,190,15,0.9333333333333333,cohesive_obstruction
premier_presidential,small_system,191,15,0.6666666666666666,cohesive_obstruction
premier_presidential,small_system,192,15,0.9333333333333333,cohesive_obstruction
premier_presidential,small_system,193,15,0.6,cohesive_obstruction
premier_presidential,small_system,194,15,0.8,cohesive_obstruction
premier_presidential,small_system,195,15,0.6,cohesive_obstruction
premier_presidential,small_system,196,15,0.7333333333333333,cohesive_obstruction
premier_presidential,small_system,197,15,0.6,cohesive_obstruction
premier_presidential,small_system,198,15,0.4666666666666667,cohesive_obstruction
premier_presidential,small_system,199,15,0.8666666666666667,cohesive_obstruction
premier_presidential,small_system,0,15,0.8,personal_vote
premier_presidential,small_system,1,15,0.6666666666666666,personal_vote
premier_presidential,small_system,2,15,0.6666666666666666,personal_vote
premier_presidential,small_system,3,15,0.6666666666666666,personal_vote
premier_presidential,small_system,4,15,0.6666666666666666,personal_vote
premier_presidential,small_system,5,15,0.8,personal_vote
premier_presidential,small_system,6,15,1.0,personal_vote
premier_presidential,small_system,7,15,0.8,personal_vote
premier_presidential,small_system,8,15,0.4666666666666667,personal_vote
premier_presidential,small_system,9,15,0.6666666666666666,personal_vote
premier_presidential,small_system,10,15,0.7333333333333333,personal_vote
premier_presidential,small_system,11,15,0.6,personal_vote
premier_presidential,small_system,12,15,0.6666666666666666,personal_vote
premier_presidential,small_system,13,15,0.8,personal_vote
premier_presidential,small_system,14,15,0.8,personal_vote
premier_presidential,small_system,15,15,0.6,personal_vote
premier_presidential,small_system,16,15,0.6666666666666666,personal_vote
premier_presidential,small_system,17,15,0.7333333333333333,personal_vote
premier_presidential,small_system,18,15,0.6,personal_vote
premier_presidential,small_system,19,15,0.6666666666666666,personal_vote
premier_presidential,small_system,20,15,0.5333333333333333,personal_vote
premier_presidential,small_system,21,15,0.6666666666666666,personal_vote
premier_presidential,small_system,22,15,0.8,personal_vote
premier_presidential,small_system,23,15,0.7333333333333333,personal_vote
premier_presidential,small_system,24,15,0.4,personal_vote
premier_presidential,small_system,25,15,0.7333333333333333,personal_vote
premier_presidential,small_system,26,15,0.7333333333333333,personal_vote
premier_presidential,small_system,27,15,0.6666666666666666,personal_vote
premier_presidential,small_system,28,15,0.5333333333333333,personal_vote
premier_presidential,small_system,29,15,0.6666666666666666,personal_vote
premier_presidential,small_system,30,15,0.6,personal_vote
premier_presidential,small_system,31,15,0.6666666666666666,personal_vote
premier_presidential,small_system,32,15,0.6666666666666666,personal_vote
premier_presidential,small_system,33,15,0.6666666666666666,personal_vote
premier_presidential,small_system,34,15,0.8,personal_vote
premier_presidential,small_system,35,15,0.7333333333333333,personal_vote
premier_presidential,small_system,36,15,0.6,personal_vote
premier_presidential,small_system,37,15,0.7333333333333333,personal_vote
premier_presidential,small_system,38,15,0.7333333333333333,personal_vote
premier_presidential,small_system,39,15,0.6,personal_vote
premier_presidential,small_system,40,15,0.8666666666666667,personal_vote
premier_presidential,small_system,41,15,0.6666666666666666,personal_vote
premier_presidential,small_system,42,15,0.9333333333333333,personal_vote
premier_presidential,small_system,43,15,0.8,personal_vote
premier_presidential,small_system,44,15,0.8,personal_vote
premier_presidential,small_system,45,15,0.8,personal_vote
premier_presidential,small_system,46,15,0.8,personal_vote
premier_presidential,small_system,47,15,0.8,personal_vote
premier_presidential,small_system,48,15,0.9333333333333333,personal_vote
premier_presidential,small_system,49,15,0.8666666666666667,personal_vote
premier_presidential,small_system,50,15,0.8666666666666667,personal_vote
premier_presidential,small_system,51,15,0.8,personal_vote
premier_presidential,small_system,52,15,0.8666666666666667,personal_vote
premier_presidential,small_system,53,15,0.8,personal_vote
premier_presidential,small_system,54,15,0.8666666666666667,personal_vote
premier_presidential,small_system,55,15,0.7333333333333333,personal_vote
premier_presidential,small_system,56,15,0.8666666666666667,personal_vote
premier_presidential,small_system,57,15,0.7333333333333333,personal_vote
premier_presidential,small_system,58,15,0.6666666666666666,personal_vote
premier_presidential,small_system,59,15,0.7333333333333333,personal_vote
premier_presidential,small_system,60,15,0.6,personal_vote
premier_presidential,small_system,61,15,0.7333333333333333,personal_vote
premier_presidential,small_system,62,15,0.8666666666666667,personal_vote
premier_presidential,small_system,63,15,0.7333333333333333,personal_vote
premier_presidential,small_system,64,15,0.8666666666666667,personal_vote
premier_presidential,small_system,65,15,0.7333333333333333,personal_vote
premier_presidential,small_system,66,15,0.8,personal_vote
premier_presidential,small_system,67,15,0.7333333333333333,personal_vote
premier_presidential,small_system,68,15,0.8666666666666667,personal_vote
premier_presidential,small_system,69,15,0.7333333333333333,personal_vote
premier_presidential,small_system,70,15,0.8666666666666667,personal_vote
premier_presidential,small_system,71,15,0.6666666666666666,personal_vote
premier_presidential,small_system,72,15,0.9333333333333333,personal_vote
premier_presidential,small_system,73,15,0.6,personal_vote
premier_presidential,small_system,74,15,0.6666666666666666,personal_vote
premier_presidential,small_system,75,15,0.6666666666666666,personal_vote
premier_presidential,small_system,76,15,0.7333333333333333,personal_vote
premier_presidential,small_system,77,15,0.6666666666666666,personal_vote
premier_presidential,small_system,78,15,0.8,personal_vote
premier_presidential,small_system,79,15,0.8,personal_vote
premier_presidential,small_system,80,15,0.8,personal_vote
premier_presidential,small_system,81,15,0.9333333333333333,personal_vote
premier_presidential,small_system,82,15,0.7333333333333333,personal_vote
premier_presidential,small_system,83,15,0.6,personal_vote
premier_presidential,small_system,84,15,0.7333333333333333,personal_vote
premier_presidential,small_system,85,15,0.8,personal_vote
premier_presidential,small_system,86,15,0.8,personal_vote
premier_presidential,small_system,87,15,0.4666666666666667,personal_vote
premier_presidential,small_system,88,15,0.8666666666666667,personal_vote
premier_presidential,small_system,89,15,0.8666666666666667,personal_vote
premier_presidential,small_system,90,15,0.6666666666666666,personal_vote
premier_presidential,small_system,91,15,0.6,personal_vote
premier_presidential,small_system,92,15,0.6666666666666666,personal_vote
premier_presidential,small_system,93,15,0.6666666666666666,personal_vote
premier_presidential,small_system,94,15,0.9333333333333333,personal_vote
premier_presidential,small_system,95,15,0.6,personal_vote
premier_presidential,small_system,96,15,0.7333333333333333,personal_vote
premier_presidential,small_system,97,15,0.8,personal_vote
premier_presidential,small_system,98,15,0.7333333333333333,personal_vote
premier_presidential,small_system,99,15,0.8666666666666667,personal_vote
premier_presidential,small_system,100,15,0.9333333333333333,personal_vote
premier_presidential,small_system,101,15,0.8,personal_vote
premier_presidential,small_system,102,15,0.8,personal_vote
premier_presidential,small_system,103,15,0.6,personal_vote
premier_presidential,small_system,104,15,0.8666666666666667,personal_vote
premier_presidential,small_system,105,15,0.7333333333333333,personal_vote
premier_presidential,small_system,106,15,0.6666666666666666,personal_vote
premier_presidential,small_system,107,15,0.6,personal_vote
premier_presidential,small_system,108,15,0.8,personal_vote
premier_presidential,small_system,109,15,0.5333333333333333,personal_vote
premier_presidential,small_system,110,15,0.6666666666666666,personal_vote
premier_presidential,small_system,111,15,0.8666666666666667,personal_vote
premier_presidential,small_system,112,15,0.8666666666666667,personal_vote
premier_presidential,small_system,113,15,0.8666666666666667,personal_vote
premier_presidential,small_system,114,15,0.7333333333333333,personal_vote
premier_presidential,small_system,115,15,0.8,personal_vote
premier_presidential,small_system,116,15,0.9333333333333333,personal_vote
premier_presidential,small_system,117,15,0.6,personal_vote
premier_presidential,small_system,118,15,0.8,personal_vote
premier_presidential,small_system,119,15,0.7333333333333333,personal_vote
premier_presidential,small_system,120,15,0.7333333333333333,personal_vote
premier_presidential,small_system,121,15,0.7333333333333333,personal_vote
premier_presidential,small_system,122,15,0.7333333333333333,personal_vote
premier_presidential,small_system,123,15,1.0,personal_vote
premier_presidential,small_system,124,15,0.7333333333333333,personal_vote
premier_presidential,small_system,125,15,0.9333333333333333,personal_vote
premier_presidential,small_system,126,15,0.7333333333333333,personal_vote
premier_presidential,small_system,127,15,0.5333333333333333,personal_vote
premier_presidential,small_system,128,15,0.8,personal_vote
premier_presidential,small_system,129,15,0.7333333333333333,personal_vote
premier_presidential,small_system,130,15,0.8666666666666667,personal_vote
premier_presidential,small_system,131,15,0.9333333333333333,personal_vote
premier_presidential,small_system,132,15,0.7333333333333333,personal_vote
premier_presidential,small_system,133,15,0.8,personal_vote
premier_presidential,small_system,134,15,0.5333333333333333,personal_vote
premier_presidential,small_system,135,15,0.6,personal_vote
premier_presidential,small_system,136,15,0.7333333333333333,personal_vote
premier_presidential,small_system,137,15,0.8,personal_vote
premier_presidential,small_system,138,15,0.8666666666666667,personal_vote
premier_presidential,small_system,139,15,0.7333333333333333,personal_vote
premier_presidential,small_system,140,15,0.5333333333333333,personal_vote
premier_presidential,small_system,141,15,0.5333333333333333,personal_vote
premier_presidential,small_system,142,15,0.6666666666666666,personal_vote
premier_presidential,small_system,143,15,0.6666666666666666,personal_vote
premier_presidential,small_system,144,15,0.8,personal_vote
premier_presidential,small_system,145,15,0.6666666666666666,personal_vote
premier_presidential,small_system,146,15,0.8,personal_vote
premier_presidential,small_system,147,15,0.6,personal_vote
premier_presidential,small_system,148,15,0.7333333333333333,personal_vote
premier_presidential,small_system,149,15,0.9333333333333333,personal_vote
premier_presidential,small_system,150,15,0.8666666666666667,personal_vote
premier_presidential,small_system,151,15,0.6,personal_vote
premier_presidential,small_system,152,15,0.7333333333333333,personal_vote
premier_presidential,small_system,153,15,0.8666666666666667,personal_vote
premier_presidential,small_system,154,15,0.7333333333333333,personal_vote
premier_presidential,small_system,155,15,0.6666666666666666,personal_vote
premier_presidential,small_system,156,15,0.6666666666666666,personal_vote
premier_presidential,small_system,157,15,0.8666666666666667,personal_vote
premier_presidential,small_system,158,15,0.6,personal_vote
premier_presidential,small_system,159,15,0.6,personal_vote
premier_presidential,small_system,160,15,0.7333333333333333,personal_vote
premier_presidential,small_system,161,15,0.6666666666666666,personal_vote
premier_presidential,small_system,162,15,0.8,personal_vote
premier_presidential,small_system,163,15,0.8,personal_vote
premier_presidential,small_system,164,15,0.6666666666666666,personal_vote
premier_presidential,small_system,165,15,0.7333333333333333,personal_vote
premier_presidential,small_system,166,15,0.8,personal_vote
premier_presidential,small_system,167,15,0.6666666666666666,personal_vote
premier_presidential,small_system,168,15,0.6666666666666666,personal_vote
premier_presidential,small_system,169,15,0.9333333333333333,personal_vote
premier_presidential,small_system,170,15,0.8,personal_vote
premier_presidential,small_system,171,15,0.7333333333333333,personal_vote
premier_presidential,small_system,172,15,0.8666666666666667,personal_vote
premier_presidential,small_system,173,15,0.6666666666666666,personal_vote
premier_presidential,small_system,174,15,0.6,personal_vote
premier_presidential,small_system,175,15,0.8,personal_vote
premier_presidential,small_system,176,15,0.8,personal_vote
premier_presidential,small_system,177,15,0.5333333333333333,personal_vote
premier_presidential,small_system,178,15,0.7333333333333333,personal_vote
premier_presidential,small_system,179,15,0.6,personal_vote
premier_presidential,small_system,180,15,0.8,personal_vote
premier_presidential,small_system,181,15,0.8,personal_vote
premier_presidential,small_system,182,15,0.4666666666666667,personal_vote
premier_presidential,small_system,183,15,0.7333333333333333,personal_vote
premier_presidential,small_system,184,15,0.6666666666666666,personal_vote
premier_presidential,small_system,185,15,0.6666666666666666,personal_vote
premier_presidential,small_system,186,15,1.0,personal_vote
premier_presidential,small_system,187,15,0.6,personal_vote
premier_presidential,small_system,188,15,0.6666666666666666,personal_vote
premier_presidential,small_system,189,15,0.6666666666666666,personal_vote
premier_presidential,small_system,190,15,0.9333333333333333,personal_vote
premier_presidential,small_system,191,15,0.6666666666666666,personal_vote
premier_presidential,small_system,192,15,0.9333333333333333,personal_vote
premier_presidential,small_system,193,15,0.6,personal_vote
premier_presidential,small_system,194,15,0.8,personal_vote
premier_presidential,small_system,195,15,0.6,personal_vote
premier_presidential,small_system,196,15,0.7333333333333333,personal_vote
premier_presidential,small_system,197,15,0.6,personal_vote
premier_presidential,small_system,198,15,0.4666666666666667,personal_vote
premier_presidential,small_system,199,15,0.8666666666666667,personal_vote
president_parliamentary,small_system,0,15,0.8666666666666667,cohesive_obstruction
president_parliamentary,small_system,1,15,0.8666666666666667,cohesive_obstruction
president_parliamentary,small_system,2,15,0.6666666666666666,cohesive_obstruction
president_parliamentary,small_system,3,15,0.8666666666666667,cohesive_obstruction
president_parliamentary,small_system,4,15,0.8,cohesive_obstruction
president_parliamentary,small_system,5,15,0.8,cohesive_obstruction
president_parliamentary,small_system,6,15,0.6666666666666666,cohesive_obstruction
president_parliamentary,small_system,7,15,0.7333333333333333,cohesive_obstruction
president_parliamentary,small_system,8,15,0.7333333333333333,cohesive_obstruction
president_parliamentary,small_system,9,15,0.6666666666666666,cohesive_obstruction
president_parliamentary,small_system,10,15,0.7333333333333333,cohesive_obstruction
president_parliamentary,small_system,11,15,0.8,cohesive_obstruction
president_parliamentary,small_system,12,15,0.6,cohesive_obstruction
president_parliamentary,small_system,13,15,0.8,cohesive_obstruction
president_parliamentary,small_system,14,15,0.7333333333333333,cohesive_obstruction
president_parliamentary,small_system,15,15,0.8,cohesive_obstruction
president_parliamentary,small_system,16,15,0.8,cohesive_obstruction
president_parliamentary,small_system,17,15,0.7333333333333333,cohesive_obstruction
president_parliamentary,small_system,18,15,0.7333333333333333,cohesive_obstruction
president_parliamentary,small_system,19,15,0.7333333333333333,cohesive_obstruction
president_parliamentary,small_system,20,15,0.8666666666666667,cohesive_obstruction
president_parliamentary,small_system,21,15,0.6666666666666666,cohesive_obstruction
president_parliamentary,small_system,22,15,0.5333333333333333,cohesive_obstruction
president_parliamentary,small_system,23,15,0.7333333333333333,cohesive_obstruction
president_parliamentary,small_system,24,15,0.4,cohesive_obstruction
president_parliamentary,small_system,25,15,0.8666666666666667,cohesive_obstruction
president_parliamentary,small_system,26,15,0.7333333333333333,cohesive_obstruction
president_parliamentary,small_system,27,15,0.6666666666666666,cohesive_obstruction
president_parliamentary,small_system,28,15,0.7333333333333333,cohesive_obstruction
president_parliamentary,small_system,29,15,0.7333333333333333,cohesive_obstruction
president_parliamentary,small_system,30,15,0.5333333333333333,cohesive_obstruction
president_parliamentary,small_system,31,15,0.6666666666666666,cohesive_obstruction
president_parliamentary,small_system,32,15,0.6666666666666666,cohesive_obstruction
president_parliamentary,small_system,33,15,0.7333333333333333,cohesive_obstruction
president_parliamentary,small_system,34,15,0.9333333333333333,cohesive_obstruction
president_parliamentary,small_system,35,15,0.7333333333333333,cohesive_obstruction
president_parliamentary,small_system,36,15,0.6,cohesive_obstruction
president_parliamentary,small_system,37,15,0.7333333333333333,cohesive_obstruction
president_parliamentary,small_system,38,15,0.7333333333333333,cohesive_obstruction
president_parliamentary,small_system,39,15,0.7333333333333333,cohesive_obstruction
president_parliamentary,small_system,40,15,0.8666666666666667,cohesive_obstruction
president_parliamentary,small_system,41,15,0.6666666666666666,cohesive_obstruction
president_parliamentary,small_system,42,15,0.7333333333333333,cohesive_obstruction
president_parliamentary,small_system,43,15,0.6,cohesive_obstruction
president_parliamentary,small_system,44,15,0.6,cohesive_obstruction
president_parliamentary,small_system,45,15,0.7333333333333333,cohesive_obstruction
president_parliamentary,small_system,46,15,0.8,cohesive_obstruction
president_parliamentary,small_system,47,15,0.9333333333333333,cohesive_obstruction
president_parliamentary,small_system,48,15,0.8,cohesive_obstruction
president_parliamentary,small_system,49,15,0.8,cohesive_obstruction
president_parliamentary,small_system,50,15,0.8666666666666667,cohesive_obstruction
president_parliamentary,small_system,51,15,0.8,cohesive_obstruction
president_parliamentary,small_system,52,15,0.7333333333333333,cohesive_obstruction
president_parliamentary,small_system,53,15,0.8666666666666667,cohesive_obstruction
president_parliamentary,small_system,54,15,0.6666666666666666,cohesive_obstruction
president_parliamentary,small_system,55,15,0.7333333333333333,cohesive_obstruction
president_parliamentary,small_system,56,15,0.8,cohesive_obstruction
president_parliamentary,small_system,57,15,0.7333333333333333,cohesive_obstruction
president_parliamentary,small_system,58,15,0.6666666666666666,cohesive_obstruction
president_parliamentary,small_system,59,15,0.8,cohesive_obstruction
president_parliamentary,small_system,60,15,0.6,cohesive_obstruction
president_parliamentary,small_system,61,15,0.4666666666666667,cohesive_obstruction
president_parliamentary,small_system,62,15,0.7333333333333333,cohesive_obstruction
president_parliamentary,small_system,63,15,0.7333333333333333,cohesive_obstruction
president_parliamentary,small_system,64,15,0.8666666666666667,cohesive_obstruction
president_parliamentary,small_system,65,15,0.6,cohesive_obstruction
president_parliamentary,small_system,66,15,0.7333333333333333,cohesive_obstruction
president_parliamentary,small_system,67,15,0.7333333333333333,cohesive_obstruction
president_parliamentary,small_system,68,15,0.8666666666666667,cohesive_obstruction
president_parliamentary,small_system,69,15,0.4666666666666667,cohesive_obstruction
president_parliamentary,small_system,70,15,0.8666666666666667,cohesive_obstruction
president_parliamentary,small_system,71,15,0.8,cohesive_obstruction
president_parliamentary,small_system,72,15,0.8666666666666667,cohesive_obstruction
president_parliamentary,small_system,73,15,0.6666666666666666,cohesive_obstruction
president_parliamentary,small_system,74,15,0.7333333333333333,cohesive_obstruction
president_parliamentary,small_system,75,15,0.6666666666666666,cohesive_obstruction
president_parliamentary,small_system,76,15,0.8666666666666667,cohesive_obstruction
president_parliamentary,small_system,77,15,0.6666666666666666,cohesive_obstruction
president_parliamentary,small_system,78,15,0.8,cohesive_obstruction
president_parliamentary,small_system,79,15,0.8,cohesive_obstruction
president_parliamentary,small_system,80,15,0.7333333333333333,cohesive_obstruction
president_parliamentary,small_system,81,15,0.7333333333333333,cohesive_obstruction
president_parliamentary,small_system,82,15,0.7333333333333333,cohesive_obstruction
president_parliamentary,small_system,83,15,0.8666666666666667,cohesive_obstruction
president_parliamentary,small_system,84,15,0.7333333333333333,cohesive_obstruction
president_parliamentary,small_system,85,15,0.7333333333333333,cohesive_obstruction
president_parliamentary,small_system,86,15,0.7333333333333333,cohesive_obstruction
president_parliamentary,small_system,87,15,0.6666666666666666,cohesive_obstruction
president_parliamentary,small_system,88,15,0.7333333333333333,cohesive_obstruction
president_parliamentary,small_system,89,15,0.8666666666666667,cohesive_obstruction
president_parliamentary,small_system,90,15,0.8666666666666667,cohesive_obstruction
president_parliamentary,small_system,91,15,0.6,cohesive_obstruction
president_parliamentary,small_system,92,15,0.6666666666666666,cohesive_obstruction
president_parliamentary,small_system,93,15,0.8,cohesive_obstruction
president_parliamentary,small_system,94,15,0.8,cohesive_obstruction
president_parliamentary,small_system,95,15,0.6666666666666666,cohesive_obstruction
president_parliamentary,small_system,96,15,0.7333333333333333,cohesive_obstruction
president_parliamentary,small_system,97,15,0.6666666666666666,cohesive_obstruction
president_parliamentary,small_system,98,15,1.0,cohesive_obstruction
president_parliamentary,small_system,99,15,0.6666666666666666,cohesive_obstruction
president_parliamentary,small_system,100,15,0.8666666666666667,cohesive_obstruction
president_parliamentary,small_system,101,15,0.7333333333333333,cohesive_obstruction
president_parliamentary,small_system,102,15,0.8,cohesive_obstruction
president_parliamentary,small_system,103,15,0.8666666666666667,cohesive_obstruction
president_parliamentary,small_system,104,15,0.7333333333333333,cohesive_obstruction
president_parliamentary,small_system,105,15,0.6666666666666666,cohesive_obstruction
president_parliamentary,small_system,106,15,0.8666666666666667,cohesive_obstruction
president_parliamentary,small_system,107,15,0.4,cohesive_obstruction
president_parliamentary,small_system,108,15,0.6,cohesive_obstruction
president_parliamentary,small_system,109,15,0.5333333333333333,cohesive_obstruction
president_parliamentary,small_system,110,15,0.6,cohesive_obstruction
president_parliamentary,small_system,111,15,0.8,cohesive_obstruction
president_parliamentary,small_system,112,15,0.8666666666666667,cohesive_obstruction
president_parliamentary,small_system,113,15,0.6,cohesive_obstruction
president_parliamentary,small_system,114,15,0.6,cohesive_obstruction
president_parliamentary,small_system,115,15,0.8,cohesive_obstruction
president_parliamentary,small_system,116,15,0.9333333333333333,cohesive_obstruction
president_parliamentary,small_system,117,15,0.6,cohesive_obstruction
president_parliamentary,small_system,118,15,0.8666666666666667,cohesive_obstruction
president_parliamentary,small_system,119,15,0.7333333333333333,cohesive_obstruction
president_parliamentary,small_system,120,15,0.7333333333333333,cohesive_obstruction
president_parliamentary,small_system,121,15,0.8666666666666667,cohesive_obstruction
president_parliamentary,small_system,122,15,0.8666666666666667,cohesive_obstruction
president_parliamentary,small_system,123,15,0.7333333333333333,cohesive_obstruction
president_parliamentary,small_system,124,15,0.7333333333333333,cohesive_obstruction
president_parliamentary,small_system,125,15,0.6,cohesive_obstruction
president_parliamentary,small_system,126,15,0.7333333333333333,cohesive_obstruction
president_parliamentary,small_system,127,15,0.5333333333333333,cohesive_obstruction
president_parliamentary,small_system,128,15,0.9333333333333333,cohesive_obstruction
president_parliamentary,small_system,129,15,0.9333333333333333,cohesive_obstruction
president_parliamentary,small_system,130,15,0.9333333333333333,cohesive_obstruction
president_parliamentary,small_system,131,15,0.7333333333333333,cohesive_obstruction
president_parliamentary,small_system,132,15,0.8,cohesive_obstruction
president_parliamentary,small_system,133,15,0.6666666666666666,cohesive_obstruction
president_parliamentary,small_system,134,15,0.8,cohesive_obstruction
president_parliamentary,small_system,135,15,0.4666666666666667,cohesive_obstruction
president_parliamentary,small_system,136,15,0.8,cohesive_obstruction
president_parliamentary,small_system,137,15,0.7333333333333333,cohesive_obstruction
president_parliamentary,small_system,138,15,0.8,cohesive_obstruction
president_parliamentary,small_system,139,15,0.7333333333333333,cohesive_obstruction
president_parliamentary,small_system,140,15,0.4666666666666667,cohesive_obstruction
president_parliamentary,small_system,141,15,0.5333333333333333,cohesive_obstruction
president_parliamentary,small_system,142,15,0.6666666666666666,cohesive_obstruction
president_parliamentary,small_system,143,15,0.8,cohesive_obstruction
president_parliamentary,small_system,144,15,0.7333333333333333,cohesive_obstruction
president_parliamentary,small_system,145,15,0.6,cohesive_obstruction
president_parliamentary,small_system,146,15,0.8,cohesive_obstruction
president_parliamentary,small_system,147,15,0.6,cohesive_obstruction
president_parliamentary,small_system,148,15,0.6666666666666666,cohesive_obstruction
president_parliamentary,small_system,149,15,0.6666666666666666,cohesive_obstruction
president_parliamentary,small_system,150,15,0.8666666666666667,cohesive_obstruction
president_parliamentary,small_system,151,15,0.6,cohesive_obstruction
president_parliamentary,small_system,152,15,0.8666666666666667,cohesive_obstruction
president_parliamentary,small_system,153,15,0.6666666666666666,cohesive_obstruction
president_parliamentary,small_system,154,15,0.7333333333333333,cohesive_obstruction
president_parliamentary,small_system,155,15,0.6666666666666666,cohesive_obstruction
president_parliamentary,small_system,156,15,0.6,cohesive_obstruction
president_parliamentary,small_system,157,15,0.8,cohesive_obstruction
president_parliamentary,small_system,158,15,0.6,cohesive_obstruction
president_parliamentary,small_system,159,15,0.6666666666666666,cohesive_obstruction
president_parliamentary,small_system,160,15,0.6666666666666666,cohesive_obstruction
president_parliamentary,small_system,161,15,0.8,cohesive_obstruction
president_parliamentary,small_system,162,15,0.5333333333333333,cohesive_obstruction
president_parliamentary,small_system,163,15,0.7333333333333333,cohesive_obstruction
president_parliamentary,small_system,164,15,0.6666666666666666,cohesive_obstruction
president_parliamentary,small_system,165,15,0.8,cohesive_obstruction
president_parliamentary,small_system,166,15,0.8,cohesive_obstruction
president_parliamentary,small_system,167,15,0.7333333333333333,cohesive_obstruction
president_parliamentary,small_system,168,15,0.9333333333333333,cohesive_obstruction
president_parliamentary,small_system,169,15,0.9333333333333333,cohesive_obstruction
president_parliamentary,small_system,170,15,0.6666666666666666,cohesive_obstruction
president_parliamentary,small_system,171,15,0.8666666666666667,cohesive_obstruction
president_parliamentary,small_system,172,15,0.8,cohesive_obstruction
president_parliamentary,small_system,173,15,0.6666666666666666,cohesive_obstruction
president_parliamentary,small_system,174,15,0.8666666666666667,cohesive_obstruction
president_parliamentary,small_system,175,15,0.8,cohesive_obstruction
president_parliamentary,small_system,176,15,0.8666666666666667,cohesive_obstruction
president_parliamentary,small_system,177,15,0.8,cohesive_obstruction
president_parliamentary,small_system,178,15,0.8,cohesive_obstruction
president_parliamentary,small_system,179,15,0.6,cohesive_obstruction
president_parliamentary,small_system,180,15,0.7333333333333333,cohesive_obstruction
president_parliamentary,small_system,181,15,0.8,cohesive_obstruction
president_parliamentary,small_system,182,15,0.4666666666666667,cohesive_obstruction
president_parliamentary,small_system,183,15,0.6666666666666666,cohesive_obstruction
president_parliamentary,small_system,184,15,0.6,cohesive_obstruction
president_parliamentary,small_system,185,15,0.6666666666666666,cohesive_obstruction
president_parliamentary,small_system,186,15,0.6666666666666666,cohesive_obstruction
president_parliamentary,small_system,187,15,0.5333333333333333,cohesive_obstruction
president_parliamentary,small_system,188,15,0.7333333333333333,cohesive_obstruction
president_parliamentary,small_system,189,15,0.7333333333333333,cohesive_obstruction
president_parliamentary,small_system,190,15,0.9333333333333333,cohesive_obstruction
president_parliamentary,small_system,191,15,0.6666666666666666,cohesive_obstruction
president_parliamentary,small_system,192,15,0.7333333333333333,cohesive_obstruction
president_parliamentary,small_system,193,15,0.8,cohesive_obstruction
president_parliamentary,small_system,194,15,0.8,cohesive_obstruction
president_parliamentary,small_system,195,15,0.6666666666666666,cohesive_obstruction
president_parliamentary,small_system,196,15,0.7333333333333333,cohesive_obstruction
president_parliamentary,small_system,197,15,0.6,cohesive_obstruction
president_parliamentary,small_system,198,15,0.8,cohesive_obstruction
president_parliamentary,small_system,199,15,0.7333333333333333,cohesive_obstruction
president_parliamentary,small_system,0,15,0.8666666666666667,personal_vote
president_parliamentary,small_system,1,15,0.8666666666666667,personal_vote
president_parliamentary,small_system,2,15,0.6666666666666666,personal_vote
president_parliamentary,small_system,3,15,0.8666666666666667,personal_vote
president_parliamentary,small_system,4,15,0.8,personal_vote
president_parliamentary,small_system,5,15,0.8,personal_vote
president_parliamentary,small_system,6,15,0.6666666666666666,personal_vote
president_parliamentary,small_system,7,15,0.7333333333333333,personal_vote
president_parliamentary,small_system,8,15,0.7333333333333333,personal_vote
president_parliamentary,small_system,9,15,0.6666666666666666,personal_vote
president_parliamentary,small_system,10,15,0.7333333333333333,personal_vote
president_parliamentary,small_system,11,15,0.8,personal_vote
president_parliamentary,small_system,12,15,0.6,personal_vote
president_parliamentary,small_system,13,15,0.8,personal_vote
president_parliamentary,small_system,14,15,0.7333333333333333,personal_vote
president_parliamentary,small_system,15,15,0.8,personal_vote
president_parliamentary,small_system,16,15,0.8,personal_vote
president_parliamentary,small_system,17,15,0.7333333333333333,personal_vote
president_parliamentary,small_system,18,15,0.7333333333333333,personal_vote
president_parliamentary,small_system,19,15,0.7333333333333333,personal_vote
president_parliamentary,small_system,20,15,0.8666666666666667,personal_vote
president_parliamentary,small_system,21,15,0.6666666666666666,personal_vote
president_parliamentary,small_system,22,15,0.5333333333333333,personal_vote
president_parliamentary,small_system,23,15,0.7333333333333333,personal_vote
president_parliamentary,small_system,24,15,0.4,personal_vote
president_parliamentary,small_system,25,15,0.8666666666666667,personal_vote
president_parliamentary,small_system,26,15,0.7333333333333333,personal_vote
president_parliamentary,small_system,27,15,0.6666666666666666,personal_vote
president_parliamentary,small_system,28,15,0.7333333333333333,personal_vote
president_parliamentary,small_system,29,15,0.7333333333333333,personal_vote
president_parliamentary,small_system,30,15,0.5333333333333333,personal_vote
president_parliamentary,small_system,31,15,0.6666666666666666,personal_vote
president_parliamentary,small_system,32,15,0.6666666666666666,personal_vote
president_parliamentary,small_system,33,15,0.7333333333333333,personal_vote
president_parliamentary,small_system,34,15,0.9333333333333333,personal_vote
president_parliamentary,small_system,35,15,0.7333333333333333,personal_vote
president_parliamentary,small_system,36,15,0.6,personal_vote
president_parliamentary,small_system,37,15,0.7333333333333333,personal_vote
president_parliamentary,small_system,38,15,0.7333333333333333,personal_vote
president_parliamentary,small_system,39,15,0.7333333333333333,personal_vote
president_parliamentary,small_system,40,15,0.8666666666666667,personal_vote
president_parliamentary,small_system,41,15,0.6666666666666666,personal_vote
president_parliamentary,small_system,42,15,0.7333333333333333,personal_vote
president_parliamentary,small_system,43,15,0.6,personal_vote
president_parliamentary,small_system,44,15,0.6,personal_vote
president_parliamentary,small_system,45,15,0.7333333333333333,personal_vote
president_parliamentary,small_system,46,15,0.8,personal_vote
president_parliamentary,small_system,47,15,0.9333333333333333,personal_vote
president_parliamentary,small_system,48,15,0.8,personal_vote
president_parliamentary,small_system,49,15,0.8,personal_vote
president_parliamentary,small_system,50,15,0.8666666666666667,personal_vote
president_parliamentary,small_system,51,15,0.8,personal_vote
president_parliamentary,small_system,52,15,0.7333333333333333,personal_vote
president_parliamentary,small_system,53,15,0.8666666666666667,personal_vote
president_parliamentary,small_system,54,15,0.6666666666666666,personal_vote
president_parliamentary,small_system,55,15,0.7333333333333333,personal_vote
president_parliamentary,small_system,56,15,0.8,personal_vote
president_parliamentary,small_system,57,15,0.7333333333333333,personal_vote
president_parliamentary,small_system,58,15,0.6666666666666666,personal_vote
president_parliamentary,small_system,59,15,0.8,personal_vote
president_parliamentary,small_system,60,15,0.6,personal_vote
president_parliamentary,small_system,61,15,0.4666666666666667,personal_vote
president_parliamentary,small_system,62,15,0.7333333333333333,personal_vote
president_parliamentary,small_system,63,15,0.7333333333333333,personal_vote
president_parliamentary,small_system,64,15,0.8666666666666667,personal_vote
president_parliamentary,small_system,65,15,0.6,personal_vote
president_parliamentary,small_system,66,15,0.7333333333333333,personal_vote
president_parliamentary,small_system,67,15,0.7333333333333333,personal_vote
president_parliamentary,small_system,68,15,0.8666666666666667,personal_vote
president_parliamentary,small_system,69,15,0.4666666666666667,personal_vote
president_parliamentary,small_system,70,15,0.8666666666666667,personal_vote
president_parliamentary,small_system,71,15,0.8,personal_vote
president_parliamentary,small_system,72,15,0.8666666666666667,personal_vote
president_parliamentary,small_system,73,15,0.6666666666666666,personal_vote
president_parliamentary,small_system,74,15,0.7333333333333333,personal_vote
president_parliamentary,small_system,75,15,0.6666666666666666,personal_vote
president_parliamentary,small_system,76,15,0.8666666666666667,personal_vote
president_parliamentary,small_system,77,15,0.6666666666666666,personal_vote
president_parliamentary,small_system,78,15,0.8,personal_vote
president_parliamentary,small_system,79,15,0.8,personal_vote
president_parliamentary,small_system,80,15,0.7333333333333333,personal_vote
president_parliamentary,small_system,81,15,0.7333333333333333,personal_vote
president_parliamentary,small_system,82,15,0.7333333333333333,personal_vote
president_parliamentary,small_system,83,15,0.8666666666666667,personal_vote
president_parliamentary,small_system,84,15,0.7333333333333333,personal_vote
president_parliamentary,small_system,85,15,0.7333333333333333,personal_vote
president_parliamentary,small_system,86,15,0.7333333333333333,personal_vote
president_parliamentary,small_system,87,15,0.6666666666666666,personal_vote
president_parliamentary,small_system,88,15,0.7333333333333333,personal_vote
president_parliamentary,small_system,89,15,0.8666666666666667,personal_vote
president_parliamentary,small_system,90,15,0.8666666666666667,personal_vote
president_parliamentary,small_system,91,15,0.6,personal_vote
president_parliamentary,small_system,92,15,0.6666666666666666,personal_vote
president_parliamentary,small_system,93,15,0.8,personal_vote
president_parliamentary,small_system,94,15,0.8,personal_vote
president_parliamentary,small_system,95,15,0.6666666666666666,personal_vote
president_parliamentary,small_system,96,15,0.7333333333333333,personal_vote
president_parliamentary,small_system,97,15,0.6666666666666666,personal_vote
president_parliamentary,small_system,98,15,1.0,personal_vote
president_parliamentary,small_system,99,15,0.6666666666666666,personal_vote
president_parliamentary,small_system,100,15,0.8666666666666667,personal_vote
president_parliamentary,small_system,101,15,0.7333333333333333,personal_vote
president_parliamentary,small_system,102,15,0.8,personal_vote
president_parliamentary,small_system,103,15,0.8666666666666667,personal_vote
president_parliamentary,small_system,104,15,0.7333333333333333,personal_vote
president_parliamentary,small_system,105,15,0.6666666666666666,personal_vote
president_parliamentary,small_system,106,15,0.8666666666666667,personal_vote
president_parliamentary,small_system,107,15,0.4,personal_vote
president_parliamentary,small_system,108,15,0.6,personal_vote
president_parliamentary,small_system,109,15,0.5333333333333333,personal_vote
president_parliamentary,small_system,110,15,0.6,personal_vote
president_parliamentary,small_system,111,15,0.8,personal_vote
president_parliamentary,small_system,112,15,0.8666666666666667,personal_vote
president_parliamentary,small_system,113,15,0.6,personal_vote
president_parliamentary,small_system,114,15,0.6,personal_vote
president_parliamentary,small_system,115,15,0.8,personal_vote
president_parliamentary,small_system,116,15,0.9333333333333333,personal_vote
president_parliamentary,small_system,117,15,0.6,personal_vote
president_parliamentary,small_system,118,15,0.8666666666666667,personal_vote
president_parliamentary,small_system,119,15,0.7333333333333333,personal_vote
president_parliamentary,small_system,120,15,0.7333333333333333,personal_vote
president_parliamentary,small_system,121,15,0.8666666666666667,personal_vote
president_parliamentary,small_system,122,15,0.8666666666666667,personal_vote
president_parliamentary,small_system,123,15,0.7333333333333333,personal_vote
president_parliamentary,small_system,124,15,0.7333333333333333,personal_vote
president_parliamentary,small_system,125,15,0.6,personal_vote
president_parliamentary,small_system,126,15,0.7333333333333333,personal_vote
president_parliamentary,small_system,127,15,0.5333333333333333,personal_vote
president_parliamentary,small_system,128,15,0.9333333333333333,personal_vote
president_parliamentary,small_system,129,15,0.9333333333333333,personal_vote
president_parliamentary,small_system,130,15,0.9333333333333333,personal_vote
president_parliamentary,small_system,131,15,0.7333333333333333,personal_vote
president_parliamentary,small_system,132,15,0.8,personal_vote
president_parliamentary,small_system,133,15,0.6666666666666666,personal_vote
president_parliamentary,small_system,134,15,0.8,personal_vote
president_parliamentary,small_system,135,15,0.4666666666666667,personal_vote
president_parliamentary,small_system,136,15,0.8,personal_vote
president_parliamentary,small_system,137,15,0.7333333333333333,personal_vote
president_parliamentary,small_system,138,15,0.8,personal_vote
president_parliamentary,small_system,139,15,0.7333333333333333,personal_vote
president_parliamentary,small_system,140,15,0.4666666666666667,personal_vote
president_parliamentary,small_system,141,15,0.5333333333333333,personal_vote
president_parliamentary,small_system,142,15,0.6666666666666666,personal_vote
president_parliamentary,small_system,143,15,0.8,personal_vote
president_parliamentary,small_system,144,15,0.7333333333333333,personal_vote
president_parliamentary,small_system,145,15,0.6,personal_vote
president_parliamentary,small_system,146,15,0.8,personal_vote
president_parliamentary,small_system,147,15,0.6,personal_vote
president_parliamentary,small_system,148,15,0.6666666666666666,personal_vote
president_parliamentary,small_system,149,15,0.6666666666666666,personal_vote
president_parliamentary,small_system,150,15,0.8666666666666667,personal_vote
president_parliamentary,small_system,151,15,0.6,personal_vote
president_parliamentary,small_system,152,15,0.8666666666666667,personal_vote
president_parliamentary,small_system,153,15,0.6666666666666666,personal_vote
president_parliamentary,small_system,154,15,0.7333333333333333,personal_vote
president_parliamentary,small_system,155,15,0.6666666666666666,personal_vote
president_parliamentary,small_system,156,15,0.6,personal_vote
president_parliamentary,small_system,157,15,0.8,personal_vote
president_parliamentary,small_system,158,15,0.6,personal_vote
president_parliamentary,small_system,159,15,0.6666666666666666,personal_vote
president_parliamentary,small_system,160,15,0.6666666666666666,personal_vote
president_parliamentary,small_system,161,15,0.8,personal_vote
president_parliamentary,small_system,162,15,0.5333333333333333,personal_vote
president_parliamentary,small_system,163,15,0.7333333333333333,personal_vote
president_parliamentary,small_system,164,15,0.6666666666666666,personal_vote
president_parliamentary,small_system,165,15,0.8,personal_vote
president_parliamentary,small_system,166,15,0.8,personal_vote
president_parliamentary,small_system,167,15,0.7333333333333333,personal_vote
president_parliamentary,small_system,168,15,0.9333333333333333,personal_vote
president_parliamentary,small_system,169,15,0.9333333333333333,personal_vote
president_parliamentary,small_system,170,15,0.6666666666666666,personal_vote
president_parliamentary,small_system,171,15,0.8666666666666667,personal_vote
president_parliamentary,small_system,172,15,0.8,personal_vote
president_parliamentary,small_system,173,15,0.6666666666666666,personal_vote
president_parliamentary,small_system,174,15,0.8666666666666667,personal_vote
president_parliamentary,small_system,175,15,0.8,personal_vote
president_parliamentary,small_system,176,15,0.8666666666666667,personal_vote
president_parliamentary,small_system,177,15,0.8,personal_vote
president_parliamentary,small_system,178,15,0.8,personal_vote
president_parliamentary,small_system,179,15,0.6,personal_vote
president_parliamentary,small_system,180,15,0.7333333333333333,personal_vote
president_parliamentary,small_system,181,15,0.8,personal_vote
president_parliamentary,small_system,182,15,0.4666666666666667,personal_vote
president_parliamentary,small_system,183,15,0.6666666666666666,personal_vote
president_parliamentary,small_system,184,15,0.6,personal_vote
president_parliamentary,small_system,185,15,0.6666666666666666,personal_vote
president_parliamentary,small_system,186,15,0.6666666666666666,personal_vote
president_parliamentary,small_system,187,15,0.5333333333333333,personal_vote
president_parliamentary,small_system,188,15,0.7333333333333333,personal_vote
president_parliamentary,small_system,189,15,0.7333333333333333,personal_vote
president_parliamentary,small_system,190,15,0.9333333333333333,personal_vote
president_parliamentary,small_system,191,15,0.6666666666666666,personal_vote
president_parliamentary,small_system,192,15,0.7333333333333333,personal_vote
president_parliamentary,small_system,193,15,0.8,personal_vote
president_parliamentary,small_system,194,15,0.8,personal_vote
president_parliamentary,small_system,195,15,0.6666666666666666,personal_vote
president_parliamentary,small_system,196,15,0.7333333333333333,personal_vote
president_parliamentary,small_system,197,15,0.6,personal_vote
president_parliamentary,small_system,198,15,0.8,personal_vote
president_parliamentary,small_system,199,15,0.7333333333333333,personal_vote
